,channel_name,title,publish_date,duration_seconds,duration_bucket,title_category,is_sponsored,sponsor_category,days_live,view_count,like_count,comment_count,view_velocity,engagement_rate,vix_close,gspc_close,market_regime,urgency_keywords,regime_shift_id,fear_sequence
0,Andrei Jikh,Money Printing Is Coming Back,2026-06-24 21:30:09+05:30,94,micro,other,False,organic,87,24917,769,18,286.4022988505747,0.031584861740980054,18.6299991607666,7358.22021484375,Normal,Standard,1,
1,Andrei Jikh,The Iran Deal Just Broke The Global Economy,2026-06-24 21:31:47+05:30,1613,long,other,False,organic,87,1101877,44421,4018,12665.252873563219,0.04396044204570928,18.6299991607666,7358.22021484375,Normal,Standard,1,
2,Andrei Jikh,The Petro Dollar Is A Real Thing,2026-06-25 05:30:31+05:30,79,micro,other,False,organic,86,307927,7139,481,3580.546511627907,0.024746124893237683,18.889999389648438,7357.490234375,Normal,Standard,1,
3,Andrei Jikh,The Dollar Is America’s Secret Weapon,2026-06-26 00:35:46+05:30,156,micro,opportunity,False,organic,85,60871,2581,161,716.1294117647059,0.04504608105666081,18.40999984741211,7354.02001953125,Normal,Standard,1,
4,Andrei Jikh,The Federal Reserve Is Running Out Of Options,2026-06-26 21:30:10+05:30,96,micro,undefined,False,organic,85,152756,3752,167,1797.129411764706,0.02565529340909686,18.40999984741211,7354.02001953125,Normal,Standard,1,
5,Andrei Jikh,Why Gold And Bitcoin Could Diverge From Stocks,2026-06-28 21:30:11+05:30,19,micro,other,False,organic,83,75295,1105,33,907.1686746987951,0.015113885384155654,18.40999984741211,7354.02001953125,Normal,Standard,1,
6,Andrei Jikh,The Proxy Strategy That Built Empires,2026-06-30 05:44:37+05:30,109,micro,undefined,False,organic,81,57489,2265,136,709.7407407407408,0.041764511471759816,16.450000762939453,7499.35986328125,Normal,Standard,1,
7,Andrei Jikh,China Just Shut Down Gold Trading,2026-06-30 21:30:25+05:30,1532,long,other,False,organic,81,2297792,53743,5119,28367.802469135804,0.025616766008411552,16.450000762939453,7499.35986328125,Normal,Standard,1,
8,Andrei Jikh,How Gold Prices Are Manipulated,2026-07-02 04:05:12+05:30,139,micro,other,False,organic,79,23675,966,49,299.6835443037975,0.04287222808870116,16.149999618530273,7483.240234375,Normal,Standard,1,
9,Andrei Jikh,China Is Buying A Lot of Gold,2026-07-02 21:30:06+05:30,109,micro,other,False,organic,79,61787,1838,81,782.1139240506329,0.0310583132374124,16.149999618530273,7483.240234375,Normal,Standard,1,
10,Andrei Jikh,China Just Made a Massive Gold Move,2026-07-03 21:30:14+05:30,126,micro,opportunity,False,organic,78,73862,1859,57,946.9487179487179,0.025940266984376268,16.149999618530273,7483.240234375,Normal,Standard,1,
11,Andrei Jikh,China Just Shut Down Gold Trading,2026-07-04 21:30:03+05:30,96,micro,other,False,organic,77,64363,1752,61,835.8831168831168,0.0281683575967559,16.149999618530273,7483.240234375,Normal,Standard,1,
12,Andrei Jikh,China Just Made Gold Harder to Buy,2026-07-05 21:30:27+05:30,62,micro,other,False,organic,76,25939,627,21,341.30263157894734,0.0249816878060064,16.149999618530273,7483.240234375,Normal,Standard,1,
13,Andrei Jikh,Central Banks Are Dumping US Treasuries,2026-07-06 21:30:24+05:30,130,micro,other,False,organic,75,55634,1840,89,741.7866666666666,0.03467304166516878,15.569999694824219,7537.43017578125,Normal,Standard,1,
14,Andrei Jikh,How The U.S. Uses Israel,2026-07-07 21:30:25+05:30,92,micro,undefined,False,organic,74,221148,10461,643,2988.4864864864867,0.05021071861377901,16.1299991607666,7503.85009765625,Normal,Standard,1,
15,Andrei Jikh,China Is About To Pop The AI Bubble,2026-07-08 04:35:52+05:30,1847,long,fear,False,organic,73,2168380,61876,6184,29703.835616438355,0.03138748743301451,16.899999618530273,7482.7099609375,Normal,Standard,1,
16,Andrei Jikh,The Biggest Power Shift In Modern History,2026-07-08 21:30:25+05:30,45,micro,undefined,False,organic,73,117810,2578,120,1613.835616438356,0.022901281724811137,16.899999618530273,7482.7099609375,Normal,Standard,1,
17,Andrei Jikh,China's AI Is Beating The U.S.,2026-07-11 00:30:18+05:30,59,micro,other,False,organic,70,65388,1746,184,934.1142857142858,0.029516119165596134,15.029999732971191,7575.39013671875,Normal,Standard,1,
18,Andrei Jikh,Has Big Tech Run Out of Ideas?,2026-07-11 21:30:37+05:30,42,micro,undefined,False,organic,70,90459,2062,151,1292.2714285714285,0.024464121867365327,15.029999732971191,7575.39013671875,Normal,Standard,1,
19,Andrei Jikh,China Just Solved AI’s Biggest Problem,2026-07-12 21:30:33+05:30,95,micro,other,False,organic,69,351248,9969,482,5090.550724637681,0.029753906072063043,15.029999732971191,7575.39013671875,Normal,Standard,1,
20,Andrei Jikh,The AI Business Model Has One Huge Problem,2026-07-13 21:30:16+05:30,72,micro,opportunity,False,organic,68,42563,1361,60,625.9264705882352,0.033385804572046145,17.15999984741211,7515.33984375,Normal,Standard,1,
21,Andrei Jikh,AI Numbers Nobody Will Show You,2026-07-14 21:30:22+05:30,87,micro,other,False,organic,67,128853,3522,128,1923.1791044776119,0.028326853080642284,16.5,7543.58984375,Normal,Standard,1,
22,Andrei Jikh,AI Profit Problem Nobody Wants to Talk About,2026-07-15 21:30:27+05:30,76,micro,other,False,organic,66,79645,1786,60,1206.7424242424242,0.02317785171699416,15.670000076293945,7572.39990234375,Normal,Standard,1,
23,Andrei Jikh,"China Is Preparing For $38,000 Gold",2026-07-16 01:30:19+05:30,1824,long,other,False,organic,65,1661044,42277,4361,25554.523076923077,0.028077522329330227,16.729999542236328,7533.77001953125,Normal,Standard,1,
24,Andrei Jikh,This Investment Strategy Beat Warren Buffet,2026-07-16 21:30:02+05:30,94,micro,evergreen,False,organic,65,173455,5427,124,2668.5384615384614,0.03200253668098354,16.729999542236328,7533.77001953125,Normal,Standard,1,
25,Andrei Jikh,The Impossible Economic Choice Facing America,2026-07-17 21:30:32+05:30,124,micro,undefined,False,organic,64,127219,4805,213,1987.796875,0.03944379377294272,18.770000457763672,7457.68994140625,Normal,Standard,1,
26,Andrei Jikh,Governments Are Buying So Much Gold,2026-07-18 21:30:07+05:30,130,micro,other,False,organic,63,199733,5877,271,3170.3650793650795,0.03078109275883304,18.770000457763672,7457.68994140625,Normal,Standard,1,
27,Andrei Jikh,Governments Are Hoarding Gold,2026-07-19 21:30:06+05:30,108,micro,other,False,organic,62,40922,1380,60,660.0322580645161,0.03518889594838962,18.770000457763672,7457.68994140625,Normal,Standard,1,
28,Andrei Jikh,South Korea’s AI Bubble Just Popped,2026-07-20 21:48:04+05:30,1510,long,fear,False,organic,61,2896302,72843,4330,47480.360655737706,0.026645356734207967,18.649999618530273,7443.27978515625,Normal,Standard,1,
29,Andrei Jikh,The Stock Market Is More Leveraged Than Ever,2026-07-22 21:30:20+05:30,106,micro,other,False,organic,59,46444,1358,77,787.1864406779661,0.030897424855740246,16.639999389648438,7498.9599609375,Normal,Standard,1,
30,Andrei Jikh,How the U.S. Triggered Korea’s Stock Market Crash,2026-07-22 21:30:21+05:30,69,micro,fear,False,organic,59,79906,1479,26,1354.3389830508474,0.018834630691061997,16.639999389648438,7498.9599609375,Normal,Standard,1,
31,Andrei Jikh,"Why Gold Could Go To $38,000",2026-07-23 21:30:35+05:30,50,micro,other,False,organic,58,82036,1537,65,1414.4137931034484,0.019528012092252182,18.700000762939453,7408.2998046875,Normal,Standard,1,
32,Andrei Jikh,China Keeps Buying Gold,2026-07-24 21:30:13+05:30,20,micro,other,False,organic,57,26217,500,21,459.94736842105266,0.019872601746958082,18.579999923706055,7411.97998046875,Normal,Standard,1,
33,Andrei Jikh,This Is What Made America A Superpower,2026-07-25 21:30:05+05:30,114,micro,undefined,False,organic,56,52687,1919,63,940.8392857142857,0.037618387837607,18.579999923706055,7411.97998046875,Normal,Standard,1,
34,Andrei Jikh,The Deal America Made With China,2026-07-26 21:30:17+05:30,58,micro,other,False,organic,55,94883,2632,125,1725.1454545454546,0.029056838422056638,18.579999923706055,7411.97998046875,Normal,Standard,1,
35,Andrei Jikh,The Hidden Chain Reaction That Crashes Markets,2026-07-27 21:30:12+05:30,85,micro,other,False,organic,54,72124,1966,20,1335.6296296296296,0.02753591037657368,18.670000076293945,7413.18017578125,Normal,Standard,1,
36,Andrei Jikh,This Made America A Superpower,2026-07-28 21:30:12+05:30,114,micro,undefined,False,organic,53,32831,1240,33,619.4528301886793,0.038774329140141936,18.209999084472656,7428.77978515625,Normal,Standard,1,
37,Andrei Jikh,Japan's Money Is Collapsing,2026-07-29 01:17:35+05:30,1782,long,other,False,organic,52,2088839,50676,3628,40169.980769230766,0.025997216635652628,20.65999984741211,7316.14990234375,Volatile,Standard,2,
38,Andrei Jikh,How South Korea’s Market Collapsed,2026-07-29 21:30:21+05:30,85,micro,other,False,organic,52,52203,1075,22,1003.9038461538462,0.0210141179625692,20.65999984741211,7316.14990234375,Volatile,Standard,2,
39,Andrei Jikh,China Is Destroying The US Stock Market,2026-07-30 04:22:00+05:30,39,micro,other,False,organic,51,382025,7620,675,7490.686274509804,0.021713238662391204,17.09000015258789,7437.6298828125,Normal,Standard,3,
40,Andrei Jikh,Every Major Stock Market Crash Started Here,2026-07-30 21:30:06+05:30,167,micro,fear,False,organic,51,538822,15363,510,10565.137254901962,0.02945870807056876,17.09000015258789,7437.6298828125,Normal,Standard,3,
41,Andrei Jikh,Japan Is Starting To Break,2026-08-02 21:30:28+05:30,49,micro,undefined,False,organic,48,184455,3828,205,3842.8125,0.02186441137404787,15.989999771118164,7489.72021484375,Normal,Standard,3,
42,Andrei Jikh,Japan’s Money Is Collapsing,2026-08-03 21:30:36+05:30,46,micro,other,False,organic,47,95820,1921,64,2038.723404255319,0.020715925694009603,15.859999656677246,7600.5,Normal,Standard,3,
43,Andrei Jikh,Japan Plays by Different Financial Rules,2026-08-04 21:30:39+05:30,38,micro,evergreen,False,organic,46,96443,1581,28,2096.586956521739,0.016683429590535342,16.5,7736.52001953125,Normal,Standard,3,
44,Andrei Jikh,Why Japan's Money Is Leaving America,2026-08-05 01:40:50+05:30,55,micro,other,False,organic,45,63431,1454,31,1409.5777777777778,0.023411265784868598,15.8100004196167,7723.5498046875,Normal,Standard,3,
45,Andrei Jikh,The U.S. Is Now Buying Yen,2026-08-06 02:46:11+05:30,1527,long,undefined,False,organic,44,997845,24793,2035,22678.295454545456,0.02688593919897379,15.149999618530273,7709.9599609375,Normal,Urgent,3,
46,Andrei Jikh,The AI Business Model Has One Huge Problem,2026-08-07 01:30:33+05:30,52,micro,opportunity,False,organic,43,53625,1177,50,1247.093023255814,0.02288111888111888,14.899999618530273,7757.64013671875,Normal,Standard,3,
47,Andrei Jikh,Corporate America Is Betting Big on AI,2026-08-07 03:30:24+05:30,54,micro,other,False,organic,43,38684,1073,35,899.6279069767442,0.0286423327473891,14.899999618530273,7757.64013671875,Normal,Standard,3,
48,Andrei Jikh,The Biggest Lie In AI,2026-08-07 06:30:16+05:30,39,micro,other,False,organic,43,98098,1801,69,2281.3488372093025,0.019062570082978247,14.899999618530273,7757.64013671875,Normal,Standard,3,
49,Andrei Jikh,The AI Boom Has an Expensive Problem,2026-08-07 23:30:33+05:30,54,micro,opportunity,False,organic,43,77055,1546,46,1791.9767441860465,0.020660567127376548,14.899999618530273,7757.64013671875,Normal,Standard,3,
50,Andrei Jikh,AI Has Two Massive Problems,2026-08-08 02:30:10+05:30,54,micro,opportunity,False,organic,42,128082,2991,126,3049.5714285714284,0.024335972267765963,14.899999618530273,7757.64013671875,Normal,Standard,3,
51,Andrei Jikh,China’s AI Strategy Is Working,2026-08-08 05:30:17+05:30,50,micro,other,False,organic,42,97701,2289,136,2326.214285714286,0.02482062619625183,14.899999618530273,7757.64013671875,Normal,Standard,3,
52,Andrei Jikh,The Market Is Already Pricing AI Like It’s Worth Trillions,2026-08-09 04:30:10+05:30,39,micro,other,False,organic,41,55684,1081,23,1358.1463414634147,0.01982616191365563,14.899999618530273,7757.64013671875,Normal,Standard,3,
53,Andrei Jikh,The AI Bubble’s Breaking Point,2026-08-09 06:30:10+05:30,53,micro,fear,False,organic,41,210939,3849,147,5144.8536585365855,0.018943865288069062,14.899999618530273,7757.64013671875,Normal,Standard,3,
54,Andrei Jikh,China Solved AI’s Cost Problem,2026-08-09 08:30:09+05:30,35,micro,evergreen,False,organic,41,59899,1272,107,1460.9512195121952,0.02302208718008648,14.899999618530273,7757.64013671875,Normal,Standard,3,
55,Andrei Jikh,Russia Just Legalized Crypto,2026-08-11 00:23:17+05:30,1295,long,other,False,organic,39,873012,20601,1310,22384.923076923078,0.02509816589004504,15.279999732971191,7728.2001953125,Normal,Standard,3,
56,Andrei Jikh,The Hidden Cost of America’s Debt,2026-08-12 02:20:21+05:30,57,micro,evergreen,False,organic,38,98790,2390,171,2599.7368421052633,0.025923676485474237,14.550000190734863,7748.5,Normal,Standard,3,
57,Andrei Jikh,Why The US Is Buying Yen,2026-08-12 05:00:38+05:30,56,micro,undefined,False,organic,38,38931,1021,56,1024.5,0.02766432919781151,14.550000190734863,7748.5,Normal,Standard,3,
58,Andrei Jikh,Why Russia Is Adopting Digital Currency,2026-08-15 00:30:27+05:30,54,micro,undefined,False,organic,35,70744,1354,53,2021.2571428571428,0.01988861246183422,14.25,7785.759765625,Normal,Standard,3,
59,Andrei Jikh,The Global Crypto Power Shift Has Begun,2026-08-15 03:30:17+05:30,54,micro,other,False,organic,35,198979,3110,80,5685.114285714286,0.016031842556249655,14.25,7785.759765625,Normal,Standard,3,
60,Andrei Jikh,Russia Is Building a New Kind of Money,2026-08-16 01:00:26+05:30,51,micro,other,False,organic,34,39400,910,35,1158.8235294117646,0.023984771573604062,14.25,7785.759765625,Normal,Standard,3,
61,Andrei Jikh,Russia Is Preparing for a Digital Economy,2026-08-16 03:30:38+05:30,54,micro,other,False,organic,34,47892,1005,27,1408.5882352941176,0.021548484089200702,14.25,7785.759765625,Normal,Standard,3,
62,Andrei Jikh,The U.S. Stock Market Is Being Held Up by 10 Companies,2026-08-18 23:30:29+05:30,53,micro,other,False,organic,32,193731,3780,137,6054.09375,0.020218756936164064,15.84000015258789,7691.759765625,Normal,Standard,3,
63,Andrei Jikh,Why Asian Markets Are Suddenly Falling,2026-08-19 01:30:04+05:30,57,micro,other,False,organic,31,192468,3350,63,6208.645161290323,0.017732817922979403,14.890000343322754,7707.97998046875,Normal,Standard,3,
64,Andrei Jikh,South Korea’s AI Bubble Just Popped,2026-08-19 05:30:26+05:30,56,micro,fear,False,organic,31,112131,1905,30,3617.1290322580644,0.01725660165342323,14.890000343322754,7707.97998046875,Normal,Standard,3,
65,Andrei Jikh,Here's What Pops This Stock Bubble,2026-08-20 04:43:14+05:30,1509,long,fear,False,organic,30,1171995,26825,1861,39066.5,0.024476213635723703,16.010000228881836,7641.16015625,Normal,Standard,3,
66,Andrei Jikh,The Rise and Fall of Every Superpower,2026-08-21 02:35:31+05:30,60,micro,undefined,False,organic,29,138361,2948,110,4771.068965517241,0.022101603775630415,15.130000114440918,7674.3701171875,Normal,Standard,3,
67,Andrei Jikh,China’s Dollar Dilemma,2026-08-21 05:30:28+05:30,57,micro,other,False,organic,29,192947,3242,98,6653.3448275862065,0.017310453129615905,15.130000114440918,7674.3701171875,Normal,Standard,3,
68,Andrei Jikh,Your Life Insurance May Be Funding the AL Boom,2026-08-23 23:30:36+05:30,60,micro,opportunity,False,organic,27,33599,944,14,1244.4074074074074,0.028512753355754636,15.130000114440918,7674.3701171875,Normal,Standard,3,
69,Andrei Jikh,Private Equity Wants Your Retirement Money,2026-08-24 21:30:19+05:30,59,micro,evergreen,False,organic,26,37790,890,18,1453.4615384615386,0.02402752050807092,15.850000381469727,7652.85986328125,Normal,Standard,3,
70,Andrei Jikh,AI Controls Your Retirement Savings,2026-08-25 21:30:15+05:30,54,micro,evergreen,False,organic,25,20650,551,19,826.0,0.027602905569007265,15.449999809265137,7677.27978515625,Normal,Standard,3,
71,Andrei Jikh,America Is Sacrificing The Dollar,2026-08-25 22:35:09+05:30,1839,long,other,False,organic,25,1663603,35854,3084,66544.12,0.023405824586755372,15.449999809265137,7677.27978515625,Normal,Standard,3,
72,Andrei Jikh,Countries Are Choosing Gold Over Dollars,2026-08-31 22:30:07+05:30,92,micro,other,False,organic,19,170657,4014,129,8981.947368421053,0.024276765676180877,14.920000076293945,7686.14013671875,Normal,Standard,3,
73,Andrei Jikh,Your Dollar Isn’t Worth What It Used to Be,2026-09-02 00:04:24+05:30,73,micro,other,False,organic,17,82285,2060,86,4840.294117647059,0.026080087500759554,15.199999809265137,7666.60009765625,Normal,Standard,3,
74,Andrei Jikh,Trump Will Cause The Next Financial Crisis,2026-09-02 23:30:21+05:30,1624,long,fear,False,organic,17,2499573,48678,6695,147033.70588235295,0.02215298372962102,15.199999809265137,7666.60009765625,Normal,Standard,3,
75,Andrei Jikh,Trump’s Economic Plan Needs Inflation,2026-09-10 04:04:25+05:30,55,micro,other,False,organic,9,41489,783,30,4609.888888888889,0.019595555448432115,17.84000015258789,7591.7001953125,Normal,Standard,3,
76,Andrei Jikh,The Data That Runs The Country Is Broken,2026-09-10 04:08:26+05:30,45,micro,undefined,False,organic,9,39826,806,46,4425.111111111111,0.021393059810174257,17.84000015258789,7591.7001953125,Normal,Standard,3,
77,Andrei Jikh,Why Groceries Still Feel Expensive,2026-09-10 04:12:58+05:30,51,micro,undefined,False,organic,9,34510,875,35,3834.4444444444443,0.02636916835699797,17.84000015258789,7591.7001953125,Normal,Standard,3,
78,Andrei Jikh,The Bond Market Is Out Of Control,2026-09-10 21:30:12+05:30,60,micro,other,False,organic,9,119999,1818,48,13333.222222222223,0.015550129584413203,17.84000015258789,7591.7001953125,Normal,Standard,3,
79,Andrei Jikh,Trump’s Tariff War Just Went Nuclear,2026-09-10 23:12:30+05:30,1729,long,undefined,False,organic,9,2089736,32886,3083,232192.88888888888,0.017212222022303297,17.84000015258789,7591.7001953125,Normal,Standard,3,
80,Andrei Jikh,Why Oil Prices Are Exploding,2026-09-10 23:30:07+05:30,64,micro,other,False,organic,9,111692,1743,45,12410.222222222223,0.016008308562833508,17.84000015258789,7591.7001953125,Normal,Standard,3,
81,Andrei Jikh,Your 401K Is Buying SpaceX (Whether You Like It Or Not),2026-09-11 01:30:25+05:30,57,micro,evergreen,False,organic,8,24314,632,31,3039.25,0.027268240519865098,15.84000015258789,7656.97998046875,Normal,Standard,3,
82,Andrei Jikh,Banks Are Powerful Because of Nasdaq-100,2026-09-11 21:30:07+05:30,53,micro,other,False,organic,8,19206,446,7,2400.75,0.02358637925648235,15.84000015258789,7656.97998046875,Normal,Standard,3,
83,Andrei Jikh,SpaceX Is Making You Buy Their Stocks In Secret,2026-09-11 23:30:34+05:30,37,micro,opportunity,False,organic,8,34616,529,29,4327.0,0.01611971342731685,15.84000015258789,7656.97998046875,Normal,Standard,3,
84,Andrei Jikh,The Stock Market Is Designed For Amazon Success,2026-09-12 01:30:13+05:30,49,micro,other,False,organic,7,32523,660,20,4646.142857142857,0.020908280293945824,15.84000015258789,7656.97998046875,Normal,Standard,3,
85,Andrei Jikh,Trump Tariffs Are Getting Worse,2026-09-14 21:35:36+05:30,48,micro,undefined,False,organic,5,36323,714,35,7264.6,0.020620543457313546,17.100000381469727,7619.97998046875,Normal,Standard,3,
86,Andrei Jikh,Interest Rates Lower With Tariffs?,2026-09-14 23:38:05+05:30,58,micro,other,False,organic,5,22613,450,12,4522.6,0.020430725688763102,17.100000381469727,7619.97998046875,Normal,Standard,3,
87,Andrei Jikh,Everything Leads To a Financial Repression,2026-09-15 01:31:05+05:30,57,micro,evergreen,False,organic,4,171409,3290,122,42852.25,0.019905605890005777,17.100000381469727,7619.97998046875,Normal,Standard,3,
88,Andrei Jikh,Trump Does NOT Control The US,2026-09-15 21:35:22+05:30,60,micro,undefined,False,organic,4,40912,814,21,10228.0,0.020409659757528353,17.100000381469727,7619.97998046875,Normal,Standard,3,
89,Andrei Jikh,Powerful Countries Are Leaving The Dollar,2026-09-15 23:28:40+05:30,52,micro,other,False,organic,4,30610,766,35,7652.5,0.026167918980725253,17.100000381469727,7619.97998046875,Normal,Standard,3,
90,Andrei Jikh,China Is Behind High Gas Prices,2026-09-16 01:30:38+05:30,64,micro,other,False,organic,3,208210,4935,419,69403.33333333333,0.02571442293837952,,,Normal,Standard,3,
91,Andrei Jikh,The U.S. Is Getting Betrayed (And It Plans To Fight Back),2026-09-16 21:30:10+05:30,53,micro,undefined,False,organic,3,85020,1367,83,28340.0,0.017054810632792284,,,Normal,Standard,3,
92,Andrei Jikh,Prepare For The Al Take Over,2026-09-16 23:33:57+05:30,1780,long,undefined,False,organic,3,663540,16275,1889,221180.0,0.02737438586972903,,,Normal,Standard,3,
93,Andrei Jikh,The AI Bubble Is Getting Bigger,2026-09-17 02:09:02+05:30,67,micro,fear,False,organic,2,91649,1431,33,45824.5,0.015973987713995788,,,Normal,Standard,3,
94,Andrei Jikh,"How AI Could ""End The World""",2026-09-17 21:30:29+05:30,58,micro,other,False,organic,2,16482,349,30,8241.0,0.022994782186627837,,,Normal,Standard,3,
95,Andrei Jikh,Could AI Destroy Humanity?,2026-09-17 23:46:24+05:30,61,micro,other,False,organic,2,8153,331,29,4076.5,0.044155525573408565,,,Normal,Standard,3,
96,Andrei Jikh,Americans Don't Have Savings Anymore,2026-09-18 01:48:35+05:30,48,micro,undefined,False,organic,1,82271,1347,79,82271.0,0.017332960581492873,,,Normal,Standard,3,
97,Andrei Jikh,How AI Made Millions of Dollars,2026-09-18 21:32:31+05:30,74,micro,opportunity,False,organic,1,14302,509,24,14302.0,0.03726751503286254,,,Normal,Standard,3,
98,Andrei Jikh,AI Is Hiring Humans Now,2026-09-18 23:49:13+05:30,61,micro,other,False,organic,1,7746,291,10,7746.0,0.038858765814614,,,Normal,Urgent,3,
99,Andrei Jikh,Is AI The New Nuclear Weapon?,2026-09-19 01:52:58+05:30,69,micro,other,False,organic,1,5763,256,15,5763.0,0.04702411938226618,,,Normal,Standard,3,
100,Ben Felix,US Elections vs. the Stock Market,2020-10-10 16:30:03+05:30,665,medium,other,False,organic,2170,87663,4322,493,40.39769585253456,0.05492625166832073,,,Normal,Standard,3,
101,Ben Felix,The Truth About Day Trading,2020-10-24 17:00:03+05:30,849,medium,evergreen,False,organic,2156,296218,10040,849,137.39239332096474,0.03676008885347953,,,Normal,Standard,3,
102,Ben Felix,The Pattern Behind Every Tech Investing Boom,2020-11-28 17:30:11+05:30,890,medium,opportunity,False,organic,2121,136918,5798,997,64.55351249410656,0.04962824464277889,,,Normal,Standard,3,
103,Ben Felix,Why Top Funds Today May Not Be Top Funds Tomorrow,2021-02-27 17:30:14+05:30,1106,medium,undefined,False,organic,2030,106269,5035,684,52.34926108374384,0.05381625873961362,,,Normal,Standard,3,
104,Ben Felix,The Endowment Model,2021-03-13 17:30:32+05:30,750,medium,undefined,False,organic,2016,68530,2830,230,33.99305555555556,0.0446519772362469,,,Normal,Standard,3,
105,Ben Felix,Five Factor Investing with ETFs,2021-03-27 16:30:24+05:30,921,medium,evergreen,False,organic,2002,349064,11559,910,174.35764235764236,0.03572124309582197,,,Normal,Standard,3,
106,Ben Felix,"If Index Funds Won, Why Do We Still Need Advisors?",2021-04-24 16:30:09+05:30,946,medium,evergreen,False,organic,1974,195150,9024,683,98.86018237082067,0.049741224698949524,,,Normal,Standard,3,
107,Ben Felix,How Much Money Is Actually Enough?,2021-08-28 16:30:17+05:30,967,medium,other,False,organic,1848,379662,17949,872,205.44480519480518,0.049573041284089535,,,Normal,Standard,3,
108,Ben Felix,Commission-Free Day Trading,2021-09-25 16:42:28+05:30,692,medium,undefined,False,organic,1820,53583,2757,219,29.44120879120879,0.0555400033592744,,,Normal,Standard,3,
109,Ben Felix,Will Climate Change Crash the Stock Market?,2021-10-09 16:30:11+05:30,791,medium,fear,False,organic,1806,48824,2250,263,27.034330011074196,0.051470588235294115,,,Normal,Standard,3,
110,Ben Felix,Renting vs Buying a Home: How to Decide,2021-11-02 16:30:23+05:30,880,medium,evergreen,False,organic,1782,358434,14588,1172,201.14141414141415,0.04396904311532946,,,Normal,Standard,3,
111,Ben Felix,"Stocks, Bonds, and War",2022-03-29 16:30:14+05:30,739,medium,other,False,organic,1635,91505,3779,174,55.96636085626911,0.043199825146166874,,,Normal,Standard,3,
112,Ben Felix,Why Economic Growth Doesn't Always Mean Higher Returns,2022-04-19 16:30:05+05:30,964,medium,undefined,False,organic,1614,184200,5066,221,114.1263940520446,0.028702497285559174,,,Normal,Standard,3,
113,Ben Felix,Why Thematic ETFs Usually Underperform the Market,2022-05-04 20:13:30+05:30,750,medium,other,False,organic,1599,129869,4706,309,81.21888680425266,0.038615835957772834,,,Normal,Standard,3,
114,Ben Felix,In Search of the Ultimate Inflation Hedge,2022-05-18 20:30:00+05:30,1002,medium,other,False,organic,1585,196584,6430,534,124.02776025236594,0.035425060025230944,,,Normal,Standard,3,
115,Ben Felix,The Relevance of Dividend Irrelevance,2022-06-09 21:36:40+05:30,666,medium,undefined,False,organic,1563,111718,3863,614,71.47664747280871,0.040074115182871156,,,Normal,Standard,3,
116,Ben Felix,"Are ""Good Companies"" Good Investments?",2022-06-22 21:15:01+05:30,601,medium,other,False,organic,1550,72927,3163,260,47.049677419354836,0.04693734830721132,,,Normal,Standard,3,
117,Ben Felix,Luxury Vehicles and Happiness,2022-07-13 20:30:31+05:30,282,short,undefined,False,organic,1529,122436,5061,568,80.0758665794637,0.04597504002090888,,,Normal,Standard,3,
118,Ben Felix,The Private Equity Pitch,2022-09-28 21:30:26+05:30,805,medium,undefined,False,organic,1452,85248,3170,139,58.710743801652896,0.03881615990990991,,,Normal,Standard,3,
119,Ben Felix,Investing in Your Financial Literacy,2022-10-18 21:30:03+05:30,628,medium,evergreen,False,organic,1432,97105,5140,221,67.81075418994413,0.05520827969723495,,,Normal,Standard,3,
120,Ben Felix,"The Index Fund ""Tipping Point""",2022-11-16 23:00:30+05:30,676,medium,evergreen,False,organic,1403,205320,6722,364,146.34354953670706,0.03451198129748685,,,Normal,Standard,3,
121,Ben Felix,The 2.7% Rule for Retirement Spending,2022-12-22 22:15:01+05:30,792,medium,evergreen,False,organic,1367,398038,8929,824,291.1762984637893,0.02450268567322718,,,Normal,Standard,3,
122,Ben Felix,International Diversification,2023-03-15 21:30:01+05:30,660,medium,undefined,False,organic,1284,216301,7080,565,168.45872274143304,0.0353442656298399,26.139999389648438,3891.929931640625,Volatile,Standard,4,
123,Ben Felix,Who Should NOT Invest in Total Market Index Funds?,2023-05-11 20:14:43+05:30,543,short,evergreen,False,organic,1227,253866,7237,323,206.8997555012225,0.029779489967148024,16.93000030517578,4130.6201171875,Normal,Standard,5,
124,Ben Felix,Covered Calls: The Income Illusion,2023-06-20 23:43:35+05:30,769,medium,undefined,False,organic,1187,150159,3799,591,126.50294860994103,0.02923567684920651,13.880000114440918,4388.7099609375,Normal,Standard,5,
125,Ben Felix,Are Structured Products Good Investments?,2023-08-04 01:41:51+05:30,452,short,undefined,False,organic,1142,59807,1709,185,52.37040280210157,0.03166853378367081,17.100000381469727,4478.02978515625,Normal,Standard,5,
126,Ben Felix,"Cash is a terrible long-term investment, even at 5% interest",2023-08-29 21:15:02+05:30,472,short,fear,False,organic,1117,324149,9026,664,290.19606087735,0.029893660014376103,14.449999809265137,4497.6298828125,Normal,Standard,5,
127,Ben Felix,"Dividends are not investment returns. They are not free money, and do not offer downside protection.",2023-10-06 21:19:31+05:30,78,micro,evergreen,False,organic,1079,51890,1758,430,48.09082483781279,0.042166120639814994,17.450000762939453,4308.5,Normal,Standard,5,
128,Ben Felix,Is economic growth good for investors?,2023-10-11 03:07:34+05:30,59,micro,undefined,False,organic,1074,31777,1523,26,29.58752327746741,0.04874594832740661,16.09000015258789,4376.9501953125,Normal,Standard,5,
129,Ben Felix,Don't get burned by hot investment themes,2023-10-12 00:05:23+05:30,60,micro,evergreen,False,organic,1073,31263,1128,33,29.13606710158434,0.037136551194703,16.690000534057617,4349.60986328125,Normal,Standard,5,
130,Ben Felix,Your feelings about future returns are not expected returns!,2023-10-13 01:42:37+05:30,59,micro,undefined,False,organic,1072,32615,1250,35,30.424440298507463,0.03939904951709336,19.31999969482422,4327.77978515625,Normal,Standard,5,
131,Ben Felix,Should portfolios change for retirement?,2023-10-14 03:35:14+05:30,52,micro,evergreen,False,organic,1071,98813,2570,138,92.26237161531279,0.02740530092194347,19.31999969482422,4327.77978515625,Normal,Standard,5,
132,Ben Felix,Is permanent life insurance a tax-free investment? [Canada],2023-10-15 02:53:10+05:30,60,micro,evergreen,False,organic,1070,54020,1256,34,50.48598130841121,0.023880044427989633,19.31999969482422,4327.77978515625,Normal,Standard,5,
133,Ben Felix,What does a recession mean for expected stock returns? [Canada],2023-11-02 23:27:57+05:30,53,micro,fear,False,organic,1052,104730,3167,64,99.5532319391635,0.03085075909481524,15.65999984741211,4317.77978515625,Normal,Standard,5,
134,Ben Felix,Is an 8% Safe Withdrawal Rate... Safe?,2023-11-15 00:21:29+05:30,175,micro,undefined,False,organic,1039,72599,3368,286,69.87391722810395,0.05033127178060304,14.180000305175781,4502.8798828125,Normal,Standard,5,
135,Ben Felix,Geometric vs. arithmetic returns,2023-11-16 00:24:59+05:30,56,micro,undefined,False,organic,1038,161527,4303,156,155.61368015414257,0.027605291994527232,14.319999694824219,4508.240234375,Normal,Standard,5,
136,Ben Felix,Why NOT Investing Is (Probably) Going To Cost You,2023-11-18 00:04:18+05:30,428,short,evergreen,False,organic,1036,82809,3922,199,79.93146718146718,0.04976512214855873,13.800000190734863,4514.02001953125,Normal,Standard,5,
137,Ben Felix,The Performance Gap,2023-11-18 17:30:12+05:30,212,short,undefined,False,organic,1036,59795,2757,159,57.71718146718147,0.04876661928254871,13.800000190734863,4514.02001953125,Normal,Standard,5,
138,Ben Felix,The Cost of Investment Hubris,2023-12-04 22:01:19+05:30,249,short,evergreen,False,organic,1020,90199,3935,289,88.43039215686275,0.0468297874699276,13.079999923706055,4569.77978515625,Normal,Standard,5,
139,Ben Felix,High Income Investments: A Warning,2023-12-05 21:07:24+05:30,241,short,fear,False,organic,1019,41474,1981,155,40.700686947988224,0.05150214592274678,12.850000381469727,4567.18017578125,Normal,Urgent,5,
140,Ben Felix,Dollar Cost Averaging vs. Lump Sum Investing,2023-12-07 19:53:59+05:30,313,short,evergreen,False,organic,1017,346065,10468,550,340.2802359882006,0.03183794951815411,13.0600004196167,4585.58984375,Normal,Standard,5,
141,Ben Felix,Why ESG Investing May Be Doing More Harm Than Good,2024-01-20 02:03:24+05:30,440,short,evergreen,False,organic,973,55051,2082,195,56.57862281603289,0.04136164647327024,13.300000190734863,4839.81005859375,Normal,Standard,5,
142,Ben Felix,The Problem with High Stock Valuations,2024-01-23 21:58:33+05:30,354,short,other,False,organic,970,123775,4451,291,127.60309278350516,0.03831145223187235,12.550000190734863,4864.60009765625,Normal,Standard,5,
143,Ben Felix,Why It Might Be Time To Rethink Lifecycle Asset Allocation,2024-02-09 04:34:00+05:30,536,short,undefined,False,organic,953,172690,5410,455,181.20671563483737,0.033962591927731774,12.930000305175781,5026.60986328125,Normal,Standard,5,
144,Ben Felix,Is Home Country Bias a Mistake?,2024-02-21 21:43:57+05:30,634,medium,evergreen,False,organic,941,112454,3239,320,119.5047821466525,0.031648496274032045,15.34000015258789,4981.7998046875,Normal,Standard,5,
145,Ben Felix,Do Stocks Return 10% on Average?,2024-03-29 01:51:44+05:30,523,short,other,False,organic,904,557189,12684,1134,616.3595132743363,0.024799484555509888,13.010000228881836,5254.35009765625,Normal,Standard,5,
146,Ben Felix,Canadian Bank Financial Advice is Worse Than People Realize,2024-04-03 02:46:14+05:30,326,short,evergreen,False,organic,899,122119,4402,305,135.83870967741936,0.038544370654853055,14.329999923706055,5211.490234375,Normal,Standard,5,
147,Ben Felix,CPP is More Valuable than Most People Realize,2024-04-04 02:55:16+05:30,458,short,undefined,False,organic,898,63551,2162,388,70.76948775055679,0.040125253733222135,16.350000381469727,5147.2099609375,Normal,Standard,5,
148,Ben Felix,Why Taking CPP Early Is (Usually) A Mistake,2024-04-11 00:13:58+05:30,652,medium,evergreen,False,organic,891,63077,1356,237,70.79349046015713,0.025254847250186282,14.90999984741211,5199.06005859375,Normal,Standard,5,
149,Ben Felix,The Most Important Lessons in Investing,2024-04-12 02:32:13+05:30,422,short,evergreen,False,organic,890,221709,9774,390,249.11123595505617,0.04584387643262114,17.309999465942383,5123.41015625,Normal,Standard,5,
150,Ben Felix,Budget 2024: Capital Gains Tax is Increasing [Canada],2024-04-20 01:42:27+05:30,490,short,evergreen,False,organic,882,85304,1405,352,96.71655328798185,0.02059692394260527,18.709999084472656,4967.22998046875,Normal,Standard,5,
151,Ben Felix,Will ARKK Recover?,2024-04-23 23:51:03+05:30,594,short,undefined,False,organic,879,96483,3165,310,109.76450511945393,0.036016707606521356,15.6899995803833,5070.5498046875,Normal,Standard,5,
152,Ben Felix,The Problem With Private Credit,2024-07-13 21:30:16+05:30,538,short,evergreen,False,organic,798,90023,2543,178,112.81077694235589,0.030225609011030514,12.460000038146973,5615.35009765625,Normal,Standard,5,
153,Ben Felix,Why Do Financial Advisors Still Exist?,2024-09-28 19:30:55+05:30,590,short,evergreen,False,organic,721,89210,2625,373,123.73092926490985,0.033606097971079475,16.959999084472656,5738.169921875,Normal,Standard,5,
154,Ben Felix,The Psychology of Home Ownership,2024-10-10 17:30:01+05:30,477,short,other,False,organic,709,168161,5368,1298,237.1805359661495,0.039640582536973494,20.93000030517578,5780.0498046875,Volatile,Standard,6,
155,Ben Felix,Why You Will (Probably) Lose Money Trading Options,2024-10-27 17:30:18+05:30,534,short,other,False,organic,692,257530,7888,999,372.1531791907515,0.03450860093969635,20.329999923706055,5808.1201171875,Volatile,Standard,6,
156,Ben Felix,Why Betting On “Winning” Industries Almost Never Works,2024-11-10 18:30:02+05:30,567,short,undefined,False,organic,678,187196,6193,440,276.10029498525074,0.03543344943268018,14.9399995803833,5995.5400390625,Normal,Standard,7,
157,Ben Felix,Republican Power and Stock Returns,2024-11-24 18:30:55+05:30,646,medium,other,False,organic,664,71184,3087,354,107.20481927710843,0.04833951449763992,15.239999771118164,5969.33984375,Normal,Standard,7,
158,Ben Felix,Why Canada Pension Plan Skeptics are Wrong,2024-12-08 18:30:14+05:30,660,medium,undefined,False,organic,650,66727,1951,379,102.65692307692308,0.03491839884904162,12.770000457763672,6090.27001953125,Normal,Standard,7,
159,Ben Felix,"""What About Warren Buffett?""",2024-12-22 18:30:03+05:30,735,medium,undefined,False,organic,636,253536,7943,596,398.64150943396226,0.03367963523917708,18.360000610351562,5930.85009765625,Normal,Standard,7,
160,Ben Felix,Choosing an Asset Allocation (How Much in Stocks vs. Bonds?),2025-02-02 18:31:02+05:30,786,medium,other,False,organic,594,279213,7479,539,470.05555555555554,0.028716427960016187,16.43000030517578,6040.52978515625,Normal,Standard,7,
161,Ben Felix,The Case for Index Funds,2025-02-16 18:30:34+05:30,972,medium,evergreen,False,organic,580,280728,8980,783,484.0137931034483,0.03477743580975179,14.770000457763672,6114.6298828125,Normal,Standard,7,
162,Ben Felix,Dimensional (DFA) vs. Vanguard,2025-03-02 18:30:25+05:30,968,medium,undefined,False,organic,566,317864,8244,805,561.5971731448764,0.028468149900586413,19.6299991607666,5954.5,Normal,Standard,7,
163,Ben Felix,"""Sequence of Returns Risk""",2025-03-16 17:30:37+05:30,934,medium,undefined,False,organic,552,271866,8008,875,492.5108695652174,0.0326741850764715,21.770000457763672,5638.93994140625,Volatile,Standard,8,
164,Ben Felix,The Most Controversial Paper in Finance,2025-03-30 17:30:01+05:30,1389,long,evergreen,False,organic,538,967398,21609,1828,1798.1375464684015,0.02422684355353226,21.649999618530273,5580.93994140625,Volatile,Standard,8,
165,Ben Felix,Market Crashes (2025 Edition),2025-04-13 17:30:59+05:30,626,medium,other,False,organic,524,188661,7513,898,360.04007633587787,0.04458261113849709,37.560001373291016,5363.35986328125,Volatile,Standard,8,
166,Ben Felix,The Problem With Index Funds,2025-04-27 17:31:16+05:30,1131,medium,evergreen,False,organic,510,352989,8456,673,692.135294117647,0.025861995699582706,24.84000015258789,5525.2099609375,Volatile,Standard,8,
167,Ben Felix,Renting vs. Buying a Home: What People Get Wrong,2025-05-11 17:31:13+05:30,1132,medium,other,False,organic,496,938497,28263,5723,1892.1310483870968,0.03621322177907867,21.899999618530273,5659.91015625,Volatile,Standard,8,
168,Ben Felix,The Most Controversial Topics in Personal Finance,2025-05-25 17:31:21+05:30,1249,long,evergreen,False,organic,482,518924,14442,1790,1076.6058091286307,0.03128011038225251,22.290000915527344,5802.81982421875,Volatile,Standard,8,
169,Ben Felix,The Risk of (Individual) Stocks,2025-06-08 17:30:50+05:30,1151,medium,other,False,organic,468,310241,8602,1645,662.9081196581196,0.033029161200486074,16.770000457763672,6000.35986328125,Normal,Standard,9,
170,Ben Felix,20 Years of Renting vs. Buying a Home in Canada (2005 to 2024),2025-06-22 17:31:34+05:30,1272,long,other,False,organic,454,262972,5856,1472,579.2334801762114,0.027866084602162968,20.6200008392334,5967.83984375,Volatile,Standard,10,
171,Ben Felix,I (almost) got scammed so you don't have to,2025-07-13 17:31:13+05:30,910,medium,undefined,False,organic,433,79277,3006,317,183.0877598152425,0.04191631873052714,16.399999618530273,6259.75,Normal,Standard,11,
172,Ben Felix,Comparing U.S. Equity ETFs: VTI vs. DFUS,2025-08-03 17:31:22+05:30,882,medium,undefined,False,organic,412,98425,2722,395,238.89563106796118,0.031668783337566675,20.3799991607666,6238.009765625,Volatile,Standard,12,
173,Ben Felix,The Most Important Quotes in Investing,2025-08-17 17:31:14+05:30,973,medium,evergreen,False,organic,398,144732,5847,374,363.64824120603015,0.04298289251858608,15.09000015258789,6449.7998046875,Normal,Standard,13,
174,Ben Felix,Canadian Bank Financial Advice,2025-08-31 17:30:41+05:30,771,medium,evergreen,False,organic,384,69290,2510,280,180.44270833333334,0.040265550584499925,15.359999656677246,6460.259765625,Normal,Standard,13,
175,Ben Felix,Covered Calls: A Devil's Bargain,2025-09-14 17:31:49+05:30,973,medium,undefined,False,organic,370,223997,6561,1669,605.3972972972973,0.03674156350308263,14.760000228881836,6584.2900390625,Normal,Standard,13,
176,Ben Felix,Was I Wrong About Covered Calls?,2025-10-05 17:31:43+05:30,960,medium,undefined,False,organic,349,110270,4383,1294,315.9598853868195,0.05148272422236329,16.649999618530273,6715.7900390625,Normal,Standard,13,
177,Ben Felix,Covered Calls: What People (Still) Get Wrong,2025-10-26 17:30:38+05:30,983,medium,undefined,False,organic,328,130490,5420,1293,397.8353658536585,0.05144455513832478,16.3700008392334,6791.68994140625,Normal,Standard,13,
178,Ben Felix,Investing 101,2025-11-09 18:30:06+05:30,1212,long,evergreen,False,organic,314,372864,12132,586,1187.4649681528663,0.034108951253003776,19.079999923706055,6728.7998046875,Normal,Standard,13,
179,Ben Felix,The Biggest Investing Myth,2025-11-15 02:30:53+05:30,30,micro,evergreen,False,organic,308,73571,2520,139,238.86688311688312,0.036141958108493834,19.829999923706055,6734.10986328125,Normal,Standard,13,
180,Ben Felix,"Stocks, Bonds, and “Risk”",2025-11-15 19:31:07+05:30,76,micro,other,False,organic,308,53443,1798,50,173.51623376623377,0.03457889714275022,19.829999923706055,6734.10986328125,Normal,Standard,13,
181,Ben Felix,The best introduction to personal finance I have ever read,2025-12-07 18:30:26+05:30,1329,long,evergreen,False,organic,286,203634,5644,322,712.006993006993,0.029297661490713733,15.40999984741211,6870.39990234375,Normal,Standard,13,
182,Ben Felix,"The ""AI Bubble""",2025-12-14 18:30:00+05:30,1077,medium,fear,False,organic,279,342794,10365,806,1228.652329749104,0.03258808497231574,15.739999771118164,6827.41015625,Normal,Standard,13,
183,Ben Felix,2025 Was Nut(s): A Canadian CIO's Review,2025-12-28 16:30:03+05:30,1122,medium,evergreen,False,organic,265,99778,4819,364,376.5207547169811,0.05194531860730822,13.600000381469727,6929.93994140625,Normal,Standard,13,
184,Ben Felix,The Rise of ETF Slop,2026-01-11 16:30:03+05:30,1131,medium,evergreen,False,organic,251,527724,12727,1162,2102.4860557768925,0.026318681735149434,14.489999771118164,6966.27978515625,Normal,Standard,13,
185,Ben Felix,The Problem with Equal Weight Index Funds,2026-01-25 16:30:00+05:30,931,medium,evergreen,False,organic,237,145492,4374,546,613.8902953586498,0.03381629230473153,16.09000015258789,6915.60986328125,Normal,Standard,13,
186,Ben Felix,The Biggest Mistakes in Personal Finance,2026-02-08 16:30:00+05:30,937,medium,evergreen,False,organic,223,435998,11369,779,1955.1479820627803,0.02786251313079418,20.3700008392334,6932.2998046875,Volatile,Standard,14,
187,Ben Felix,Renting vs. Buying a Home: The Reckoning,2026-02-22 16:00:00+05:30,880,medium,other,False,organic,209,230423,6777,1241,1102.5023923444976,0.034796873575988506,19.09000015258789,6909.509765625,Normal,Standard,15,
188,Ben Felix,The Problem with Private Markets,2026-03-08 15:30:00+05:30,1552,long,other,False,organic,195,236582,6928,625,1213.2410256410255,0.031925505744308524,29.489999771118164,6740.02001953125,Volatile,Standard,16,
189,Ben Felix,This Paper Could Change How You Invest,2026-03-22 15:30:00+05:30,1157,medium,undefined,False,organic,181,336976,9647,443,1861.745856353591,0.02994278524286596,26.780000686645508,6506.47998046875,Volatile,Standard,16,
190,Ben Felix,SpaceX and OpenAI: The Mega IPO Grift,2026-04-05 15:30:00+05:30,1124,medium,undefined,False,organic,167,361091,9312,1176,2162.2215568862275,0.029045309908028723,23.8700008392334,6582.68994140625,Volatile,Standard,16,
191,Ben Felix,Canada's New Evidence-Based ETFs,2026-04-26 15:30:00+05:30,1253,long,undefined,False,organic,146,218427,4654,542,1496.0753424657535,0.02378826793390927,18.709999084472656,7165.080078125,Normal,Standard,17,
192,Ben Felix,Using Your Money To Be Happier,2026-05-03 15:30:00+05:30,1282,long,other,False,organic,139,972263,28699,1293,6994.697841726619,0.030847620448376623,16.989999771118164,7230.1201171875,Normal,Standard,17,
193,Ben Felix,The Biggest Problem in Investing Right Now,2026-05-31 15:30:26+05:30,1311,long,evergreen,False,organic,111,239029,6408,624,2153.4144144144143,0.029419024469834205,15.319999694824219,7580.06005859375,Normal,Urgent,17,
194,Ben Felix,SpaceX IPO Situation is Crazy,2026-06-11 16:30:30+05:30,1211,long,undefined,False,organic,100,291046,7443,945,2910.46,0.028820186499728565,19.440000534057617,7394.2998046875,Normal,Standard,17,
195,Ben Felix,The Truth About Investing at All-Time Highs,2026-06-28 15:30:00+05:30,537,short,evergreen,False,organic,83,194192,5345,514,2339.6626506024095,0.030171170800032957,18.40999984741211,7354.02001953125,Normal,Standard,17,
196,Ben Felix,Renting vs. Buying a Home: The Case for Owning,2026-07-12 15:30:20+05:30,1551,long,other,False,organic,69,211033,5001,757,3058.449275362319,0.027284832230030375,15.029999732971191,7575.39013671875,Normal,Standard,17,
197,Ben Felix,The Biggest Myths in Personal Finance,2026-07-26 15:30:25+05:30,1249,long,evergreen,False,organic,55,603508,11865,1242,10972.872727272726,0.021718021964911814,18.579999923706055,7411.97998046875,Normal,Standard,17,
198,Ben Felix,When Compounding Works Against You,2026-08-16 15:30:17+05:30,898,medium,undefined,False,organic,34,189719,7874,499,5579.970588235294,0.044133692460955415,14.25,7785.759765625,Normal,Standard,17,
199,Ben Felix,Who You Marry Is a Financial Decision,2026-09-13 15:30:38+05:30,933,medium,evergreen,False,organic,6,301375,3813,321,50229.166666666664,0.013717129821650768,15.84000015258789,7656.97998046875,Normal,Standard,17,
200,Brian Jung,"If you're ambitious but lazy, please watch this video...",2023-08-15 00:30:05+05:30,767,medium,undefined,False,organic,1131,35037,1385,72,30.978779840848805,0.04158461055455661,16.459999084472656,4437.85986328125,Normal,Standard,17,
201,Brian Jung,The Platinum Card® from American Express MAJOR Updates | Still Worth It?,2023-08-19 18:30:34+05:30,591,short,evergreen,False,organic,1127,85298,1609,84,75.68589174800356,0.0198480620882084,17.299999237060547,4369.7099609375,Normal,Standard,17,
202,Brian Jung,"Beginner's Guide to Affiliate Marketing | $32,437 per Month Passively",2023-08-26 00:30:16+05:30,1762,long,evergreen,False,organic,1120,101400,3952,57,90.53571428571429,0.039536489151873765,15.680000305175781,4405.7099609375,Normal,Standard,17,
203,Brian Jung,Day In The Life of a 7 Figure Youtube Business | Meeting Our Intern,2023-08-28 05:03:33+05:30,977,medium,other,False,organic,1118,12127,499,82,10.847048300536672,0.047909623154943515,15.079999923706055,4433.31005859375,Normal,Standard,17,
204,Brian Jung,The TRUTH Behind Credit Card YouTubers,2023-09-04 00:15:14+05:30,608,medium,evergreen,False,organic,1111,23579,1165,170,21.223222322232225,0.056618177191568766,13.09000015258789,4515.77001953125,Normal,Standard,17,
205,Brian Jung,10 Life Lessons I Wish I Knew in My 20s (Millionaire Lessons),2023-09-08 00:30:06+05:30,1120,medium,evergreen,False,organic,1107,23842,1800,146,21.537488708220415,0.08162066940692896,13.84000015258789,4457.490234375,Normal,Standard,17,
206,Brian Jung,Teamwork Made Easy: Collaborate with Vibe Interactive Whiteboard,2023-09-09 00:30:13+05:30,57,micro,undefined,False,organic,1106,13397,355,4,12.113019891500905,0.02679704411435396,13.84000015258789,4457.490234375,Normal,Standard,17,
207,Brian Jung,BRAND NEW AMERICAN EXPRESS CREDIT CARD (FIRST LOOKS),2023-09-09 19:08:29+05:30,371,short,evergreen,False,organic,1106,55141,1244,54,49.85623869801085,0.023539652889864166,13.84000015258789,4457.490234375,Normal,Standard,17,
208,Brian Jung,Ultimate Guide to Retirement Accounts (Start Early),2023-09-12 03:41:10+05:30,1137,medium,evergreen,False,organic,1103,17773,812,37,16.11332728921124,0.04776908794238451,14.229999542236328,4461.89990234375,Normal,Standard,17,
209,Brian Jung,Reviewing Mexico's *BEST* All-Inclusive Resort (Impression Isla Mujeres),2023-09-13 22:59:07+05:30,897,medium,undefined,False,organic,1102,42889,818,42,38.91923774954628,0.020051761523933877,13.479999542236328,4467.43994140625,Normal,Standard,17,
210,Brian Jung,Best Way to Buy the New iPhone 15,2023-09-18 23:09:56+05:30,39,micro,undefined,False,organic,1097,35734,1016,7,32.5742935278031,0.02862819723512621,14.0,4453.52978515625,Normal,Standard,17,
211,Brian Jung,"If I Wanted To Become a Millionaire in 2025, This Is What I'd Do (My Blueprint)",2023-09-19 01:30:04+05:30,1058,medium,evergreen,False,organic,1096,26117,1328,72,23.829379562043794,0.05360493165371214,14.109999656677246,4443.9501953125,Normal,Standard,17,
212,Brian Jung,How To Start Print On Demand for Beginners,2023-09-26 02:00:07+05:30,1279,long,evergreen,False,organic,1089,16975,866,74,15.587695133149678,0.055375552282768775,18.940000534057617,4273.52978515625,Normal,Standard,17,
213,Brian Jung,"Top 5 Affiliate Marketing Programs ( +$1,235 a Day)",2023-09-30 02:00:03+05:30,1599,long,undefined,False,organic,1085,55714,2199,27,51.34930875576037,0.039954051046415626,17.520000457763672,4288.0498046875,Normal,Standard,17,
214,Brian Jung,Exploring the Vibe Interactive Whiteboard,2023-10-07 00:30:27+05:30,50,micro,undefined,False,organic,1078,29376,629,8,27.250463821892392,0.021684368191721135,17.450000762939453,4308.5,Normal,Standard,17,
215,Brian Jung,How The Crypto Bull Run Will Start in 2024. Get Ready TODAY.,2023-10-12 02:30:34+05:30,909,medium,opportunity,False,organic,1073,199960,6669,209,186.3560111835974,0.034396879375875176,16.690000534057617,4349.60986328125,Normal,Standard,17,
216,Brian Jung,Start Dropshipping with $0 in 2024 (Complete Beginner's Guide),2023-10-22 22:45:59+05:30,1150,medium,evergreen,False,organic,1063,1148553,37493,315,1080.4825964252116,0.032917941096318584,21.709999084472656,4224.16015625,Volatile,Standard,18,
217,Brian Jung,Top 5 Cryptos to Invest In (GET IN EARLY),2023-10-23 22:26:43+05:30,1112,medium,undefined,False,organic,1062,208684,5262,268,196.5009416195857,0.026499396216288742,20.3700008392334,4217.0400390625,Volatile,Standard,18,
218,Brian Jung,MAJOR CHANGES TO AMERICAN EXPRESS CARDS,2023-10-25 03:53:45+05:30,558,short,undefined,False,organic,1060,60364,1396,53,56.947169811320755,0.02400437346762971,20.190000534057617,4186.77001953125,Volatile,Standard,18,
219,Brian Jung,The Crypto Bull Run Just Started | DO THIS NOW.,2023-10-26 18:09:54+05:30,659,medium,opportunity,False,organic,1059,82256,3349,98,77.67327667610954,0.04190575763470142,20.68000030517578,4137.22998046875,Volatile,Urgent,18,
220,Brian Jung,You Only Need These 5 Credit Cards in Your Wallet ⌛,2023-10-28 00:29:12+05:30,1104,medium,evergreen,False,organic,1057,244642,6295,115,231.44938505203405,0.026201551655071494,21.270000457763672,4117.3701171875,Volatile,Standard,18,
221,Brian Jung,How to Climb the Credit Card Tiers in 2025 (Beginner's Guide),2023-10-30 23:16:42+05:30,2684,long,evergreen,False,organic,1055,905206,31460,257,858.0151658767772,0.03503843324061042,19.75,4166.81982421875,Normal,Standard,19,
222,Brian Jung,How to Start Affiliate Marketing For Beginners | $4700 per Day,2023-11-11 01:30:22+05:30,1681,long,evergreen,False,organic,1043,77758,3063,43,74.5522531160115,0.03994444301550966,14.170000076293945,4415.240234375,Normal,Standard,19,
223,Brian Jung,Growing my Crypto Portfolio to $1M (Episode 1),2023-11-14 01:30:29+05:30,531,short,evergreen,False,organic,1040,100882,3573,92,97.00192307692308,0.036329573164687455,14.15999984741211,4495.7001953125,Normal,Standard,19,
224,Brian Jung,How To INSTANTLY Increase Your Credit Score (Beginners Guide),2023-11-16 01:30:30+05:30,1038,medium,evergreen,False,organic,1038,145746,5074,97,140.41040462427745,0.03547953288597972,14.319999694824219,4508.240234375,Normal,Standard,19,
225,Brian Jung,The FIRST Home Equity Credit Card,2023-11-18 01:30:27+05:30,739,medium,evergreen,False,organic,1036,17645,520,22,17.03185328185328,0.030716916973646924,13.800000190734863,4514.02001953125,Normal,Standard,19,
226,Brian Jung,Unboxing My NEW Capital One Venture X | $20K Credit Limit [Unboxing + My Credit Card Setup],2023-11-21 01:30:13+05:30,620,medium,evergreen,False,organic,1033,33184,944,65,32.12391093901258,0.030406219864995178,13.350000381469727,4538.18994140625,Normal,Standard,19,
227,Brian Jung,How to Get the Amex Centurion Card (Black Card),2023-11-23 04:15:00+05:30,926,medium,evergreen,False,organic,1031,352570,5917,116,341.96896217264793,0.01711149558952832,12.850000381469727,4556.6201171875,Normal,Standard,19,
228,Brian Jung,Ultimate Beginners Guide To Dropshipping in 2024,2023-11-28 01:41:57+05:30,1579,long,evergreen,False,organic,1026,79336,3833,279,77.32553606237816,0.05183019058182918,12.6899995803833,4554.89013671875,Normal,Standard,19,
229,Brian Jung,How To Invest In Crypto Complete Beginner's Guide,2023-12-11 01:43:18+05:30,4861,long,evergreen,False,organic,1013,2794072,77732,3022,2758.2152023692006,0.02890190374478539,12.630000114440918,4622.43994140625,Normal,Standard,19,
230,Brian Jung,My Plan To Make Millions In Crypto in 2024 | 100X Altcoin Strategy For Beginners,2023-12-15 21:10:32+05:30,1840,long,opportunity,False,organic,1009,545323,18142,1089,540.4588701684836,0.035265338157385626,12.279999732971191,4719.18994140625,Normal,Standard,19,
231,Brian Jung,My Top 10 Cryptos That I'm Going All In On.,2024-01-25 04:36:37+05:30,2201,long,opportunity,False,organic,968,719029,23564,745,742.7985537190083,0.03380809397117501,13.449999809265137,4894.16015625,Normal,Standard,19,
232,Brian Jung,12 Cryptos That I'm Buying This Year,2024-01-31 20:53:16+05:30,1979,long,undefined,False,organic,962,283314,10058,701,294.5051975051975,0.037975532448096455,14.350000381469727,4845.64990234375,Normal,Standard,19,
233,Brian Jung,"10 Passive Income Ideas - How I Make $89,650 per Month",2024-02-08 04:35:28+05:30,1699,long,evergreen,False,organic,954,285750,10273,112,299.52830188679246,0.036342957130358705,12.789999961853027,4997.91015625,Normal,Standard,19,
234,Brian Jung,Ultimate Credit Card Hacking Guide For Beginners,2024-02-11 02:36:22+05:30,5441,long,evergreen,False,organic,951,1166592,46648,902,1226.7003154574134,0.04075975148123766,12.930000305175781,5026.60986328125,Normal,Standard,19,
235,Brian Jung,Ultimate Beginner's Guide to Investing in Stocks,2024-02-16 01:30:06+05:30,4219,long,evergreen,False,organic,946,2411330,86032,1971,2548.974630021142,0.03649562689470127,14.239999771118164,5005.56982421875,Normal,Standard,19,
236,Brian Jung,my top 10 crypto altcoins this bull run,2024-02-21 04:30:01+05:30,2459,long,opportunity,False,organic,941,1539139,46210,1341,1635.6418703506909,0.03089454558685083,15.34000015258789,4981.7998046875,Normal,Standard,19,
237,Brian Jung,7 Crypto Altcoins I'm Investing In,2024-03-09 04:08:51+05:30,3512,long,evergreen,False,organic,924,1778962,55463,1951,1925.2835497835497,0.032273876563973826,14.739999771118164,5123.68994140625,Normal,Standard,19,
238,Brian Jung,Top 5 Crypto Narratives To Invest in 2024,2024-03-26 09:44:47+05:30,3390,long,other,False,organic,907,945162,30033,2579,1042.0749724366042,0.03450413791498177,13.239999771118164,5203.580078125,Normal,Standard,19,
239,Brian Jung,my most bullish altcoins i'm investing in 2024,2024-04-07 06:22:35+05:30,2959,long,opportunity,False,organic,895,825854,26923,1490,922.7418994413408,0.0344043862474481,16.030000686645508,5204.33984375,Normal,Standard,19,
240,Brian Jung,few altcoins i'm buying during this market pull back,2024-05-07 07:00:15+05:30,2522,long,other,False,organic,865,461105,13911,645,533.0693641618498,0.03156764728207241,13.229999542236328,5187.7001953125,Normal,Standard,19,
241,Brian Jung,How To Invest in Crypto Complete Ultimate Guide,2024-06-15 21:01:27+05:30,9539,long,evergreen,False,organic,826,1630058,39009,784,1973.4358353510895,0.02441201478720389,12.65999984741211,5431.60009765625,Normal,Standard,19,
242,Brian Jung,the last few days before market goes bullish again,2024-10-26 22:43:25+05:30,2529,long,opportunity,False,organic,693,329023,11674,322,474.78066378066376,0.03645945724159101,20.329999923706055,5808.1201171875,Volatile,Standard,20,
243,Brian Jung,my high conviction altcoins for 2025,2024-11-09 02:16:13+05:30,2960,long,undefined,False,organic,679,562496,14959,770,828.4182621502209,0.02796286551371032,14.9399995803833,5995.5400390625,Normal,Standard,21,
244,Brian Jung,my plan to make millions in the crypto bull run in 2025,2024-11-30 03:30:58+05:30,2956,long,opportunity,False,organic,658,1561000,40761,1256,2372.340425531915,0.0269167200512492,13.510000228881836,6032.3798828125,Normal,Standard,21,
245,Brian Jung,my top 10 cryptos im buying before 2025 begins | don't miss these 50x altcoins,2024-12-14 08:41:06+05:30,2442,long,undefined,False,organic,644,938609,25012,1046,1457.4673913043478,0.027762358980150413,13.8100004196167,6051.08984375,Normal,Standard,21,
246,Brian Jung,my crypto gameplan & strategy fully explained 2025,2024-12-29 00:22:07+05:30,4091,long,evergreen,False,organic,629,764587,21357,750,1215.5596184419715,0.028913648806479838,15.949999809265137,5970.83984375,Normal,Standard,21,
247,Brian Jung,my top 5 altcoins that i'm watching in 2025,2025-02-01 22:22:19+05:30,2967,long,undefined,False,organic,595,404597,12187,449,679.9949579831933,0.031231076849309314,16.43000030517578,6040.52978515625,Normal,Standard,21,
248,Brian Jung,how to survive & actually make millions in the next crypto bull run,2025-04-25 11:23:51+05:30,1872,long,opportunity,False,organic,512,153043,7670,403,298.912109375,0.05274988075246826,24.84000015258789,5525.2099609375,Volatile,Standard,22,
249,Brian Jung,how I lost millions in crypto & made millions back,2025-05-03 04:14:46+05:30,2624,long,opportunity,False,organic,504,93021,3967,136,184.5654761904762,0.04410831962675095,22.68000030517578,5686.669921875,Volatile,Standard,22,
250,Brian Jung,my last bull run video till markets pick up again,2025-05-31 02:29:13+05:30,2221,long,opportunity,False,organic,476,340490,10845,450,715.3151260504202,0.03317278040471086,18.56999969482422,5911.68994140625,Normal,Standard,23,
251,Brian Jung,Investor Or Trader Which One Are You,2025-07-17 22:16:42+05:30,120,micro,undefined,False,organic,429,11731,578,21,27.344988344988344,0.051061290597562016,16.520000457763672,6297.35986328125,Normal,Standard,23,
252,Brian Jung,The Harsh Truth About Giving Crypto Advice,2025-07-19 00:37:58+05:30,81,micro,evergreen,False,organic,427,15378,653,30,36.014051522248245,0.04441409806216673,16.40999984741211,6296.7900390625,Normal,Standard,23,
253,Brian Jung,Why You Can't Trust Tokenomics,2025-07-22 01:21:58+05:30,86,micro,undefined,False,organic,424,10356,433,14,24.42452830188679,0.04316338354577057,16.5,6309.6201171875,Normal,Standard,23,
254,Brian Jung,The Worst Trades Come From Impulse,2025-07-23 00:03:45+05:30,69,micro,fear,False,organic,423,8239,389,23,19.47754137115839,0.05000606869765748,15.369999885559082,6358.91015625,Normal,Standard,23,
255,Brian Jung,How To Find Your Crypto Edge,2025-07-23 23:01:15+05:30,88,micro,evergreen,False,organic,423,8619,415,14,20.375886524822697,0.049773755656108594,15.369999885559082,6358.91015625,Normal,Standard,23,
256,Brian Jung,Most People Don't Invest In Crypto They Marry Their Bags,2025-07-24 21:14:12+05:30,88,micro,other,False,organic,422,14711,567,21,34.860189573459714,0.03997009040853783,15.390000343322754,6363.35009765625,Normal,Standard,23,
257,Brian Jung,The Screenshot Rule How To Sell At The Top,2025-07-26 00:29:37+05:30,62,micro,evergreen,False,organic,420,12301,680,18,29.288095238095238,0.05674335419884562,14.930000305175781,6388.64013671875,Normal,Standard,23,
258,Brian Jung,Social Media Is Making You Bad Trader,2025-07-28 23:25:31+05:30,73,micro,undefined,False,organic,418,7720,333,10,18.4688995215311,0.044430051813471504,15.029999732971191,6389.77001953125,Normal,Standard,23,
259,Brian Jung,Why Losing Trades Are Still Wins,2025-07-30 00:42:03+05:30,86,micro,undefined,False,organic,416,5780,282,7,13.89423076923077,0.05,15.479999542236328,6362.89990234375,Normal,Standard,23,
260,Brian Jung,Your Favorite Coin Doesn't Love You Back,2025-07-31 00:29:33+05:30,84,micro,undefined,False,organic,415,7148,364,10,17.22409638554217,0.052322327923894796,16.719999313354492,6339.39013671875,Normal,Standard,23,
261,Brian Jung,How To Predict Less and React More,2025-07-31 22:26:14+05:30,84,micro,evergreen,False,organic,415,7605,357,10,18.325301204819276,0.048257725180802104,16.719999313354492,6339.39013671875,Normal,Standard,23,
262,Brian Jung,Why Crypto is Irrational And How to Win Anyway,2025-08-01 23:41:00+05:30,64,micro,opportunity,False,organic,414,11369,426,12,27.46135265700483,0.03852581581493535,20.3799991607666,6238.009765625,Volatile,Standard,24,
263,Brian Jung,This Exit Strategy Could Save You Millions,2025-08-27 22:33:22+05:30,93,micro,opportunity,False,organic,388,14846,708,29,38.26288659793814,0.04964300148188064,14.850000381469727,6481.39990234375,Normal,Standard,25,
264,Brian Jung,How to Know When to Sell in Crypto,2025-08-28 02:54:16+05:30,72,micro,evergreen,False,organic,387,16072,546,31,41.5297157622739,0.03590094574415132,14.430000305175781,6501.85986328125,Normal,Standard,25,
265,Brian Jung,Set This Principle Before It's Too Late,2025-08-28 23:18:44+05:30,65,micro,undefined,False,organic,387,8897,352,10,22.989664082687337,0.040687872316511185,14.430000305175781,6501.85986328125,Normal,Urgent,25,
266,Brian Jung,You’re Probably Diversifying All Wrong,2025-08-29 02:22:35+05:30,62,micro,undefined,False,organic,386,10341,351,6,26.79015544041451,0.034522773426167684,15.359999656677246,6460.259765625,Normal,Standard,25,
267,Brian Jung,Why Bitcoin’s Price Is Surging Right Now,2025-08-29 21:57:47+05:30,82,micro,other,False,organic,386,10193,299,6,26.406735751295336,0.029922495830471893,15.359999656677246,6460.259765625,Normal,Urgent,25,
268,Brian Jung,Why Meme Coins Might Be Safer Than You Think,2025-08-29 23:50:09+05:30,85,micro,undefined,False,organic,386,15401,469,11,39.898963730569946,0.031166807350172066,15.359999656677246,6460.259765625,Normal,Standard,25,
269,Brian Jung,The AI Hack No One’s Talking About in Crypto,2025-09-02 21:49:37+05:30,61,micro,opportunity,False,organic,382,21984,755,15,57.54973821989529,0.0350254730713246,17.170000076293945,6415.5400390625,Normal,Standard,25,
270,Brian Jung,The Crypto Trade I Sold Too Early,2025-09-03 22:41:51+05:30,78,micro,other,False,organic,381,20865,648,17,54.76377952755905,0.03187155523604122,16.350000381469727,6448.259765625,Normal,Standard,25,
271,Brian Jung,3 Narratives That Could Make You Millions This Cycle,2025-09-05 22:27:31+05:30,80,micro,opportunity,False,organic,379,29401,1054,30,77.57519788918206,0.03686949423488997,15.180000305175781,6481.5,Normal,Standard,25,
272,Brian Jung,The Hard Truth About Taking Profits #crypto #investing,2025-10-10 04:36:58+05:30,79,micro,evergreen,False,organic,344,25000,648,22,72.67441860465117,0.0268,21.65999984741211,6552.509765625,Volatile,Standard,26,
273,Brian Jung,Why Unrealized Gains Aren’t Really Yours #crypto #investing,2025-10-10 23:39:48+05:30,70,micro,evergreen,False,organic,344,11482,454,14,33.377906976744185,0.04075944957324508,21.65999984741211,6552.509765625,Volatile,Standard,26,
274,Brian Jung,How to Level Up in the Crypto Market #crypto #investing,2025-10-15 22:06:10+05:30,61,micro,evergreen,False,organic,339,14280,367,11,42.123893805309734,0.026470588235294117,20.639999389648438,6671.06005859375,Volatile,Standard,26,
275,Brian Jung,The Future of Crypto Belongs to Gen Z #crypto #investing,2025-10-17 21:34:25+05:30,74,micro,evergreen,False,organic,337,18613,469,12,55.231454005934715,0.025842153333691505,20.780000686645508,6664.009765625,Volatile,Standard,26,
276,Brian Jung,why the 2026 crypto bull run is the most pivotal year in our lifetime,2025-10-28 06:43:57+05:30,2804,long,opportunity,False,organic,326,239191,8573,517,733.7147239263803,0.038003102123407656,16.420000076293945,6890.89013671875,Normal,Standard,27,
277,Brian Jung,The Secret Project That Could Change Crypto #crypto #investing,2025-11-08 01:24:06+05:30,73,micro,opportunity,False,organic,315,21815,598,29,69.25396825396825,0.0287416914966766,19.079999923706055,6728.7998046875,Normal,Standard,27,
278,Brian Jung,The Truth About Bitcoin Holding Above $100K,2025-11-12 02:10:15+05:30,74,micro,evergreen,False,organic,311,24761,601,14,79.61736334405144,0.024837445983603247,17.510000228881836,6850.919921875,Normal,Standard,27,
279,Brian Jung,narratives i am betting on going into 2026,2025-11-20 07:39:43+05:30,3330,long,undefined,False,organic,303,75672,3024,163,249.74257425742573,0.04211597420446136,26.420000076293945,6538.759765625,Volatile,Standard,28,
280,Brian Jung,the crypto strategy im using to make millions again.,2026-03-06 05:14:14+05:30,2117,long,opportunity,False,organic,197,416141,14750,920,2112.3908629441626,0.03765550618660502,29.489999771118164,6740.02001953125,Volatile,Standard,28,
281,Brian Jung,my btc prediction for 2026 & how i'm changing the way i invest now,2026-03-26 07:06:49+05:30,1824,long,other,False,organic,177,93549,3267,243,528.5254237288135,0.0375204438315749,27.440000534057617,6477.16015625,Volatile,Urgent,28,
282,Brian Jung,the generational wealth transfer of our lifetime is happening now.,2026-04-04 05:13:49+05:30,1339,long,opportunity,False,organic,168,101010,3687,196,601.25,0.03844173844173844,23.8700008392334,6582.68994140625,Volatile,Urgent,28,
283,Brian Jung,how i'm investing in crypto for the next big move,2026-04-18 03:03:20+05:30,2694,long,evergreen,False,organic,154,102846,3164,162,667.8311688311688,0.03233961456935613,17.479999542236328,7126.06005859375,Normal,Standard,29,
284,Brian Jung,my next high conviction asymmetric bet on crypto & ai going into 2027,2026-04-30 02:11:19+05:30,2272,long,other,False,organic,142,256239,7935,435,1804.5,0.032664816831161535,16.889999389648438,7209.009765625,Normal,Standard,29,
285,Brian Jung,most investors are doing research wrong (here's my full system),2026-05-15 02:06:30+05:30,1442,long,undefined,False,organic,127,54524,2721,67,429.3228346456693,0.05113344582202333,18.43000030517578,7408.5,Normal,Standard,29,
286,Brian Jung,how im investing in crypto & ai in 2026 | my strategy & gameplan,2026-06-12 05:01:18+05:30,2788,long,evergreen,False,organic,99,140827,4945,517,1422.4949494949494,0.038785176138098516,17.68000030517578,7431.4599609375,Normal,Standard,29,
287,Brian Jung,Brian Armstrong net worth $7B goes over his simple morning routine that you can follow,2026-06-18 00:49:30+05:30,42,micro,evergreen,False,organic,93,4792,93,25,51.526881720430104,0.024624373956594323,16.399999618530273,7500.580078125,Normal,Standard,29,
288,Brian Jung,how money actually made me happier (don't make my mistakes),2026-06-19 03:14:32+05:30,770,medium,evergreen,False,organic,92,21159,1266,172,229.9891304347826,0.06796162389526915,16.399999618530273,7500.580078125,Normal,Standard,29,
289,Brian Jung,Wall Street's Biggest Investor Says A Bubble Is Here,2026-06-19 03:30:30+05:30,43,micro,fear,False,organic,92,10987,213,40,119.42391304347827,0.02302721398015837,16.399999618530273,7500.580078125,Normal,Standard,29,
290,Brian Jung,Billionaire Brian Armstrong’s Secret Council,2026-06-22 18:08:26+05:30,58,micro,opportunity,False,organic,89,3434,58,0,38.58426966292135,0.0168899242865463,17.280000686645508,7472.7900390625,Normal,Standard,29,
291,Brian Jung,Coinbase CEO Brian Armstrong’s $435M Bet,2026-06-26 07:17:13+05:30,89,micro,other,False,organic,85,5313,163,3,62.50588235294118,0.03124411820063994,18.40999984741211,7354.02001953125,Normal,Standard,29,
292,Brian Jung,How To Day Trade For Beginners,2026-07-02 02:48:16+05:30,2095,long,evergreen,False,organic,79,27867,1198,79,352.746835443038,0.045824810708005884,16.149999618530273,7483.240234375,Normal,Standard,29,
293,Brian Jung,Should You Buy Bitcoin?,2026-07-03 05:00:29+05:30,68,micro,other,False,organic,78,23066,628,13,295.71794871794873,0.02778982051504379,16.149999618530273,7483.240234375,Normal,Standard,29,
294,Brian Jung,How to Invest During a Bubble,2026-07-09 02:07:56+05:30,79,micro,fear,False,organic,72,8453,305,11,117.40277777777777,0.037383177570093455,15.84000015258789,7543.64013671875,Normal,Standard,29,
295,Brian Jung,How I made $1.25M from one crypto trade,2026-07-14 21:36:18+05:30,181,short,other,False,organic,67,13652,593,35,203.76119402985074,0.04600058599472605,16.5,7543.58984375,Normal,Standard,29,
296,Brian Jung,I just finally made $1M+ in crypto,2026-07-14 21:36:46+05:30,79,micro,other,False,organic,67,16342,601,57,243.91044776119404,0.04026434952882144,16.5,7543.58984375,Normal,Standard,29,
297,Brian Jung,Is Robinhood Chain Better Than Base?,2026-07-18 02:14:46+05:30,92,micro,undefined,False,organic,63,18707,570,12,296.93650793650795,0.03111134869300262,18.770000457763672,7457.68994140625,Normal,Standard,29,
298,Brian Jung,I made $1 million on Cashcat. Here’s how to play the next leg,2026-07-21 05:36:40+05:30,1292,long,opportunity,False,organic,60,36926,1456,85,615.4333333333333,0.041732112874397445,17.049999237060547,7509.2001953125,Normal,Standard,29,
299,Brian Jung,my exact framework for finding altcoins early (2026),2026-08-05 05:00:04+05:30,2361,long,undefined,False,organic,45,56299,1976,135,1251.088888888889,0.037496225510222206,15.8100004196167,7723.5498046875,Normal,Standard,29,
300,ClearValue Tax,Stock Market Taxes Explained For Beginners,2023-12-22 22:30:01+05:30,974,medium,evergreen,False,organic,1002,709500,20509,1321,708.0838323353294,0.03076814658210007,13.029999732971191,4754.6298828125,Normal,Standard,29,
301,ClearValue Tax,How to Pay ZERO TAXES to The IRS: Tax Loopholes You Can Use!,2024-01-03 00:30:48+05:30,757,medium,evergreen,False,organic,990,519109,18508,678,524.3525252525252,0.036959482497895435,14.039999961853027,4704.81005859375,Normal,Standard,29,
302,ClearValue Tax,How to Fix Your Credit Score Fast!,2024-01-09 00:00:31+05:30,1265,long,evergreen,False,organic,984,160961,6440,318,163.57825203252034,0.04198532563788744,12.760000228881836,4756.5,Normal,Standard,29,
303,ClearValue Tax,How to File Taxes on TurboTax (Step-by-Step),2024-01-16 00:00:16+05:30,4346,long,evergreen,False,organic,977,445071,8774,559,455.54861821903785,0.02096968798236686,13.84000015258789,4765.97998046875,Normal,Standard,29,
304,ClearValue Tax,How to Do Taxes For Beginners | Accountant Explains!,2024-01-27 00:00:04+05:30,591,short,evergreen,False,organic,966,429712,15128,3331,444.83643892339546,0.042956677961052986,13.260000228881836,4890.97021484375,Normal,Standard,29,
305,ClearValue Tax,Stock Market For Beginners 2026 | Step by Step Guide,2024-01-29 00:00:29+05:30,4544,long,evergreen,False,organic,964,2299546,55868,3141,2385.4211618257264,0.025661152244834416,13.600000381469727,4927.93017578125,Normal,Standard,29,
306,ClearValue Tax,Aim for a Tax Refund (Instead of Owing The IRS),2024-02-29 01:34:34+05:30,490,short,evergreen,False,organic,933,136669,5972,455,146.4833869239014,0.04702602638491538,13.399999618530273,5096.27001953125,Normal,Standard,29,
307,ClearValue Tax,How to Use a 401K Properly to Retire Faster (Do This Now!),2024-03-11 00:30:17+05:30,715,medium,evergreen,False,organic,922,1002487,34811,1622,1087.2960954446855,0.03634261591422133,15.220000267028809,5117.93994140625,Normal,Urgent,29,
308,ClearValue Tax,Payday Routine: Do These 4 Things After Getting Paid!,2024-04-01 23:00:01+05:30,976,medium,undefined,False,organic,901,2638375,77162,3140,2928.274139844617,0.03043615862036291,13.649999618530273,5243.77001953125,Normal,Standard,29,
309,ClearValue Tax,Real Estate Investing For Beginners - Ultimate Guide 2024,2024-04-04 23:00:08+05:30,1129,medium,evergreen,False,organic,898,684858,25521,1121,762.6481069042317,0.03890149490843357,16.350000381469727,5147.2099609375,Normal,Standard,29,
310,ClearValue Tax,Roth IRA Explained Simply for Beginners,2024-04-15 01:30:04+05:30,589,short,evergreen,False,organic,887,1240611,42983,1403,1398.6595264937994,0.03577753219985959,19.229999542236328,5061.81982421875,Normal,Standard,29,
311,ClearValue Tax,How People Get Rich With Options Trading (Math Shown),2024-04-29 00:45:53+05:30,419,short,evergreen,False,organic,873,736442,17741,880,843.5761741122566,0.025285086945068314,14.670000076293945,5116.169921875,Normal,Standard,29,
312,ClearValue Tax,How Much Home You Can ACTUALLY Afford (By Salary),2024-04-29 23:00:05+05:30,1093,medium,evergreen,False,organic,873,580606,15151,1679,665.069873997709,0.028986955009076724,14.670000076293945,5116.169921875,Normal,Standard,29,
313,ClearValue Tax,How to Escape the “Rat Race”,2024-07-01 23:00:03+05:30,600,short,evergreen,False,organic,810,226192,10897,733,279.2493827160494,0.05141649572044988,12.220000267028809,5475.08984375,Normal,Standard,29,
314,ClearValue Tax,Money Dysmorphia Explained,2024-07-24 23:00:11+05:30,565,short,evergreen,False,organic,787,96806,5426,554,123.00635324015248,0.061773030597277026,18.040000915527344,5427.1298828125,Normal,Standard,29,
315,ClearValue Tax,Passive Income: is it a scam or legit?,2024-07-26 23:00:02+05:30,500,short,fear,False,organic,785,127802,6020,346,162.80509554140127,0.04981142705121985,16.389999389648438,5459.10009765625,Normal,Standard,29,
316,ClearValue Tax,Stock Market Crash: Don’t Make This Mistake When Stocks Plummet!,2024-08-09 23:00:03+05:30,694,medium,fear,False,organic,771,402391,16174,1063,521.9079118028534,0.042836445149121126,20.3700008392334,5344.16015625,Volatile,Standard,30,1.0
317,ClearValue Tax,Why Net Worth EXPLODES After $100K: Learn The Secret!,2024-08-16 23:00:08+05:30,668,medium,opportunity,False,organic,764,2326838,49143,3453,3045.5994764397906,0.022604066118913305,14.800000190734863,5554.25,Normal,Standard,31,
318,ClearValue Tax,Money Habits That Keep You Poor,2024-08-19 23:00:02+05:30,640,medium,evergreen,False,organic,761,243313,11443,608,319.7279894875164,0.04952879624187775,14.649999618530273,5608.25,Normal,Standard,31,
319,ClearValue Tax,The Best Index Fund and ETF in The Stock Market,2024-09-06 22:31:04+05:30,524,short,evergreen,False,organic,743,762097,21279,970,1025.7025572005384,0.029194446376248694,22.3799991607666,5408.419921875,Volatile,Standard,32,
320,ClearValue Tax,How to Get Started in The Stock Market - Explained Simply,2024-09-24 23:00:05+05:30,556,short,evergreen,False,organic,725,765817,23768,1277,1056.2993103448275,0.03270363546382491,15.390000343322754,5732.93017578125,Normal,Standard,33,
321,ClearValue Tax,The Great Melt-Up Will Strike The USA: My Advice to You,2024-09-30 23:00:01+05:30,607,medium,evergreen,False,organic,719,2003103,52228,5303,2785.9568845618915,0.028720939462424048,16.729999542236328,5762.47998046875,Normal,Standard,33,
322,ClearValue Tax,The Great Melt-Up: Why The USA is Choosing Hyperinflation,2024-10-15 23:00:00+05:30,749,medium,fear,False,organic,704,746591,24123,2371,1060.4985795454545,0.03548663190421529,20.639999389648438,5815.259765625,Volatile,Standard,34,1.0
323,ClearValue Tax,The Great Melt-Up: US Government will Manufacture a Crisis to Refinance National Debt,2024-10-21 23:00:14+05:30,501,short,fear,False,organic,698,660710,26431,2330,946.5759312320916,0.043530444521802304,18.3700008392334,5853.97998046875,Normal,Standard,35,
324,ClearValue Tax,Becoming Successful Does NOT Require Connections or Networking,2024-10-25 23:00:06+05:30,376,short,undefined,False,organic,694,125431,8125,640,180.73631123919307,0.0698790570114246,20.329999923706055,5808.1201171875,Volatile,Standard,36,
325,ClearValue Tax,401K Explained Simply for Beginners,2024-10-28 23:00:02+05:30,534,short,evergreen,False,organic,691,257675,8358,578,372.90159189580316,0.034679344135053844,19.799999237060547,5823.52001953125,Normal,Standard,37,
326,ClearValue Tax,The Great Melt-Up: How to Profit from The Everything Bubble 2.0,2024-11-15 23:30:16+05:30,584,short,fear,False,organic,673,533505,22083,1512,792.7265973254086,0.044226389630837575,16.139999389648438,5870.6201171875,Normal,Standard,37,
327,ClearValue Tax,The Government Lies About Inflation to Cheat Americans from Proper Cost-of-Living-Adjustments,2024-11-22 22:31:03+05:30,387,short,evergreen,False,organic,666,260092,16362,2190,390.5285285285285,0.07132860680067053,15.239999771118164,5969.33984375,Normal,Standard,37,
328,ClearValue Tax,My New YouTube Channel to Help My Amigos in The USA,2024-12-06 03:39:37+05:30,92,micro,undefined,False,organic,652,74603,7207,858,114.4217791411043,0.1081055721619774,12.770000457763672,6090.27001953125,Normal,Standard,37,
329,ClearValue Tax,The Book of Wealth: 10 Steps to Financial Freedom,2025-01-14 22:30:17+05:30,206,short,evergreen,False,organic,613,166565,6205,1487,271.721044045677,0.046180169903641224,18.709999084472656,5842.91015625,Normal,Standard,37,
330,ClearValue Tax,ClearValue Lending: Presenting My New Business!,2025-02-06 22:30:53+05:30,111,micro,other,False,organic,590,74468,5379,564,126.21694915254237,0.07980609120696137,15.5,6083.56982421875,Normal,Standard,37,
331,ClearValue Tax,Trump Tax Cuts in 2025 — My Prediction on What Will Happen,2025-02-10 22:30:42+05:30,712,medium,evergreen,False,organic,586,1408649,34394,4515,2403.8378839590446,0.027621501168850437,15.8100004196167,6066.43994140625,Normal,Standard,37,
332,ClearValue Tax,The Truth About Debt: Why I Disagree With The Experts (Dave Ramsey & Robert Kiyosaki),2025-02-16 22:30:54+05:30,599,short,evergreen,False,organic,580,396429,17111,1993,683.498275862069,0.04819021817273711,14.770000457763672,6114.6298828125,Normal,Standard,37,
333,ClearValue Tax,How to Get a Small Business Loan (Step-by-Step Guide),2025-02-19 22:30:52+05:30,791,medium,evergreen,False,organic,577,169993,5181,287,294.6152512998267,0.03216603036595624,15.270000457763672,6144.14990234375,Normal,Standard,37,
334,ClearValue Tax,Why Cutting Interest Rates Causes Inflation Explained,2025-03-10 03:30:30+05:30,481,short,evergreen,False,organic,558,193225,9561,997,346.28136200716847,0.05464096260835813,27.860000610351562,5614.56005859375,Volatile,Standard,38,
335,ClearValue Tax,How to Get an SBA Loan For Your Small Business (Tips & Advice),2025-03-24 21:30:54+05:30,796,medium,evergreen,False,organic,544,153922,5825,312,282.94485294117646,0.039870843674068686,17.479999542236328,5767.56982421875,Normal,Standard,39,
336,ClearValue Tax,Gold Revaluation: Will Trump Erase The US National Debt?,2025-03-26 21:31:00+05:30,707,medium,other,False,organic,542,1055721,22978,3572,1947.8247232472324,0.02514868985271677,18.329999923706055,5712.2001953125,Normal,Standard,39,
337,ClearValue Tax,How to Invest Your Money The Right Way,2025-03-28 21:30:06+05:30,532,short,evergreen,False,organic,540,429164,15785,1173,794.7481481481482,0.039514031931848895,21.649999618530273,5580.93994140625,Volatile,Standard,40,
338,ClearValue Tax,Fort Knox Gold Audit? This Is What Actually Happened,2025-04-15 21:30:16+05:30,617,medium,other,False,organic,522,1722843,42107,7207,3300.4655172413795,0.02862361805457607,30.1200008392334,5396.6298828125,Volatile,Standard,40,
339,ClearValue Tax,How to Build Wealth With $0 — The Easy Way,2025-04-28 21:30:55+05:30,570,short,evergreen,False,organic,509,183847,8277,351,361.19253438113947,0.04693032793572917,25.149999618530273,5528.75,Volatile,Standard,40,
340,ClearValue Tax,Why I Don’t Use a Savings Account Anymore (Earn 4.3% Instead),2025-04-30 21:30:18+05:30,622,medium,evergreen,False,organic,507,2365025,51279,3680,4664.74358974359,0.023238232153994145,24.700000762939453,5569.06005859375,Volatile,Standard,40,
341,ClearValue Tax,"Trump Tax Bill: No Tax on Tips, Overtime Pay, MAGA Accounts & More",2025-05-15 21:31:36+05:30,664,medium,evergreen,False,organic,492,669740,18345,4244,1361.260162601626,0.03372801385612327,17.829999923706055,5916.93017578125,Normal,Standard,41,
342,ClearValue Tax,How Much Home You Can Afford in 2025 (By Salary),2025-05-21 21:30:21+05:30,690,medium,evergreen,False,organic,486,235281,9347,1098,484.11728395061726,0.04439372495016597,20.8700008392334,5844.60986328125,Volatile,Standard,42,
343,ClearValue Tax,Trump Ends The Penny: Here's What Happens Now,2025-05-28 00:30:55+05:30,496,short,undefined,False,organic,479,991267,24498,6156,2069.4509394572024,0.030924059814358796,19.309999465942383,5888.5498046875,Normal,Urgent,43,
344,ClearValue Tax,Why I’m Investing in Silver Now — Before the Price Surges,2025-06-02 20:00:33+05:30,1097,medium,evergreen,False,organic,474,933250,28441,3450,1968.8818565400843,0.03417197964103938,18.360000610351562,5935.93994140625,Normal,Urgent,43,
345,ClearValue Tax,Business Line of Credit: Get Approved NOW to Avoid a Future Crisis,2025-06-04 21:30:17+05:30,807,medium,fear,False,organic,472,68487,2693,98,145.09957627118644,0.04075225955290785,17.610000610351562,5970.81005859375,Normal,Urgent,43,
346,ClearValue Tax,How to Build Wealth Faster — Even Smart People Miss This,2025-06-06 21:30:02+05:30,597,short,evergreen,False,organic,470,237207,9432,454,504.6957446808511,0.04167667901874734,16.770000457763672,6000.35986328125,Normal,Standard,43,
347,ClearValue Tax,Why I’m Investing in Gold: The Dollar Can’t Be Trusted,2025-06-23 21:47:44+05:30,949,medium,evergreen,False,organic,453,437650,13100,1701,966.1147902869757,0.03381926196732549,19.829999923706055,6025.169921875,Normal,Standard,43,
348,ClearValue Tax,Trump’s New Tax Cuts Officially Pass: Final Details Revealed,2025-06-30 22:00:09+05:30,658,medium,evergreen,False,organic,446,1065100,25384,5848,2388.116591928251,0.029323068256501737,16.729999542236328,6204.9501953125,Normal,Standard,43,
349,ClearValue Tax,Why I’m Investing in GigaStar — Before It Goes Mainstream,2025-07-09 21:31:02+05:30,509,short,evergreen,False,organic,437,153520,5298,916,351.30434782608694,0.04047681083897863,15.9399995803833,6263.259765625,Normal,Standard,43,
350,ClearValue Tax,The Wealth Gap Is Tearing America in Two — And It’s About to Get Worse,2025-07-18 21:30:33+05:30,565,short,evergreen,False,organic,428,447561,20065,3601,1045.7032710280373,0.052877708290043145,16.40999984741211,6296.7900390625,Normal,Standard,43,
351,ClearValue Tax,How to Increase Your Income and Build Wealth Faster,2025-07-28 21:30:45+05:30,1065,medium,evergreen,False,organic,418,474237,16243,1225,1134.5382775119617,0.03683390372324386,15.029999732971191,6389.77001953125,Normal,Standard,43,
352,ClearValue Tax,Term Loan for Small Businesses — Watch This BEFORE You Need One,2025-08-18 21:31:07+05:30,647,medium,other,False,organic,397,40845,1740,94,102.88413098236776,0.04490145672664953,14.989999771118164,6449.14990234375,Normal,Standard,43,
353,ClearValue Tax,US Debt Crisis — Trump’s New Plan to Fix It with Crypto & Gold,2025-08-29 21:31:41+05:30,916,medium,fear,False,organic,386,1382420,35673,6365,3581.39896373057,0.030408992925449574,15.359999656677246,6460.259765625,Normal,Standard,43,
354,ClearValue Tax,Tax Refund Surge Ahead — These People Will Get the Biggest Refunds!,2025-09-03 01:17:59+05:30,680,medium,evergreen,False,organic,381,1560808,30035,3188,4096.608923884514,0.02128576993454672,16.350000381469727,6448.259765625,Normal,Standard,43,
355,ClearValue Tax,The 60/40 Investing Rule is Dead — Here's What's Replacing It,2025-10-20 23:32:45+05:30,727,medium,evergreen,False,organic,334,402641,12919,1762,1205.5119760479042,0.036461761221534814,18.229999542236328,6735.1298828125,Normal,Standard,43,
356,ClearValue Tax,IRS $600 Tax Rule for 2025 Changed (Venmo - Cash App - PayPal),2025-11-05 23:31:00+05:30,684,medium,evergreen,False,organic,318,412897,12887,1597,1298.4182389937107,0.03507896642504063,18.010000228881836,6796.2900390625,Normal,Standard,43,
357,ClearValue Tax,The Plan to Turn Americans into Permanent Renters (50 Year Mortgage),2025-11-14 22:31:51+05:30,800,medium,other,False,organic,309,454752,16524,5125,1471.6893203883494,0.04760616775737105,19.829999923706055,6734.10986328125,Normal,Standard,43,
358,ClearValue Tax,"$2,000 Stimulus Check Update — Trump Says ""Dividend Will Be Paid""",2025-11-17 22:31:05+05:30,598,short,undefined,False,organic,306,656701,25209,6652,2146.081699346405,0.048516752677398085,22.3799991607666,6672.41015625,Volatile,Standard,44,
359,ClearValue Tax,How to Invest in 2026: Don’t Fight the Fed,2025-12-23 22:45:06+05:30,671,medium,evergreen,False,organic,270,599170,18221,1326,2219.1481481481483,0.032623462456398016,14.0,6909.7900390625,Normal,Standard,45,
360,ClearValue Tax,IRS Cracking Down on Side Hustle Income (Avoid These Mistakes!),2026-01-05 22:31:18+05:30,875,medium,evergreen,False,organic,257,1738487,35772,10022,6764.540856031128,0.026341295620847322,14.899999618530273,6902.0498046875,Normal,Standard,45,
361,ClearValue Tax,My Silver Exit Strategy in 2026 — When I Plan to Sell,2026-01-19 22:31:19+05:30,699,medium,other,False,organic,243,856586,30674,3396,3525.045267489712,0.03977417328791271,15.859999656677246,6940.009765625,Normal,Standard,45,
362,ClearValue Tax,Stock Market Reaction to Iran: De-Escalation Priced In (Big Risk),2026-03-03 03:00:50+05:30,525,short,other,False,organic,200,348352,12318,1237,1741.76,0.03891179037295609,23.56999969482422,6816.6298828125,Volatile,Standard,46,
363,ClearValue Tax,How to Build a Stock Market Portfolio With Just 4 Investments,2026-03-26 21:30:04+05:30,658,medium,evergreen,False,organic,177,186368,7912,733,1052.9265536723165,0.04638671875,27.440000534057617,6477.16015625,Volatile,Standard,46,
364,ClearValue Tax,Housing Market Crash: Why Home Prices Still Aren't Falling,2026-04-17 22:20:11+05:30,674,medium,fear,False,organic,155,401476,9635,1883,2590.1677419354837,0.02868913708415945,17.479999542236328,7126.06005859375,Normal,Standard,47,
365,ClearValue Tax,De-Dollarization: The Petrodollar Is Under Attack,2026-04-20 21:31:29+05:30,1070,medium,undefined,False,organic,152,348417,13691,1972,2292.217105263158,0.0449547524948553,18.8700008392334,7109.14013671875,Normal,Standard,47,
366,ClearValue Tax,The U.S. Can’t Afford a Recession — So They’ll Print Trillions,2026-04-27 21:31:02+05:30,881,medium,fear,False,organic,145,568285,15466,2823,3919.206896551724,0.032182795604318255,18.020000457763672,7173.91015625,Normal,Standard,47,
367,ClearValue Tax,Why I'm Investing in Oil — To Protect Against a Stock Market Crash,2026-05-01 21:49:51+05:30,815,medium,fear,False,organic,141,275441,8544,1538,1953.4822695035461,0.03660312008742344,16.989999771118164,7230.1201171875,Normal,Standard,47,
368,ClearValue Tax,How to Boost Your Productivity With One Simple Habit,2026-05-26 22:33:07+05:30,499,short,evergreen,False,organic,116,118577,6012,287,1022.2155172413793,0.053121600310346864,17.010000228881836,7519.1201171875,Normal,Standard,47,
369,ClearValue Tax,Oil Crisis Warning — Here's What Happens Next,2026-06-01 20:30:22+05:30,651,medium,fear,False,organic,110,362941,12092,1784,3299.4636363636364,0.03823210935110665,16.049999237060547,7599.9599609375,Normal,Urgent,47,
370,ClearValue Tax,Inflation is Surging Again,2026-06-11 01:00:10+05:30,494,short,other,False,organic,100,184437,7031,950,1844.37,0.043272228457413645,19.440000534057617,7394.2998046875,Normal,Standard,47,
371,ClearValue Tax,The Book of Wealth: 10 Steps to Financial Freedom,2026-06-16 20:54:07+05:30,3871,long,evergreen,False,organic,95,95617,3471,291,1006.4947368421052,0.03934446803392702,16.40999984741211,7511.35009765625,Normal,Standard,47,
372,ClearValue Tax,The Fed Quietly Abandoned the 2% Inflation Target,2026-06-19 01:10:54+05:30,713,medium,other,False,organic,92,216142,7742,892,2349.3695652173915,0.03994596145126815,16.399999618530273,7500.580078125,Normal,Standard,47,
373,ClearValue Tax,"Housing Market Update: Home Prices, Mortgage Rates & Outlook",2026-06-22 21:30:37+05:30,565,short,other,False,organic,89,201494,6266,833,2263.9775280898875,0.03523181831717073,17.280000686645508,7472.7900390625,Normal,Standard,47,
374,ClearValue Tax,US Debt Crisis: Interest Payments Are Becoming a Major Problem,2026-06-24 23:15:29+05:30,663,medium,fear,False,organic,87,246662,6464,941,2835.1954022988507,0.03002083823207466,18.6299991607666,7358.22021484375,Normal,Standard,47,
375,ClearValue Tax,Inflation is Rising Again — Here's What the Fed Will Do,2026-06-27 00:30:19+05:30,610,medium,other,False,organic,84,222648,7224,636,2650.5714285714284,0.03530236067694298,18.40999984741211,7354.02001953125,Normal,Standard,47,
376,ClearValue Tax,The Fed's Money Printing Machine Never Stopped,2026-06-29 21:30:21+05:30,735,medium,other,False,organic,82,184266,7553,756,2247.1463414634145,0.04509242073958299,17.649999618530273,7440.43017578125,Normal,Standard,47,
377,ClearValue Tax,Jobs Report: Much Worse Than Expected,2026-07-03 00:01:23+05:30,531,short,fear,False,organic,78,245495,8026,1079,3147.371794871795,0.03708833173791727,16.149999618530273,7483.240234375,Normal,Standard,47,
378,ClearValue Tax,Why Americans Can't Get Ahead Anymore,2026-07-07 00:56:32+05:30,544,short,undefined,False,organic,74,272917,11203,2231,3688.0675675675675,0.04922375667327429,16.1299991607666,7503.85009765625,Normal,Standard,47,
379,ClearValue Tax,Fed Minutes Released: What They Really Said,2026-07-09 03:17:27+05:30,594,short,other,False,organic,72,222593,7389,468,3091.5694444444443,0.035297605944481635,15.84000015258789,7543.64013671875,Normal,Standard,47,
380,ClearValue Tax,The Stock Market's Midterm Election Pattern: 98 Years of Data,2026-07-13 21:30:19+05:30,601,medium,other,False,organic,68,321547,8999,971,4728.632352941177,0.03100635365902963,17.15999984741211,7515.33984375,Normal,Standard,47,
381,ClearValue Tax,Stock Market: CPI Inflation Report Sends Fed Rate Hike Odds Lower,2026-07-15 00:16:57+05:30,526,short,other,False,organic,66,162013,5266,526,2454.742424242424,0.03575021757513286,15.670000076293945,7572.39990234375,Normal,Standard,47,
382,ClearValue Tax,Retirement Plans: The Best Order to Invest Your Money,2026-07-17 21:30:25+05:30,807,medium,evergreen,False,organic,64,102239,4072,304,1597.484375,0.04280167059536967,18.770000457763672,7457.68994140625,Normal,Standard,47,
383,ClearValue Tax,Gold Investing on The Stock Market: The Case For Buying Today,2026-07-21 22:04:00+05:30,803,medium,evergreen,False,organic,60,222681,7294,706,3711.35,0.035925831121649356,17.049999237060547,7509.2001953125,Normal,Standard,47,
384,ClearValue Tax,"How to Invest Your First $1,000 in The Stock Market",2026-07-24 21:30:04+05:30,634,medium,evergreen,False,organic,57,71679,2832,359,1257.5263157894738,0.0445179201718774,18.579999923706055,7411.97998046875,Normal,Standard,47,
385,ClearValue Tax,Housing Market Update: Truth About Home Prices & Mortgage Rates,2026-07-28 02:09:34+05:30,575,short,evergreen,False,organic,53,238706,7102,886,4503.88679245283,0.03346375876601342,18.209999084472656,7428.77978515625,Normal,Standard,47,
386,ClearValue Tax,"The Fed on Inflation: ""Americans Are Being Impatient""",2026-07-30 05:00:32+05:30,680,medium,other,False,organic,51,232359,10021,1880,4556.058823529412,0.051218158108788554,17.09000015258789,7437.6298828125,Normal,Standard,47,
387,ClearValue Tax,GDP Report: Americans Are Burning Through Their Savings,2026-08-03 21:30:03+05:30,545,short,undefined,False,organic,47,265528,8268,1220,5649.531914893617,0.03573257810852339,15.859999656677246,7600.5,Normal,Standard,47,
388,ClearValue Tax,U.S. National Debt: Government Announces Massive New Borrowing,2026-08-06 21:30:07+05:30,596,short,opportunity,False,organic,44,387868,11881,2128,8815.181818181818,0.0361179576556973,15.149999618530273,7709.9599609375,Normal,Standard,47,
389,ClearValue Tax,Jobs Report Was a Disaster... But The Stock Market Loves It,2026-08-11 02:12:31+05:30,529,short,fear,False,organic,39,229224,8480,1151,5877.538461538462,0.042015670261403695,15.279999732971191,7728.2001953125,Normal,Standard,47,
390,ClearValue Tax,Inflation Fell to 3.4%... But There's a Problem,2026-08-13 21:30:29+05:30,497,short,other,False,organic,37,203791,12286,1543,5507.864864864865,0.0678587376282564,14.630000114440918,7798.990234375,Normal,Standard,47,
391,ClearValue Tax,Japan's Yen Crisis is Becoming America's Problem,2026-08-18 21:30:26+05:30,943,medium,fear,False,organic,32,695976,19323,1766,21749.25,0.030301332229847006,15.84000015258789,7691.759765625,Normal,Standard,47,
392,ClearValue Tax,US Government is Running Out of People to Borrow Money From,2026-08-21 21:30:00+05:30,1043,medium,other,False,organic,29,567794,15684,2919,19579.103448275862,0.03276364315227001,15.130000114440918,7674.3701171875,Normal,Standard,47,
393,ClearValue Tax,I Bet Money The Fed WON'T Raise Interest Rates in September — Here's Why...,2026-08-24 21:30:39+05:30,621,medium,other,False,organic,26,245393,7404,761,9438.192307692309,0.03327315775103609,15.850000381469727,7652.85986328125,Normal,Standard,47,
394,ClearValue Tax,The Fed Could Raise Interest Rates. This Could Get Ugly.,2026-08-31 22:09:49+05:30,664,medium,other,False,organic,19,666758,10366,1736,35092.52631578947,0.018150513379666985,14.920000076293945,7686.14013671875,Normal,Standard,47,
395,ClearValue Tax,Expect Social Security Benefit Cuts... I Am.,2026-09-02 21:30:32+05:30,630,medium,undefined,False,organic,17,432195,10008,3027,25423.235294117647,0.030159997223475513,15.199999809265137,7666.60009765625,Normal,Standard,47,
396,ClearValue Tax,Jobs Report Crushes Expectations... Stock Market Hates It,2026-09-05 01:38:42+05:30,478,short,other,False,organic,14,404574,8179,978,28898.14285714286,0.02263368382545591,14.529999732971191,7718.60009765625,Normal,Standard,47,
397,ClearValue Tax,Here's What I'm Investing in Next,2026-09-10 21:30:12+05:30,628,medium,evergreen,False,organic,9,287855,6136,923,31983.88888888889,0.024522763196748364,17.84000015258789,7591.7001953125,Normal,Standard,47,
398,ClearValue Tax,A Major Interest Rate Decision is Coming Wednesday,2026-09-15 01:33:34+05:30,484,short,other,False,organic,4,454030,8219,916,113507.5,0.02011981587119794,17.100000381469727,7619.97998046875,Normal,Standard,47,
399,ClearValue Tax,The Fed Just Admitted Inflation Won’t Be Under Control Until 2029,2026-09-18 21:30:08+05:30,678,medium,other,False,organic,1,301606,6662,1101,301606.0,0.025738877873782352,,,Normal,Standard,47,
400,Financial Education,My Top 3 Stocks‼️‼️‼️🫶🏼,2026-01-29 01:08:39+05:30,176,micro,other,False,organic,233,71504,2743,89,306.8841201716738,0.039606175878272545,16.8799991607666,6969.009765625,Normal,Standard,47,
401,Financial Education,This stock is a 1 of 1,2026-01-29 08:13:09+05:30,2669,long,other,False,organic,233,88047,5565,305,377.8841201716738,0.06666893818074437,16.8799991607666,6969.009765625,Normal,Standard,47,
402,Financial Education,"I Just Bought a NEW STOCK ($60,000 spent)",2026-01-30 06:29:10+05:30,3230,long,other,False,organic,232,135117,6941,618,582.4008620689655,0.05594410769925324,17.440000534057617,6939.02978515625,Normal,Standard,47,
403,Financial Education,Largest crash in HISTORY is going on right now‼️,2026-01-31 01:23:30+05:30,179,micro,fear,False,organic,231,298698,7108,711,1293.064935064935,0.026176941258394766,17.440000534057617,6939.02978515625,Normal,Urgent,47,
404,Financial Education,“The largest crash in stock market history is tomorrow”‼️,2026-02-03 02:08:43+05:30,178,micro,fear,False,organic,228,150132,2868,311,658.4736842105264,0.02117469959768737,18.0,6917.81005859375,Normal,Standard,47,
405,Financial Education,AMD. OWN IT.,2026-02-04 06:46:03+05:30,2310,long,other,False,organic,227,127847,7920,6659,563.2026431718061,0.11403474465572129,18.639999389648438,6882.72021484375,Normal,Standard,47,
406,Financial Education,The Everything CRASH🥲‼️,2026-02-05 07:43:37+05:30,2674,long,fear,False,organic,226,145543,10835,5917,643.9955752212389,0.11510000480957518,21.770000457763672,6798.39990234375,Volatile,Standard,48,1.0
407,Financial Education,The Market Panic is about to TURN😳‼️,2026-02-06 06:48:21+05:30,2684,long,fear,False,organic,225,143343,8510,6231,637.08,0.10283725051101204,20.3700008392334,6932.2998046875,Volatile,Standard,48,2.0
408,Financial Education,I have HUGE news for investors 🤯‼️,2026-02-07 00:19:12+05:30,179,micro,opportunity,False,organic,224,103382,3909,225,461.5267857142857,0.03998761873440251,20.3700008392334,6932.2998046875,Volatile,Standard,48,
409,Financial Education,I Just SOLD 1 Stock & Bought 3 Stocks‼️👍🏼,2026-02-10 06:48:33+05:30,1869,long,other,False,organic,221,115286,6578,3249,521.6561085972851,0.08524018527835123,17.790000915527344,6941.81005859375,Normal,Standard,49,
410,Financial Education,I Sold my #1 Stock🥺,2026-02-12 07:42:27+05:30,2433,long,other,False,organic,219,132109,7040,2320,603.2374429223744,0.07085058550136629,20.81999969482422,6832.759765625,Volatile,Standard,50,
411,Financial Education,I’m Going All-in this Stock‼️,2026-02-18 06:10:32+05:30,2726,long,other,False,organic,213,114664,6264,4906,538.3286384976526,0.09741505616409683,19.6200008392334,6881.31005859375,Normal,Standard,51,
412,Financial Education,AMD vs AMAZON vs META‼️ Which stock will do best next 2-5-10 years IMO,2026-02-19 01:28:07+05:30,176,micro,other,False,organic,212,90408,2800,176,426.45283018867923,0.03291744093443058,20.229999542236328,6861.89013671875,Volatile,Standard,52,
413,Financial Education,The Big Move is COMING‼️,2026-02-20 05:59:01+05:30,2483,long,undefined,False,organic,211,105886,5542,1207,501.8293838862559,0.06373836012315132,19.09000015258789,6909.509765625,Normal,Standard,53,
414,Financial Education,2 stocks making HUGE moves‼️,2026-02-21 01:13:20+05:30,175,micro,opportunity,False,organic,210,53239,1655,60,253.51904761904763,0.032213227145513626,19.09000015258789,6909.509765625,Normal,Standard,53,
415,Financial Education,Trump is RAGING 😡 Market chaos,2026-02-22 02:06:08+05:30,166,micro,fear,False,organic,209,60132,1999,274,287.7129186602871,0.037800172952837094,19.09000015258789,6909.509765625,Normal,Standard,53,
416,Financial Education,Once in a life investment opportunity is coming.,2026-02-24 05:58:56+05:30,2380,long,evergreen,False,organic,207,114957,5964,620,555.3478260869565,0.05727358925511278,19.549999237060547,6890.06982421875,Normal,Standard,53,
417,Financial Education,This is the GREATEST STOCK EVER.,2026-02-26 06:44:12+05:30,2190,long,other,False,organic,205,135665,6908,569,661.780487804878,0.05511369918549368,18.6299991607666,6908.85986328125,Normal,Standard,53,
418,Financial Education,Market in PANIC over so many stocks‼️ Do this now,2026-02-28 01:45:47+05:30,151,micro,fear,False,organic,203,69583,2395,199,342.7733990147783,0.03727922049925988,19.860000610351562,6878.8798828125,Normal,Urgent,53,
419,Financial Education,5 Stocks to Buy Now. March 2026‼️,2026-03-03 05:51:23+05:30,2001,long,opportunity,False,organic,200,106685,7089,479,533.425,0.07093780756432488,23.56999969482422,6816.6298828125,Volatile,Urgent,54,
420,Financial Education,I found the next GREAT STOCK‼️,2026-03-05 06:58:14+05:30,2271,long,other,False,organic,198,106837,5848,504,539.5808080808081,0.05945505770472776,23.75,6830.7099609375,Volatile,Standard,54,
421,Financial Education,3 New Stocks I might Buy Soon,2026-03-06 03:54:49+05:30,140,micro,other,False,organic,197,78999,3955,165,401.01015228426394,0.05215255889315055,29.489999771118164,6740.02001953125,Volatile,Standard,54,
422,Financial Education,"10 tips to $1,000,000+ portfolio (Stock Market for Beginners 2026) (How to Invest) #stockmarket",2026-03-09 02:13:21+05:30,180,short,evergreen,False,organic,194,45354,3164,80,233.7835051546392,0.07152621598976937,25.5,6795.990234375,Volatile,Standard,54,
423,Financial Education,Huge Trap Was Just Set for Investors‼️,2026-03-10 05:25:30+05:30,2081,long,fear,False,organic,193,97547,8370,431,505.42487046632124,0.09022317446974279,24.93000030517578,6781.47998046875,Volatile,Standard,54,1.0
424,Financial Education,"YouTube can you please stop FKN me? Thank you, Jeremy",2026-03-11 02:03:20+05:30,80,micro,undefined,False,organic,192,26466,1099,66,137.84375,0.04401874102622232,24.229999542236328,6775.7998046875,Volatile,Standard,54,
425,Financial Education,Extreme Market Move COMING‼️,2026-03-12 05:58:17+05:30,2135,long,other,False,organic,191,85128,4940,1042,445.69633507853405,0.07027065125458133,27.290000915527344,6672.6201171875,Volatile,Standard,54,
426,Financial Education,Market TANKING AGAIN🔴,2026-03-12 10:36:49+05:30,177,micro,other,False,organic,191,54479,2202,109,285.2303664921466,0.042420015051671284,27.290000915527344,6672.6201171875,Volatile,Standard,54,
427,Financial Education,Nasdaq down 7.77%‼️ DO THIS NOW,2026-03-14 00:43:25+05:30,179,micro,other,False,organic,189,65584,3584,213,347.005291005291,0.05789521834593803,27.190000534057617,6632.18994140625,Volatile,Urgent,54,
428,Financial Education,7 Stocks to Buy & Hold Forever‼️,2026-03-17 05:58:07+05:30,2227,long,other,False,organic,186,91435,5385,605,491.5860215053763,0.06551101875649368,22.3700008392334,6716.08984375,Volatile,Standard,54,
429,Financial Education,DO NOT F*** This Up‼️,2026-03-19 06:53:50+05:30,2427,long,undefined,False,organic,184,120566,8154,638,655.25,0.0729227145298011,24.059999465942383,6606.490234375,Volatile,Standard,54,
430,Financial Education,I'm going to sell it all,2026-03-21 05:58:54+05:30,1899,long,undefined,False,organic,182,130304,6703,1273,715.9560439560439,0.06121070726915521,26.780000686645508,6506.47998046875,Volatile,Standard,54,
431,Financial Education,"I Spent $60,000 on these stocks today‼️",2026-03-25 05:05:03+05:30,2146,long,other,False,organic,178,105619,6125,731,593.3651685393259,0.06491256308050634,25.329999923706055,6591.89990234375,Volatile,Standard,54,
432,Financial Education,I sold it all today,2026-03-27 05:09:01+05:30,2331,long,undefined,False,organic,176,174804,9304,1162,993.2045454545455,0.05987277179011922,31.049999237060547,6368.85009765625,Volatile,Standard,54,
433,Financial Education,Market just dropped SIGNIFICANTLY‼️ Do This Now,2026-03-31 02:34:33+05:30,176,micro,other,False,organic,172,65067,1991,170,378.29651162790697,0.03321192002090153,25.25,6528.52001953125,Volatile,Urgent,54,
434,Financial Education,This Stock has insane long term potential.,2026-04-01 03:38:07+05:30,1977,long,other,False,organic,171,106654,5544,799,623.7076023391813,0.05947268738162657,24.540000915527344,6575.31982421875,Volatile,Standard,54,
435,Financial Education,5 Stocks I’m Buying Now‼️April 2026,2026-04-03 05:25:53+05:30,2058,long,other,False,organic,169,97709,5622,798,578.1597633136095,0.06570530862049555,23.8700008392334,6582.68994140625,Volatile,Urgent,54,
436,Financial Education,top 10 stocks to buy UNDER $100,2026-04-08 02:53:01+05:30,2015,long,other,False,organic,164,85952,5717,624,524.0975609756098,0.0737737341772152,21.040000915527344,6782.81005859375,Volatile,Standard,54,
437,Financial Education,The Market Just BLEW UP,2026-04-09 05:53:50+05:30,2686,long,other,False,organic,163,93591,4770,582,574.1779141104295,0.05718498573580793,19.489999771118164,6824.66015625,Normal,Standard,55,
438,Financial Education,This 1 stock has the potential to change early investors life‼️,2026-04-14 04:57:54+05:30,2559,long,other,False,organic,158,116847,5620,617,739.5379746835443,0.05337749364553647,18.360000610351562,6967.3798828125,Normal,Standard,55,
439,Financial Education,Once in a generation move just started‼️,2026-04-16 05:03:10+05:30,2355,long,undefined,False,organic,156,115631,8495,3387,741.224358974359,0.10275791094083767,17.940000534057617,7041.27978515625,Normal,Standard,55,
440,Financial Education,Top 5 Dividend Stocks to Buy in 2026‼️,2026-04-21 05:38:23+05:30,2441,long,other,False,organic,151,99703,6761,731,660.2847682119206,0.07514317523043439,19.5,7064.009765625,Normal,Standard,55,
441,Financial Education,"This stock could go to $1,000‼️",2026-04-23 05:16:55+05:30,2387,long,other,False,organic,149,154637,8248,892,1037.8322147651006,0.059106164760050955,19.309999465942383,7108.39990234375,Normal,Standard,55,
442,Financial Education,"AMD stock.. updated price target, what will happen from here & more",2026-04-25 01:05:46+05:30,179,micro,other,False,organic,147,154034,5917,609,1047.8503401360545,0.042367269563862525,18.709999084472656,7165.080078125,Normal,Standard,55,
443,Financial Education,My Final Warning to all Investors‼️,2026-04-28 04:14:34+05:30,2189,long,fear,False,organic,144,152924,9954,694,1061.9722222222222,0.06962935837409433,17.829999923706055,7138.7998046875,Normal,Urgent,55,
444,Financial Education,This Stock will be my Next Palantir‼️,2026-04-30 05:49:19+05:30,2036,long,other,False,organic,142,177881,9704,763,1252.6830985915492,0.058842709451824536,16.889999389648438,7209.009765625,Normal,Standard,55,
445,Financial Education,4 Stocks to Buy Now‼️ May 2026,2026-05-05 05:30:28+05:30,2028,long,opportunity,False,organic,137,147361,8442,1164,1075.6277372262773,0.06518685405229335,17.3799991607666,7259.22021484375,Normal,Urgent,55,
446,Financial Education,You will never get a chance like this again‼️,2026-05-07 06:16:31+05:30,2310,long,opportunity,False,organic,135,171449,8429,2882,1269.9925925925927,0.06597297155422312,17.079999923706055,7337.10986328125,Normal,Standard,55,
447,Financial Education,This Stock is the Next AMD or Micron‼️,2026-05-12 03:51:32+05:30,2346,long,other,False,organic,130,208283,11321,2451,1602.176923076923,0.06612157497251336,17.989999771118164,7400.9599609375,Normal,Standard,55,
448,Financial Education,6 stocks YOU MUST BUY NOW‼️or regret it forever…,2026-05-15 06:27:32+05:30,2206,long,opportunity,False,organic,127,177853,9447,845,1400.4173228346456,0.05786801459632393,18.43000030517578,7408.5,Normal,Urgent,55,
449,Financial Education,This Stock will hit $500‼️,2026-05-19 04:19:54+05:30,1776,long,other,False,organic,123,133066,6868,1029,1081.8373983739837,0.059346489711872306,18.059999465942383,7353.60986328125,Normal,Standard,55,
450,Financial Education,My Big Stock is about to go INSANE‼️,2026-05-21 05:24:49+05:30,1985,long,other,False,organic,121,133537,7688,1342,1103.611570247934,0.06762170784127246,16.760000228881836,7445.72021484375,Normal,Standard,55,
451,Financial Education,I Just SOLD all of this stock‼️,2026-05-22 05:29:31+05:30,2185,long,other,False,organic,120,190653,7992,1231,1588.775,0.04837584512176572,16.700000762939453,7473.47021484375,Normal,Standard,55,
452,Financial Education,This Stock will make more Millionaires than any stock ever‼️,2026-05-27 04:26:57+05:30,2544,long,other,False,organic,115,184390,9930,1445,1603.391304347826,0.0616898964152069,16.290000915527344,7520.35986328125,Normal,Standard,55,
453,Financial Education,AMD & MU‼️ Here’s WHEN TO SELL,2026-05-29 00:38:28+05:30,180,short,other,False,organic,113,204321,6716,513,1808.1504424778761,0.03538060209180652,15.319999694824219,7580.06005859375,Normal,Standard,55,
454,Financial Education,This Stock will PRINT Millionaires‼️,2026-06-02 06:16:07+05:30,2259,long,other,False,organic,109,194387,9932,950,1783.366972477064,0.055981109847880774,15.770000457763672,7609.77978515625,Normal,Standard,55,
455,Financial Education,The Market is preparing for UNBELIEVABLE MOVE‼️,2026-06-04 06:27:24+05:30,2386,long,opportunity,False,organic,107,155024,8475,1422,1448.822429906542,0.06384172773248013,15.399999618530273,7584.31005859375,Normal,Standard,55,
456,Financial Education,I’m Buying this Stock Rapidly Today‼️ Market in Chaos,2026-06-05 22:58:36+05:30,178,micro,fear,False,organic,106,177689,6119,441,1676.311320754717,0.03691843614404944,21.510000228881836,7383.740234375,Volatile,Standard,56,1.0
457,Financial Education,This stock is ready to EXPLODE‼️,2026-06-09 05:04:30+05:30,2267,long,other,False,organic,102,139628,8632,1602,1368.9019607843138,0.07329475463374108,19.8700008392334,7386.64990234375,Normal,Standard,57,
458,Financial Education,How to Get Filthy Rich in the Stock Market‼️,2026-06-11 05:07:20+05:30,2375,long,opportunity,False,organic,100,147899,9456,1481,1478.99,0.0739491139223389,19.440000534057617,7394.2998046875,Normal,Standard,57,
459,Financial Education,I’m Loading the Boat on this Stock‼️ Epic Growth Ahead,2026-06-13 02:19:46+05:30,180,short,other,False,organic,98,110173,4078,235,1124.2142857142858,0.03914752253274396,17.68000030517578,7431.4599609375,Normal,Standard,57,
460,Financial Education,"This Stock is Going to $1,000 per share‼️",2026-06-16 04:11:23+05:30,2935,long,other,False,organic,95,142224,7175,787,1497.0947368421052,0.05598211272359096,16.40999984741211,7511.35009765625,Normal,Standard,57,
461,Financial Education,Why the market just TANKED before close & what Im doing‼️,2026-06-18 01:46:29+05:30,173,micro,other,False,organic,93,96755,3530,245,1040.3763440860216,0.03901607152085164,16.399999618530273,7500.580078125,Normal,Standard,57,
462,Financial Education,I just bought my next GREAT STOCK‼️(NEW STOCK BUY),2026-06-18 06:10:16+05:30,2274,long,other,False,organic,93,149458,8475,2129,1607.0752688172042,0.07094969824298465,16.399999618530273,7500.580078125,Normal,Standard,57,
463,Financial Education,My Warning to All Investors‼️,2026-06-24 05:03:28+05:30,2205,long,fear,False,organic,87,145808,7718,918,1675.9540229885058,0.05922857456380994,18.6299991607666,7358.22021484375,Normal,Urgent,57,
464,Financial Education,4 Stocks EXPLODING HIGHER right now‼️ Are they great long term buys?,2026-06-26 23:43:57+05:30,178,micro,other,False,organic,85,78002,3116,131,917.6705882352941,0.04162713776569832,18.40999984741211,7354.02001953125,Normal,Urgent,57,
465,Financial Education,This stock is ready to EXPLODE‼️,2026-06-30 05:53:22+05:30,2192,long,other,False,organic,81,118776,6999,582,1466.3703703703704,0.06382602545968882,16.450000762939453,7499.35986328125,Normal,Standard,57,
466,Financial Education,Early Investors will change their life‼️,2026-07-02 04:14:51+05:30,2321,long,undefined,False,organic,79,117182,7331,839,1483.3164556962026,0.06972060555375399,16.149999618530273,7483.240234375,Normal,Standard,57,
467,Financial Education,How much CASH I’m sitting on right now,2026-07-03 02:50:24+05:30,174,micro,other,False,organic,78,88228,3370,227,1131.128205128205,0.04076937026794215,16.149999618530273,7483.240234375,Normal,Urgent,57,
468,Financial Education,INVESTORS are about to LOSE THEIR MIND‼️,2026-07-08 03:31:39+05:30,2227,long,undefined,False,organic,73,121556,8636,968,1665.150684931507,0.07900885188719603,16.899999618530273,7482.7099609375,Normal,Standard,57,
469,Financial Education,This Stock will go to $500‼️,2026-07-10 04:41:05+05:30,2028,long,other,False,organic,71,118423,7285,568,1667.9295774647887,0.0663131317396114,15.029999732971191,7575.39013671875,Normal,Standard,57,
470,Financial Education,I rank the BEST Stocks You Should Buy Right Now‼️,2026-07-14 02:52:11+05:30,2163,long,other,False,organic,67,135656,7939,1178,2024.7164179104477,0.06720675827092057,16.5,7543.58984375,Normal,Urgent,57,
471,Financial Education,I Sold it all. I’m 100% out‼️,2026-07-17 04:42:19+05:30,2237,long,undefined,False,organic,64,153788,7348,965,2402.9375,0.05405493276458501,18.770000457763672,7457.68994140625,Normal,Standard,57,
472,Financial Education,I might buy a NEW STOCK‼️,2026-07-21 07:13:47+05:30,2706,long,other,False,organic,60,141332,6345,852,2355.5333333333333,0.05092265021368126,17.049999237060547,7509.2001953125,Normal,Standard,57,
473,Financial Education,This 1 Stock SOARS starting tomorrow‼️,2026-07-23 07:00:02+05:30,2197,long,other,False,organic,58,113000,5711,841,1948.2758620689656,0.057982300884955755,18.700000762939453,7408.2998046875,Normal,Standard,57,
474,Financial Education,AMD stock is crashing‼️ Here is why,2026-07-27 23:49:20+05:30,180,short,other,False,organic,54,120132,3171,791,2224.6666666666665,0.0329803882396031,18.670000076293945,7413.18017578125,Normal,Standard,57,
475,Financial Education,Don’t miss this LIFE Changing Stock‼️,2026-07-28 04:32:34+05:30,2025,long,opportunity,False,organic,53,102064,6929,992,1925.7358490566037,0.07760816742436119,18.209999084472656,7428.77978515625,Normal,Standard,57,
476,Financial Education,"Stocks crashing‼️(AMD, MU, SNDK, SOFI) Do this now",2026-07-30 00:18:31+05:30,180,short,other,False,organic,51,96003,3063,445,1882.4117647058824,0.03654052477526744,17.09000015258789,7437.6298828125,Normal,Urgent,57,
477,Financial Education,Im Going to LOAD THE BOAT on this Stock Now‼️,2026-07-30 05:33:26+05:30,2377,long,other,False,organic,51,163189,8294,1094,3199.7843137254904,0.05752838733002837,17.09000015258789,7437.6298828125,Normal,Urgent,57,
478,Financial Education,Investors life will be changed by this stock‼️,2026-08-04 06:03:23+05:30,2240,long,other,False,organic,46,131594,8040,731,2860.7391304347825,0.0666519750140584,16.5,7736.52001953125,Normal,Standard,57,
479,Financial Education,These 2 STOCKS will Boost Now‼️,2026-08-06 06:15:46+05:30,1999,long,other,False,organic,44,125814,6615,964,2859.409090909091,0.06023971895019632,15.149999618530273,7709.9599609375,Normal,Urgent,57,
480,Financial Education,1 of my big stocks has an emergency‼️,2026-08-08 01:07:50+05:30,173,micro,fear,False,organic,42,89373,3039,207,2127.9285714285716,0.03631969386727535,14.899999618530273,7757.64013671875,Normal,Urgent,57,
481,Financial Education,This Stock is Next to make NEW$millionaires‼️,2026-08-11 05:39:57+05:30,2006,long,other,False,organic,39,122823,8574,757,3149.3076923076924,0.07597111290230657,15.279999732971191,7728.2001953125,Normal,Standard,57,
482,Financial Education,Top 3 Best stocks to Buy Now (Mid/Late 2026),2026-08-12 06:58:14+05:30,180,short,opportunity,False,organic,38,102540,3199,205,2698.4210526315787,0.03319680124829335,14.550000190734863,7748.5,Normal,Urgent,57,
483,Financial Education,"This stock will go to $1,000‼️",2026-08-14 05:50:00+05:30,2182,long,other,False,organic,36,132837,6957,819,3689.9166666666665,0.058537907360148154,14.25,7785.759765625,Normal,Standard,57,
484,Financial Education,Top 4 Stocks to Buy UNDER $30 each‼️,2026-08-15 02:17:30+05:30,180,short,other,False,organic,35,81141,2927,241,2318.3142857142857,0.03904314711428254,14.25,7785.759765625,Normal,Standard,57,
485,Financial Education,Big market move has STARTED‼️,2026-08-19 05:18:39+05:30,2249,long,other,False,organic,31,113055,5610,972,3646.935483870968,0.0582194507098315,14.890000343322754,7707.97998046875,Normal,Standard,57,
486,Financial Education,Top 7 Stocks to Buy Now‼️,2026-08-21 02:41:55+05:30,178,micro,opportunity,False,organic,29,85633,3553,216,2952.862068965517,0.04401340604673432,15.130000114440918,7674.3701171875,Normal,Urgent,57,
487,Financial Education,The Market is About to Do Something Insane Next Week…,2026-08-22 04:31:23+05:30,2011,long,other,False,organic,28,102337,6594,675,3654.8928571428573,0.07103002824003049,15.130000114440918,7674.3701171875,Normal,Standard,57,
488,Financial Education,This Stock will make us RICH🤑AF,2026-08-25 06:27:10+05:30,2228,long,evergreen,False,organic,25,109747,6158,700,4389.88,0.062489179658669486,15.449999809265137,7677.27978515625,Normal,Standard,57,
489,Financial Education,This 1 Stock will SOAR now‼️,2026-08-27 04:30:37+05:30,2042,long,opportunity,False,organic,23,169390,6447,780,7364.782608695652,0.04266485624889309,14.510000228881836,7730.990234375,Normal,Urgent,57,
490,Financial Education,Top 5 Stocks I have the Most Money Invested‼️❤️,2026-08-29 00:55:04+05:30,168,micro,other,False,organic,21,67836,2153,287,3230.285714285714,0.035969101951766023,14.430000305175781,7711.759765625,Normal,Standard,57,
491,Financial Education,4 Stocks to Go ALL IN September 2026‼️,2026-09-01 07:05:13+05:30,2315,long,opportunity,False,organic,18,189620,8280,891,10534.444444444445,0.048365151355342265,16.34000015258789,7631.47021484375,Normal,Standard,57,
492,Financial Education,This Stock is the next Nvidia‼️,2026-09-03 06:38:40+05:30,2151,long,other,False,organic,16,186772,8939,930,11673.25,0.052839826098130344,14.319999694824219,7747.7099609375,Normal,Standard,57,
493,Financial Education,"Investing $1,000,000 in this stock‼️",2026-09-05 00:33:41+05:30,169,micro,evergreen,False,organic,14,108286,3113,276,7734.714285714285,0.031296751195907135,14.529999732971191,7718.60009765625,Normal,Standard,57,
494,Financial Education,NEW stock I bought today‼️‼️,2026-09-09 06:23:06+05:30,2769,long,other,False,organic,10,204036,8350,1006,20403.6,0.045854653100433254,16.459999084472656,7636.35986328125,Normal,Standard,57,
495,Financial Education,This Stock could change a life‼️,2026-09-11 06:41:15+05:30,2093,long,other,False,organic,8,158554,5551,894,19819.25,0.04064861182940828,15.84000015258789,7656.97998046875,Normal,Standard,57,
496,Financial Education,AMD & Celsius shareholders BIG NEWS‼️🫶🏼,2026-09-12 05:29:24+05:30,174,micro,evergreen,False,organic,7,95543,2786,135,13649.0,0.030572621751462692,15.84000015258789,7656.97998046875,Normal,Standard,57,
497,Financial Education,These 2 Stocks are Next to Soar‼️,2026-09-15 06:00:36+05:30,2578,long,opportunity,False,organic,4,138253,6059,603,34563.25,0.04818701944984919,17.100000381469727,7619.97998046875,Normal,Standard,57,
498,Financial Education,"I Spent $100,000 on this 1 Stock Today‼️",2026-09-16 07:02:15+05:30,2368,long,other,False,organic,3,168861,5152,807,56287.0,0.035289380022622156,,,Normal,Standard,57,
499,Financial Education,This Stock will Change Early Investors LFE‼️,2026-09-18 05:37:28+05:30,2021,long,other,False,organic,1,118809,5349,624,118809.0,0.050273969143751734,,,Normal,Standard,57,
500,Graham Stephan,Starbucks Savings Hack! 👀,2026-05-15 21:30:29+05:30,63,micro,opportunity,False,organic,127,18468,355,23,145.41732283464566,0.02046783625730994,18.43000030517578,7408.5,Normal,Standard,57,
501,Graham Stephan,How Much MrBeast Spends Every Month!,2026-05-16 21:30:16+05:30,41,micro,undefined,False,organic,126,35710,444,7,283.41269841269843,0.012629515541865024,18.43000030517578,7408.5,Normal,Standard,57,
502,Graham Stephan,"Grant Cardone’s Daughter Is A ""Millionaire""",2026-05-18 01:30:11+05:30,46,micro,evergreen,False,organic,124,111223,1961,45,896.9596774193549,0.018035837911223398,17.81999969482422,7403.0498046875,Normal,Standard,57,
503,Graham Stephan,It Started: The US Debt Bomb Just Imploded,2026-05-19 01:30:04+05:30,1020,medium,other,False,organic,123,395767,10927,1079,3217.6178861788617,0.030336031048571507,18.059999465942383,7353.60986328125,Normal,Standard,57,
504,Graham Stephan,Togi ROASTS Graham Stephan 🤣,2026-05-19 23:30:15+05:30,50,micro,undefined,False,organic,123,188131,3696,275,1529.520325203252,0.021107632447603,18.059999465942383,7353.60986328125,Normal,Standard,57,
505,Graham Stephan,SteveWillDoIt only made $400k from Nelk merch...,2026-05-20 22:30:30+05:30,54,micro,undefined,False,organic,122,26067,310,8,213.6639344262295,0.012199332489354356,17.440000534057617,7432.97021484375,Normal,Standard,57,
506,Graham Stephan,How To Get Hired By Elon Musk With NO College Degree,2026-05-21 22:30:08+05:30,45,micro,evergreen,False,organic,121,53695,867,13,443.7603305785124,0.016388863022627806,16.760000228881836,7445.72021484375,Normal,Standard,57,
507,Graham Stephan,The New Fed Chair's Plan To Reset The Entire Money System (Nobody Is Ready),2026-05-22 01:15:22+05:30,974,medium,other,False,organic,120,501164,15134,1257,4176.366666666667,0.03270586075615966,16.700000762939453,7473.47021484375,Normal,Standard,57,
508,Graham Stephan,Why I Lost Money on Robinhood...,2026-05-22 22:30:14+05:30,42,micro,other,False,organic,120,330434,5035,53,2753.616666666667,0.01539793120562654,16.700000762939453,7473.47021484375,Normal,Standard,57,
509,Graham Stephan,How The Dogecoin Millionaire LOST $3 MILLION,2026-05-23 22:30:08+05:30,30,micro,opportunity,False,organic,119,594571,8154,158,4996.394957983193,0.013979827472244693,16.700000762939453,7473.47021484375,Normal,Standard,57,
510,Graham Stephan,How Michael Reeves Learned To Code For Free,2026-05-24 22:30:10+05:30,26,micro,undefined,False,organic,118,627030,15303,186,5313.813559322034,0.024702167360413377,16.700000762939453,7473.47021484375,Normal,Standard,57,
511,Graham Stephan,Kevin O Leary Reacts to Graham Stephan's Spending...,2026-05-26 21:30:26+05:30,25,micro,undefined,False,organic,116,233775,2529,34,2015.301724137931,0.010963533311945247,17.010000228881836,7519.1201171875,Normal,Standard,57,
512,Graham Stephan,Touring Michael Jordan’s Mansion 🤯,2026-05-27 21:30:33+05:30,24,micro,undefined,False,organic,115,55054,569,25,478.7304347826087,0.01078940676426781,16.290000915527344,7520.35986328125,Normal,Standard,57,
513,Graham Stephan,Why Ludwig Got FIRED From His Job...,2026-05-28 21:30:19+05:30,39,micro,undefined,False,organic,114,18824,146,14,165.12280701754386,0.008499787505312367,15.739999771118164,7563.6298828125,Normal,Standard,57,
514,Graham Stephan,FAILED Shark Tank Businesses,2026-05-31 23:00:07+05:30,23,micro,undefined,False,organic,111,298505,4403,63,2689.234234234234,0.014961223430093299,15.319999694824219,7580.06005859375,Normal,Standard,57,
515,Graham Stephan,Exposing Zach King's Investment Portfolio!,2026-06-01 22:30:19+05:30,28,micro,evergreen,False,organic,110,315991,3263,52,2872.6454545454544,0.01049080511786728,16.049999237060547,7599.9599609375,Normal,Standard,57,
516,Graham Stephan,How The US Is Quietly Erasing The $39 Trillion National Debt,2026-06-02 01:30:09+05:30,1082,medium,other,False,organic,109,1016150,25310,2969,9322.477064220184,0.027829552723515227,15.770000457763672,7609.77978515625,Normal,Standard,57,
517,Graham Stephan,Why Zach King LOSES Money On Content,2026-06-02 22:30:31+05:30,49,micro,other,False,organic,109,92941,1056,15,852.6697247706422,0.011523439601467598,15.770000457763672,7609.77978515625,Normal,Standard,57,
518,Graham Stephan,Ludwig's WORST Money Mistake...,2026-06-03 21:30:18+05:30,37,micro,fear,False,organic,108,86319,980,6,799.25,0.011422745861281988,16.059999465942383,7553.68017578125,Normal,Standard,57,
519,Graham Stephan,Hospital Bill Savings Hack 💵,2026-06-04 23:30:33+05:30,59,micro,opportunity,False,organic,107,105165,2265,89,982.8504672897196,0.022383872961536634,15.399999618530273,7584.31005859375,Normal,Standard,57,
520,Graham Stephan,How I Almost Lost MILLIONS,2026-06-05 22:30:30+05:30,44,micro,opportunity,False,organic,106,599530,10903,140,5655.943396226415,0.01841942855236602,21.510000228881836,7383.740234375,Volatile,Standard,58,
521,Graham Stephan,Exposing How Much Money Michael Reeves Spends,2026-06-06 22:30:23+05:30,45,micro,other,False,organic,105,336694,8251,170,3206.609523809524,0.02501084070402205,21.510000228881836,7383.740234375,Volatile,Standard,58,
522,Graham Stephan,"Grant Cardone’s $1,000,000 Mistake...",2026-06-07 22:30:02+05:30,40,micro,evergreen,False,organic,104,31716,549,21,304.96153846153845,0.017972001513431705,21.510000228881836,7383.740234375,Volatile,Standard,58,
523,Graham Stephan,Trump Just Secretly Triggered The Next Great Wealth Transfer,2026-06-09 01:30:12+05:30,954,medium,opportunity,False,organic,102,441069,12584,957,4324.205882352941,0.030700411953685253,19.8700008392334,7386.64990234375,Normal,Standard,59,
524,Graham Stephan,Real vs  Fake Rolex!,2026-06-09 23:30:08+05:30,49,micro,fear,False,organic,102,14733,238,35,144.44117647058823,0.018529830991651394,19.8700008392334,7386.64990234375,Normal,Standard,59,
525,Graham Stephan,How To Get Rich From The Stock Market!,2026-06-10 22:30:25+05:30,55,micro,evergreen,False,organic,101,697589,15666,271,6906.821782178218,0.022845830424504974,22.219999313354492,7266.990234375,Volatile,Standard,60,
526,Graham Stephan,Micheal Reeves Splurged On His Dream Car!,2026-06-11 22:30:11+05:30,52,micro,other,False,organic,100,5235,77,27,52.35,0.019866284622731614,19.440000534057617,7394.2998046875,Normal,Standard,61,
527,Graham Stephan,"How To Make $100,000 As A Waiter!",2026-06-12 22:30:19+05:30,50,micro,evergreen,False,organic,99,198061,4945,79,2000.6161616161617,0.02536592261979895,17.68000030517578,7431.4599609375,Normal,Standard,61,
528,Graham Stephan,"""You Can't Build Wealth On $35,000 Salary""",2026-06-13 22:30:35+05:30,54,micro,evergreen,False,organic,98,59359,1623,52,605.704081632653,0.028218130359338938,17.68000030517578,7431.4599609375,Normal,Standard,61,
529,Graham Stephan,How Hiring A Chauffeur Made Ryan Serhant BILLIONS!,2026-06-14 22:30:12+05:30,31,micro,undefined,False,organic,97,89966,1097,10,927.4845360824743,0.012304648422737478,17.68000030517578,7431.4599609375,Normal,Standard,61,
530,Graham Stephan,Chipotle Savings Hack! 💵,2026-06-15 22:30:32+05:30,57,micro,opportunity,False,organic,96,474575,16209,160,4943.489583333333,0.0344919138176263,16.200000762939453,7554.2900390625,Normal,Standard,61,
531,Graham Stephan,Buying My daughter A Lambo At 19!,2026-06-16 22:30:10+05:30,60,micro,undefined,False,organic,95,11526,240,20,121.32631578947368,0.022557695644629533,16.40999984741211,7511.35009765625,Normal,Standard,61,
532,Graham Stephan,BREAKING: The FED Cancels ALL Rate Cuts - Market Selloff Has Begun!,2026-06-18 01:30:06+05:30,1131,medium,fear,False,organic,93,393866,11111,951,4235.118279569892,0.03062462868082038,16.399999618530273,7500.580078125,Normal,Standard,61,
533,Graham Stephan,Kevin O'Leary ROASTS Gen Z!,2026-06-19 02:00:15+05:30,48,micro,undefined,False,organic,92,32564,648,85,353.95652173913044,0.022509519715022724,16.399999618530273,7500.580078125,Normal,Standard,61,
534,Graham Stephan,Exposing Engagement Rings!,2026-06-19 22:30:28+05:30,59,micro,undefined,False,organic,92,92178,2209,135,1001.9347826086956,0.025429061164269132,16.399999618530273,7500.580078125,Normal,Standard,61,
535,Graham Stephan,Go Into Debt For Your First Rolex!,2026-06-20 22:30:06+05:30,58,micro,other,False,organic,91,210545,4937,197,2313.6813186813188,0.024384335890189745,16.399999618530273,7500.580078125,Normal,Standard,61,
536,Graham Stephan,The Sad Reality Of Lazy People...,2026-06-21 21:30:36+05:30,38,micro,evergreen,False,organic,90,72760,1930,48,808.4444444444445,0.027185266630016493,16.399999618530273,7500.580078125,Normal,Standard,61,
537,Graham Stephan,How To Get 3 Years FREE RENT,2026-06-22 21:30:21+05:30,40,micro,evergreen,False,organic,89,115368,2337,46,1296.2696629213483,0.02065564107898204,17.280000686645508,7472.7900390625,Normal,Standard,61,
538,Graham Stephan,Real Estate BILLIONAIRE'S Secret!,2026-06-23 21:30:22+05:30,49,micro,opportunity,False,organic,88,195084,4403,35,2216.8636363636365,0.022749174714481967,19.489999771118164,7365.4599609375,Normal,Standard,61,
539,Graham Stephan,RJ Mitte Uses ChatGPT To Find Penny Stocks 😭,2026-06-24 21:30:02+05:30,46,micro,other,False,organic,87,25914,715,20,297.86206896551727,0.028363047001620744,18.6299991607666,7358.22021484375,Normal,Standard,61,
540,Graham Stephan,WTF Just Happened To Your Retirement Accounts?!,2026-06-26 02:15:09+05:30,973,medium,evergreen,False,organic,85,294888,6976,686,3469.2705882352943,0.025982745991698544,18.40999984741211,7354.02001953125,Normal,Standard,61,
541,Graham Stephan,"""I Just Sold Everything” - WTF Happened To Bitcoin?!",2026-06-30 02:30:26+05:30,1004,medium,other,False,organic,81,456461,9928,1933,5635.320987654321,0.02598469529707905,16.450000762939453,7499.35986328125,Normal,Standard,61,
542,Graham Stephan,How Ben Shapiro Raised $4.8M 🤯,2026-06-30 21:30:32+05:30,61,micro,undefined,False,organic,81,40189,1045,39,496.1604938271605,0.02697255467914106,16.450000762939453,7499.35986328125,Normal,Standard,61,
543,Graham Stephan,How Much Money Doctors Make!,2026-07-01 21:30:25+05:30,54,micro,other,False,organic,80,334132,7035,226,4176.65,0.021730932685286055,16.59000015258789,7483.22998046875,Normal,Standard,61,
544,Graham Stephan,How To Spot Fake Lamborghini Buyers 👀,2026-07-02 21:30:06+05:30,58,micro,fear,False,organic,79,78611,1617,32,995.0759493670886,0.020976708094287057,16.149999618530273,7483.240234375,Normal,Standard,61,
545,Graham Stephan,Real Estate Lawyer Exposes New Scam!,2026-07-03 21:30:07+05:30,56,micro,fear,False,organic,78,45108,1074,56,578.3076923076923,0.025050988738139577,16.149999618530273,7483.240234375,Normal,Standard,61,
546,Graham Stephan,Elon Musk Fired Him From Tesla!,2026-07-04 21:30:02+05:30,56,micro,other,False,organic,77,188282,3316,71,2445.220779220779,0.017988973985829767,16.149999618530273,7483.240234375,Normal,Standard,61,
547,Graham Stephan,MrBeast Paid Him $500k To Lose 100lbs!,2026-07-05 21:30:23+05:30,32,micro,undefined,False,organic,76,132492,2904,16,1743.3157894736842,0.022039066509676054,16.149999618530273,7483.240234375,Normal,Standard,61,
548,Graham Stephan,Beast Games Winner Reveals Earnings!,2026-07-08 21:30:07+05:30,49,micro,opportunity,False,organic,73,16536,181,4,226.5205479452055,0.011187711659409773,16.899999618530273,7482.7099609375,Normal,Standard,61,
549,Graham Stephan,I Made Millions In Real Estate…It Wasn’t Worth It.,2026-07-09 01:30:00+05:30,1153,medium,opportunity,False,organic,72,642288,15197,2380,8920.666666666666,0.027366228234063223,15.84000015258789,7543.64013671875,Normal,Standard,61,
550,Graham Stephan,Why Biaheza Sold His Real Estate...,2026-07-09 21:30:26+05:30,41,micro,other,False,organic,72,228027,2746,77,3167.0416666666665,0.012380112881369311,15.84000015258789,7543.64013671875,Normal,Standard,61,
551,Graham Stephan,Why Bobby Left Our Podcast...,2026-07-10 21:30:05+05:30,58,micro,undefined,False,organic,71,401245,12628,187,5651.338028169014,0.03193809268651323,15.029999732971191,7575.39013671875,Normal,Standard,61,
552,Graham Stephan,Why Minx Pays 60% In Taxes! 🤯,2026-07-11 21:30:35+05:30,49,micro,evergreen,False,organic,70,79591,1516,110,1137.0142857142857,0.02042944554032491,15.029999732971191,7575.39013671875,Normal,Standard,61,
553,Graham Stephan,How Ben Mallah Avoids Taxes! 👀,2026-07-15 21:30:36+05:30,38,micro,evergreen,False,organic,66,36292,493,18,549.8787878787879,0.014080238068995922,15.670000076293945,7572.39990234375,Normal,Standard,61,
554,Graham Stephan,BREAKING: China’s ENTIRE Housing Market Just Collapsed,2026-07-16 01:30:39+05:30,1062,medium,fear,False,organic,65,401242,10716,1540,6172.953846153846,0.03054515728662503,16.729999542236328,7533.77001953125,Normal,Standard,61,
555,Graham Stephan,Togi's $1.4M Parlay 🤦‍♂️,2026-07-16 21:30:02+05:30,36,micro,undefined,False,organic,65,135104,2085,26,2078.523076923077,0.015625,16.729999542236328,7533.77001953125,Normal,Standard,61,
556,Graham Stephan,#1 Reason Lottery Winners Go Broke...,2026-07-18 22:00:19+05:30,47,micro,undefined,False,organic,63,55568,1583,54,882.031746031746,0.02945940109415491,18.770000457763672,7457.68994140625,Normal,Standard,61,
557,Graham Stephan,"Chase Credit Card ""Hack"" 🤫",2026-07-19 22:30:24+05:30,53,micro,opportunity,False,organic,62,33379,552,26,538.3709677419355,0.01731627670091974,18.770000457763672,7457.68994140625,Normal,Standard,61,
558,Graham Stephan,The WORST Part About Being Rich,2026-07-20 23:00:16+05:30,53,micro,fear,False,organic,61,350315,5891,234,5742.868852459016,0.01748426416225397,18.649999618530273,7443.27978515625,Normal,Standard,61,
559,Graham Stephan,31 Year Old Living With Mom Making $25k/Year...,2026-07-21 22:30:16+05:30,55,micro,undefined,False,organic,60,22996,418,25,383.26666666666665,0.01926421986432423,17.049999237060547,7509.2001953125,Normal,Standard,61,
560,Graham Stephan,WTF Is Happening To The Housing Market?!,2026-07-23 01:36:45+05:30,1028,medium,other,False,organic,58,692664,14378,2978,11942.48275862069,0.02505688183592622,18.700000762939453,7408.2998046875,Normal,Standard,61,
561,Graham Stephan,The BEST Investment In The World!,2026-07-24 21:30:29+05:30,47,micro,evergreen,False,organic,57,69873,1062,100,1225.842105263158,0.01663017188327394,18.579999923706055,7411.97998046875,Normal,Standard,61,
562,Graham Stephan,The Truth About Social Security,2026-07-26 00:00:06+05:30,56,micro,evergreen,False,organic,55,79619,1500,181,1447.6181818181817,0.021113050904934753,18.579999923706055,7411.97998046875,Normal,Standard,61,
563,Graham Stephan,The AI Bubble Just Collapsed — A Warning For America,2026-07-27 23:00:35+05:30,1113,medium,fear,False,organic,54,306089,7374,761,5668.314814814815,0.026577237339466625,18.670000076293945,7413.18017578125,Normal,Urgent,61,
564,Graham Stephan,Why You Should NEVER Save Money,2026-07-28 21:30:17+05:30,40,micro,other,False,organic,53,45711,859,42,862.4716981132076,0.019710791713154385,18.209999084472656,7428.77978515625,Normal,Standard,61,
565,Graham Stephan,Why Walt JR Didn't Get Paid From Breaking Bad,2026-07-29 22:30:32+05:30,39,micro,fear,False,organic,52,74619,1180,27,1434.9807692307693,0.016175504898216272,20.65999984741211,7316.14990234375,Volatile,Standard,62,1.0
566,Graham Stephan,Unethical Ways To Make Money,2026-07-30 22:30:38+05:30,49,micro,other,False,organic,51,26546,625,27,520.5098039215686,0.024561139154674904,17.09000015258789,7437.6298828125,Normal,Standard,63,
567,Graham Stephan,The Truth On LA's Housing Crisis,2026-07-31 22:30:01+05:30,62,micro,fear,False,organic,50,83919,1630,177,1678.38,0.021532668406439543,15.989999771118164,7489.72021484375,Normal,Standard,63,
568,Graham Stephan,"The Best Free Money ""Hack""",2026-08-01 23:15:09+05:30,46,micro,opportunity,False,organic,49,338116,5000,149,6900.326530612245,0.01522850146103704,15.989999771118164,7489.72021484375,Normal,Standard,63,
569,Graham Stephan,Jennette McCurdy Never Got Paid From iCarly...,2026-08-03 02:15:37+05:30,55,micro,undefined,False,organic,47,18195,309,11,387.1276595744681,0.017587249244297883,15.859999656677246,7600.5,Normal,Standard,63,
570,Graham Stephan,Japan’s Currency Crisis Is Now America’s Problem,2026-08-03 23:30:14+05:30,806,medium,fear,False,organic,47,272466,7090,600,5797.148936170212,0.028223704976033707,15.859999656677246,7600.5,Normal,Urgent,63,
571,Graham Stephan,Jason Nash's Sad Downfall,2026-08-04 22:30:07+05:30,56,micro,undefined,False,organic,46,10681,163,8,232.19565217391303,0.0160097369160191,16.5,7736.52001953125,Normal,Standard,63,
572,Graham Stephan,How To Illegally Make $16k/MO,2026-08-07 04:30:10+05:30,43,micro,evergreen,False,organic,43,67372,936,98,1566.7906976744187,0.015347622157572878,14.899999618530273,7757.64013671875,Normal,Standard,63,
573,Graham Stephan,Amouranth's Secret Side Hustle 👀,2026-08-09 03:30:21+05:30,54,micro,opportunity,False,organic,41,98139,1654,61,2393.6341463414633,0.017475213727468183,14.899999618530273,7757.64013671875,Normal,Standard,63,
574,Graham Stephan,"THE FED JUST RESET THE MARKET - Stocks Hit All-Time-High, Interest Rates Skyrocket!",2026-08-11 02:00:32+05:30,902,medium,opportunity,False,organic,39,423794,7801,562,10866.51282051282,0.019733644176179937,15.279999732971191,7728.2001953125,Normal,Standard,63,
575,Graham Stephan,BREAKING: Trump Announces MASSIVE Tax Breaks For ALL Investors | What You MUST Know!,2026-08-13 21:30:12+05:30,1025,medium,fear,False,organic,37,394485,10830,1984,10661.756756756757,0.032482857396352205,14.630000114440918,7798.990234375,Normal,Standard,63,
576,Graham Stephan,The BEST Money Advice To Teach Your Kids,2026-08-14 22:30:07+05:30,51,micro,evergreen,False,organic,36,58913,1396,114,1636.4722222222222,0.025631015225841495,14.25,7785.759765625,Normal,Standard,63,
577,Graham Stephan,She Makes $142k BUT Blames Her KID For Their Debt…,2026-08-15 22:30:36+05:30,57,micro,other,False,organic,35,30594,573,22,874.1142857142858,0.019448257828332354,14.25,7785.759765625,Normal,Standard,63,
578,Graham Stephan,How Justin Waller Has A 6-Pack 🤣,2026-08-16 22:30:29+05:30,53,micro,undefined,False,organic,34,103864,1291,78,3054.823529411765,0.01318069783563121,14.25,7785.759765625,Normal,Standard,63,
579,Graham Stephan,Caleb Hammer's WORST Guest,2026-08-17 22:30:19+05:30,53,micro,fear,False,organic,33,51495,635,13,1560.4545454545455,0.012583745994756772,15.1899995803833,7745.06005859375,Normal,Standard,63,
580,Graham Stephan,Buying A House In Cash?!,2026-08-18 22:30:22+05:30,53,micro,other,False,organic,32,266837,3121,160,8338.65625,0.012295895996432278,15.84000015258789,7691.759765625,Normal,Standard,63,
581,Graham Stephan,Avoid THIS Credit Card Scam...,2026-08-20 21:30:21+05:30,64,micro,fear,False,organic,30,32641,906,53,1088.0333333333333,0.029380227321466865,16.010000228881836,7641.16015625,Normal,Standard,63,
582,Graham Stephan,BREAKING: The Bond Market Is Collapsing - Massive Bailout Has Begun!,2026-08-26 01:30:08+05:30,942,medium,fear,False,organic,24,480269,8008,661,20011.208333333332,0.018050300977160715,15.210000038146973,7675.7001953125,Normal,Standard,63,
583,Graham Stephan,"Why Clavicular Spends $2.2k/MO On ""Looksmaxing"" 🤦‍♂️",2026-08-26 21:30:17+05:30,56,micro,undefined,False,organic,24,28694,633,33,1195.5833333333333,0.023210427267024464,15.210000038146973,7675.7001953125,Normal,Standard,63,
584,Graham Stephan,True Cost Of A $5M Yacht...,2026-08-27 21:30:17+05:30,49,micro,evergreen,False,organic,23,39210,582,19,1704.7826086956522,0.015327722519765366,14.510000228881836,7730.990234375,Normal,Standard,63,
585,Graham Stephan,Why Clavicular Pays His GF $6k/MO 🫠,2026-08-29 23:00:05+05:30,57,micro,undefined,False,organic,21,32248,203,7,1535.6190476190477,0.006512031753907219,14.430000305175781,7711.759765625,Normal,Standard,63,
586,Graham Stephan,This Millionaire Only Owns 5 Shirts...,2026-08-30 22:30:32+05:30,62,micro,evergreen,False,organic,20,19177,291,18,958.85,0.016113052093653855,14.430000305175781,7711.759765625,Normal,Standard,63,
587,Graham Stephan,Is Elon Musk TOO Rich? 🤔,2026-08-31 23:30:06+05:30,43,micro,evergreen,False,organic,19,39619,524,104,2085.2105263157896,0.0158509805901209,14.920000076293945,7686.14013671875,Normal,Standard,63,
588,Graham Stephan,It Started: America’s Bond Market Is Secretly Collapsing,2026-09-03 23:30:14+05:30,838,medium,other,False,organic,16,771732,7488,870,48233.25,0.010830184571846185,14.319999694824219,7747.7099609375,Normal,Standard,63,
589,Graham Stephan,How Much It Costs To Live In Miami,2026-09-04 23:00:01+05:30,53,micro,undefined,False,organic,15,21908,313,10,1460.5333333333333,0.014743472704035056,14.529999732971191,7718.60009765625,Normal,Standard,63,
590,Graham Stephan,Girlfriend's Debt Takes 26 Years To Pay Off 🤦‍♂️,2026-09-05 22:30:03+05:30,57,micro,other,False,organic,14,11461,145,2,818.6428571428571,0.012826105924439403,14.529999732971191,7718.60009765625,Normal,Standard,63,
591,Graham Stephan,Every Finance Tiktok Ever 🤣,2026-09-06 23:30:20+05:30,45,micro,evergreen,False,organic,13,12702,217,3,977.0769230769231,0.017320107069752795,14.529999732971191,7718.60009765625,Normal,Standard,63,
592,Graham Stephan,Cost Of Living In A $30M Mansion 🤯,2026-09-08 00:30:11+05:30,49,micro,evergreen,False,organic,11,33041,441,30,3003.7272727272725,0.014255016494658152,15.720000267028809,7673.52001953125,Normal,Standard,63,
593,Graham Stephan,I Got Audited by AI,2026-09-09 02:45:22+05:30,52,micro,other,False,organic,10,6919,84,9,691.9,0.013441248735366382,16.459999084472656,7636.35986328125,Normal,Standard,63,
594,Graham Stephan,I Paid Off My 2.875% Mortgage…Dave Ramsey Was Right,2026-09-10 01:30:15+05:30,963,medium,other,False,organic,9,1903430,19578,3906,211492.22222222222,0.012337727155713633,17.84000015258789,7591.7001953125,Normal,Standard,63,
595,Graham Stephan,Ben Mallah's Private Jet Disaster...,2026-09-12 05:30:25+05:30,13,micro,fear,False,organic,7,12260,64,4,1751.4285714285713,0.005546492659053833,15.84000015258789,7656.97998046875,Normal,Standard,63,
596,Graham Stephan,Ben Mallah Talks To Homeless Before Property Inspection 😭,2026-09-13 00:30:14+05:30,37,micro,undefined,False,organic,6,4951,46,8,825.1666666666666,0.010906887497475258,15.84000015258789,7656.97998046875,Normal,Standard,63,
597,Graham Stephan,Ben Mallah Pays $12M/Year In Interest Payments 🤯,2026-09-16 23:30:28+05:30,64,micro,undefined,False,organic,3,10246,86,3,3415.3333333333335,0.008686316611360531,,,Normal,Standard,63,
598,Graham Stephan,"BREAKING: The FED Just RAISED Interest Rates - Stocks Falling, Housing Market FROZEN!",2026-09-17 01:30:29+05:30,894,medium,fear,False,organic,2,848470,7913,893,424235.0,0.010378681626928472,,,Normal,Standard,63,
599,Graham Stephan,Togi's Loan Shark Exposed 💀,2026-09-18 23:30:10+05:30,59,micro,other,False,organic,1,20353,273,5,20353.0,0.01365892006092468,,,Normal,Standard,63,
600,Humphrey Yang,The income needed to buy a $7 Daily Coffee (and not have it matter financially),2026-04-08 22:30:01+05:30,81,micro,undefined,False,organic,164,244695,4043,232,1492.0426829268292,0.01747072886654815,21.040000915527344,6782.81005859375,Volatile,Standard,64,
601,Humphrey Yang,"Who Can Afford a $250K, $500K, $1M, and $2M House in 2026?",2026-04-09 23:30:38+05:30,815,medium,other,False,organic,163,349865,4278,920,2146.411042944785,0.014857159189973275,19.489999771118164,6824.66015625,Normal,Standard,65,
602,Humphrey Yang,4 Signs You're Secretly Getting Rich,2026-04-10 22:45:01+05:30,87,micro,evergreen,False,organic,162,153886,3130,148,949.9135802469136,0.021301482915924777,19.229999542236328,6816.89013671875,Normal,Standard,65,
603,Humphrey Yang,4 Things You Should Do With Your Tax Refund (In Order),2026-04-14 00:00:57+05:30,77,micro,evergreen,False,organic,158,31676,862,32,200.48101265822785,0.028223260512690997,18.360000610351562,6967.3798828125,Normal,Standard,65,
604,Humphrey Yang,3 Signs You're Ahead Financially. How Many Did You Get?,2026-04-15 21:15:00+05:30,64,micro,undefined,False,organic,157,98467,1864,97,627.1783439490446,0.019915301573115867,18.170000076293945,7022.9501953125,Normal,Standard,65,
605,Humphrey Yang,Money Milestones I Want to Accomplish Before 40,2026-04-16 23:30:36+05:30,831,medium,evergreen,False,organic,156,213301,3861,526,1367.3141025641025,0.020567179713175277,17.940000534057617,7041.27978515625,Normal,Standard,65,
606,Humphrey Yang,How $7 Per Day Can Change Your Life,2026-04-17 21:45:03+05:30,52,micro,undefined,False,organic,155,84936,2202,44,547.9741935483871,0.026443439766412356,17.479999542236328,7126.06005859375,Normal,Standard,65,
607,Humphrey Yang,5 Things No Longer Worth Your Money,2026-04-21 03:15:01+05:30,93,micro,other,False,organic,151,777885,18184,754,5151.556291390729,0.0243455009416559,19.5,7064.009765625,Normal,Standard,65,
608,Humphrey Yang,Fidelity is introducing $100 ETF fees on 120+ ETFs. Here’s what you need to know+List in description,2026-04-23 04:30:29+05:30,67,micro,evergreen,False,organic,149,410160,6362,324,2752.751677852349,0.01630095572459528,19.309999465942383,7108.39990234375,Normal,Standard,65,
609,Humphrey Yang,10 Things That Are No Longer Worth Your Money,2026-04-23 23:30:45+05:30,1052,medium,other,False,organic,149,878112,15991,2150,5893.3691275167785,0.020659095878430088,19.309999465942383,7108.39990234375,Normal,Standard,65,
610,Humphrey Yang,"How Much You Need for $100 Per Month in Dividends with the following stocks: KO, AAPL, T",2026-04-24 21:15:15+05:30,68,micro,other,False,organic,148,178331,2778,126,1204.9391891891892,0.01628432521547011,18.709999084472656,7165.080078125,Normal,Standard,65,
611,Humphrey Yang,"If I wanted to hit my first $100,000 by 35 - here's what I'd do",2026-04-28 01:45:00+05:30,90,micro,undefined,False,organic,144,261670,5943,203,1817.1527777777778,0.02348759888409065,17.829999923706055,7138.7998046875,Normal,Standard,65,
612,Humphrey Yang,Hermes Birkin bags have appreciated over 650% in the past decade! Are they a good investment though?,2026-04-30 01:00:09+05:30,109,micro,evergreen,False,organic,142,39190,716,42,275.98591549295776,0.019341668793059454,16.889999389648438,7209.009765625,Normal,Standard,65,
613,Humphrey Yang,How Much You Need Invested to Live Off Dividends in 2026,2026-04-30 23:30:41+05:30,710,medium,undefined,False,organic,142,258848,3969,648,1822.8732394366198,0.017836722709852888,16.889999389648438,7209.009765625,Normal,Standard,65,
614,Humphrey Yang,"What Makes a Coin $3,000,000?",2026-05-01 21:15:07+05:30,68,micro,undefined,False,organic,141,22317,458,26,158.27659574468086,0.02168750280055563,16.989999771118164,7230.1201171875,Normal,Standard,65,
615,Humphrey Yang,The difference a credit score makes to your interest rate 👀,2026-05-04 22:00:30+05:30,70,micro,evergreen,False,organic,138,60135,1140,40,435.7608695652174,0.019622516005653946,18.290000915527344,7200.75,Normal,Standard,65,
616,Humphrey Yang,Leasing vs Buying a Car: Which is financially optimal?,2026-05-06 23:15:06+05:30,61,micro,other,False,organic,136,342934,4545,248,2521.573529411765,0.013976450279062443,17.389999389648438,7365.1201171875,Normal,Standard,65,
617,Humphrey Yang,Never Finance A Car This Way (2026),2026-05-07 23:31:00+05:30,641,medium,evergreen,False,organic,135,746347,10757,719,5528.496296296296,0.015376225803815115,17.079999923706055,7337.10986328125,Normal,Standard,65,
618,Humphrey Yang,Will Spirit Airlines 2.0 Actually Work? Here's What I Think.,2026-05-08 22:15:06+05:30,82,micro,undefined,False,organic,134,49073,937,63,366.2164179104478,0.02037780449534367,17.190000534057617,7398.93017578125,Normal,Standard,65,
619,Humphrey Yang,I'm giving away $15k+ worth of Morgan Silver Dollars and a $3k+ Gold Coin this Saturday May 16th ⬇️,2026-05-12 05:08:00+05:30,63,micro,other,False,organic,130,565645,992,21,4351.115384615385,0.0017908759027305112,17.989999771118164,7400.9599609375,Normal,Standard,65,
620,Humphrey Yang,"If you do these 4 things with your money, you are ahead of 80% of people",2026-05-14 01:00:00+05:30,76,micro,other,False,organic,128,116116,2886,98,907.15625,0.02569843949154294,17.260000228881836,7501.240234375,Normal,Standard,65,
621,Humphrey Yang,China's Trade Decision is About to Wreck the US Economy,2026-05-14 23:30:06+05:30,1067,medium,other,False,organic,128,80129,2612,567,626.0078125,0.039673526438617726,17.260000228881836,7501.240234375,Normal,Standard,65,
622,Humphrey Yang,Best and Worst States for Savings Account Balances... Did this surprise you?,2026-05-15 23:30:13+05:30,71,micro,fear,False,organic,127,32456,643,83,255.55905511811022,0.022368745378358392,18.43000030517578,7408.5,Normal,Standard,65,
623,Humphrey Yang,Best and Worst States When It Comes To Net Worth,2026-05-16 23:30:01+05:30,84,micro,fear,False,organic,126,19234,308,15,152.65079365079364,0.016793178745970676,18.43000030517578,7408.5,Normal,Standard,65,
624,Humphrey Yang,When Can You Move Out on Your Own? (Financially),2026-05-19 04:30:35+05:30,67,micro,undefined,False,organic,123,65853,2121,79,535.390243902439,0.033407741484822256,18.059999465942383,7353.60986328125,Normal,Standard,65,
625,Humphrey Yang,How much do you need to make to afford a Honda CR-V?,2026-05-21 01:45:01+05:30,67,micro,undefined,False,organic,121,51188,883,92,423.0413223140496,0.019047432992107524,16.760000228881836,7445.72021484375,Normal,Standard,65,
626,Humphrey Yang,Chime Prime just launched and the value is there: 5% cash back + 3.75% APY for $0 annual fee!,2026-05-21 21:20:12+05:30,69,micro,other,False,organic,121,23275,509,15,192.35537190082644,0.02251342642320086,16.760000228881836,7445.72021484375,Normal,Standard,65,
627,Humphrey Yang,The 3 Net Worth Levels Where People Start Treating You Differently,2026-05-21 23:30:23+05:30,918,medium,evergreen,False,organic,121,222305,3212,618,1837.2314049586778,0.01722858235307348,16.760000228881836,7445.72021484375,Normal,Standard,65,
628,Humphrey Yang,The Stock Market is at All Time Highs (Again): What Should You Do?,2026-05-22 22:45:14+05:30,64,micro,other,False,organic,120,98524,2535,89,821.0333333333333,0.02663310462425399,16.700000762939453,7473.47021484375,Normal,Standard,65,
629,Humphrey Yang,Your 401k is about to buy SpaceX stock automatically: here's why.,2026-05-26 03:30:06+05:30,84,micro,evergreen,False,organic,116,267100,6137,424,2302.5862068965516,0.02456383377012355,17.010000228881836,7519.1201171875,Normal,Standard,65,
630,Humphrey Yang,Proxy voting lets you influence certain corporate decisions for your individual stock holdings!,2026-05-26 23:00:24+05:30,82,micro,other,False,organic,116,19762,713,0,170.36206896551724,0.03607934419593158,17.010000228881836,7519.1201171875,Normal,Standard,65,
631,Humphrey Yang,This is the Exact Order to Invest Your Money!,2026-05-27 20:30:14+05:30,79,micro,other,False,organic,115,125395,3384,188,1090.391304347826,0.028485984289644724,16.290000915527344,7520.35986328125,Normal,Standard,65,
632,Humphrey Yang,"If You're Going To Spend Money, At Least Buy These 10 Things First",2026-05-28 23:30:05+05:30,1178,medium,other,False,organic,114,227336,5293,410,1994.1754385964912,0.025086215997466306,15.739999771118164,7563.6298828125,Normal,Standard,65,
633,Humphrey Yang,Getting Over The $100K to $250K Hurdle,2026-05-29 20:30:23+05:30,68,micro,undefined,False,organic,113,227006,4505,172,2008.9026548672566,0.02060297965692537,15.319999694824219,7580.06005859375,Normal,Standard,65,
634,Humphrey Yang,How Much Should You Spend on An Engagement Ring?,2026-06-01 20:30:20+05:30,69,micro,undefined,False,organic,110,41137,770,106,373.9727272727273,0.0212946982035637,16.049999237060547,7599.9599609375,Normal,Standard,65,
635,Humphrey Yang,"How Much Money Do ""Above Average"" People Have?",2026-06-03 20:30:38+05:30,87,micro,other,False,organic,108,197663,4016,329,1830.212962962963,0.021981858010856864,16.059999465942383,7553.68017578125,Normal,Standard,65,
636,Humphrey Yang,EVERY Strategy to Retire Early Explained,2026-06-04 23:30:33+05:30,1185,medium,evergreen,False,organic,107,438641,6994,996,4099.448598130841,0.018215351506129157,15.399999618530273,7584.31005859375,Normal,Standard,65,
637,Humphrey Yang,Could the nickel be next?,2026-06-05 20:30:30+05:30,75,micro,undefined,False,organic,106,73491,1517,84,693.311320754717,0.021784980473799512,21.510000228881836,7383.740234375,Volatile,Standard,66,
638,Humphrey Yang,This Purchase Will Set You Back 5 Years,2026-06-08 20:30:11+05:30,74,micro,undefined,False,organic,103,72585,1575,82,704.7087378640776,0.02282840807329338,18.920000076293945,7405.72998046875,Normal,Standard,67,
639,Humphrey Yang,VOO vs VTI: What's The Difference?,2026-06-10 20:30:11+05:30,79,micro,undefined,False,organic,101,108349,2663,144,1072.7623762376238,0.025907022676720598,22.219999313354492,7266.990234375,Volatile,Standard,68,
640,Humphrey Yang,The Biggest Wealth Killers in Your 20s and 30s (Avoid At All Costs),2026-06-11 23:30:05+05:30,1014,medium,evergreen,False,organic,100,463004,7222,582,4630.04,0.01685514595986212,19.440000534057617,7394.2998046875,Normal,Standard,69,
641,Humphrey Yang,Here's How Much You Need for CoastFIRE,2026-06-12 20:30:09+05:30,65,micro,undefined,False,organic,99,349667,6974,303,3531.989898989899,0.020811228969276483,17.68000030517578,7431.4599609375,Normal,Standard,69,
642,Humphrey Yang,30% of the S&P 500 is in just 7 Companies,2026-06-15 20:30:26+05:30,64,micro,other,False,organic,96,37293,1023,45,388.46875,0.028638082213820287,16.200000762939453,7554.2900390625,Normal,Standard,69,
643,Humphrey Yang,A Wealth Killer: Choosing the Wrong City,2026-06-17 21:30:09+05:30,81,micro,evergreen,False,organic,94,26653,841,54,283.5425531914894,0.0335797096011706,18.440000534057617,7420.10009765625,Normal,Standard,69,
644,Humphrey Yang,"The Best Financial Strategies by Income: $50K, $100K, $150K+",2026-06-18 23:30:19+05:30,1023,medium,evergreen,False,organic,93,350271,5359,545,3766.3548387096776,0.016855520439887972,16.399999618530273,7500.580078125,Normal,Standard,69,
645,Humphrey Yang,What are RSUs? Explained in simple terms.,2026-06-20 20:00:15+05:30,78,micro,evergreen,False,organic,91,290859,5591,106,3196.252747252747,0.01958681010386476,16.399999618530273,7500.580078125,Normal,Standard,69,
646,Humphrey Yang,"If You Want to Retire Early, Follow this Flow Chart.",2026-06-24 02:30:37+05:30,80,micro,evergreen,False,organic,87,86058,2136,71,989.1724137931035,0.02564549489878919,18.6299991607666,7358.22021484375,Normal,Standard,69,
647,Humphrey Yang,4 Things You Should Buy Before Anything Else,2026-06-24 20:30:20+05:30,88,micro,undefined,False,organic,87,24247,870,26,278.7011494252874,0.03695302511650926,18.6299991607666,7358.22021484375,Normal,Standard,69,
648,Humphrey Yang,How to Become A Millionaire On An Average Salary (Optimal Method),2026-06-26 02:30:27+05:30,969,medium,evergreen,False,organic,85,314125,5151,389,3695.5882352941176,0.017636291285316356,18.40999984741211,7354.02001953125,Normal,Standard,69,
649,Humphrey Yang,The Best Beginner Investing Strategy,2026-06-26 20:30:24+05:30,63,micro,evergreen,False,organic,85,30100,868,33,354.11764705882354,0.029933554817275748,18.40999984741211,7354.02001953125,Normal,Standard,69,
650,Humphrey Yang,401k Median and Average Balances in 2026,2026-07-02 02:30:07+05:30,65,micro,evergreen,False,organic,79,31275,676,68,395.88607594936707,0.023788968824940047,16.149999618530273,7483.240234375,Normal,Standard,69,
651,Humphrey Yang,Roasting My Subscribers’ Investment Portfolios Featuring @GrahamStephan,2026-07-02 23:30:14+05:30,1285,long,evergreen,False,organic,79,145131,2497,416,1837.1012658227849,0.020071521590838623,16.149999618530273,7483.240234375,Normal,Standard,69,
652,Humphrey Yang,What % of your portfolio should be speculative assets?,2026-07-03 20:30:00+05:30,76,micro,evergreen,False,organic,78,21464,460,43,275.1794871794872,0.023434588147595976,16.149999618530273,7483.240234375,Normal,Standard,69,
653,Humphrey Yang,Here Are The 4 Tiers of Wealth (Do You Agree?),2026-07-04 20:30:32+05:30,83,micro,evergreen,False,organic,77,394977,6497,454,5129.571428571428,0.017598493076812067,16.149999618530273,7483.240234375,Normal,Standard,69,
654,Humphrey Yang,3 ETFs To Buy Once You Open An Account: The 3 Fund Portfolio!,2026-07-06 22:30:30+05:30,91,micro,evergreen,False,organic,75,119121,3435,115,1588.28,0.02980163027509843,15.569999694824219,7537.43017578125,Normal,Standard,69,
655,Humphrey Yang,Selling My 1 Ounce Gold Coin,2026-07-08 23:00:33+05:30,72,micro,other,False,organic,73,47848,1087,102,655.4520547945206,0.024849523491055008,16.899999618530273,7482.7099609375,Normal,Standard,69,
656,Humphrey Yang,Average 401K Balance By Age - 2026 Edition!,2026-07-09 23:30:01+05:30,866,medium,evergreen,False,organic,72,302324,3065,838,4198.944444444444,0.01290999060610471,15.84000015258789,7543.64013671875,Normal,Standard,69,
657,Humphrey Yang,5 Signs You're Doing Well Financially in 2026,2026-07-10 20:30:07+05:30,90,micro,undefined,False,organic,71,162056,4637,249,2282.478873239437,0.0301500715801945,15.029999732971191,7575.39013671875,Normal,Standard,69,
658,Humphrey Yang,Two New ETFs Which EXCLUDE Elon Musk.,2026-07-14 02:30:26+05:30,70,micro,undefined,False,organic,67,156612,3255,276,2337.492537313433,0.02254616504482415,16.5,7543.58984375,Normal,Standard,69,
659,Humphrey Yang,How Much Should You Keep in your Emergency Fund? Explained,2026-07-16 19:30:24+05:30,71,micro,fear,False,organic,65,84467,2142,75,1299.4923076923078,0.02624693667349379,16.729999542236328,7533.77001953125,Normal,Urgent,69,
660,Humphrey Yang,Finance Experts Rate 19 Controversial Money Topics with @GrahamStephan,2026-07-17 03:30:12+05:30,1783,long,evergreen,False,organic,64,70100,1629,375,1095.3125,0.028587731811697575,18.770000457763672,7457.68994140625,Normal,Standard,69,
661,Humphrey Yang,Never Keep Over THIS Amount in Your Bank Account,2026-07-17 20:30:07+05:30,74,micro,other,False,organic,64,136717,3567,139,2136.203125,0.027107089827892655,18.770000457763672,7457.68994140625,Normal,Standard,69,
662,Humphrey Yang,"What is Your ""Set for Life"" Number? Explained.",2026-07-21 00:00:13+05:30,67,micro,evergreen,False,organic,60,120535,2398,165,2008.9166666666667,0.02126353341353134,17.049999237060547,7509.2001953125,Normal,Standard,69,
663,Humphrey Yang,Extreme Frugality gone too far? Let us know your thoughts in the comments 👀,2026-07-21 20:30:22+05:30,33,micro,undefined,False,organic,60,25300,396,36,421.6666666666667,0.01707509881422925,17.049999237060547,7509.2001953125,Normal,Standard,69,
664,Humphrey Yang,Here are the 4 Tiers of Investing: Which are you in?,2026-07-22 20:30:37+05:30,71,micro,evergreen,False,organic,59,339871,6510,389,5760.525423728814,0.02029887810375113,16.639999389648438,7498.9599609375,Normal,Standard,69,
665,Humphrey Yang,If Everyone Is Struggling... Why Are Stocks at Record Highs?,2026-07-23 23:30:21+05:30,1012,medium,other,False,organic,58,182543,3791,768,3147.293103448276,0.024974937412007035,18.700000762939453,7408.2998046875,Normal,Standard,69,
666,Humphrey Yang,The 3 ETF Numbers to Track Before You Buy,2026-07-24 20:30:06+05:30,89,micro,evergreen,False,organic,57,81052,2310,66,1421.9649122807018,0.029314514139071213,18.579999923706055,7411.97998046875,Normal,Standard,69,
667,Humphrey Yang,The 100% Guaranteed Investment. Do you make this?,2026-07-28 02:00:26+05:30,76,micro,evergreen,False,organic,53,56529,1359,61,1066.5849056603774,0.025119849988501478,18.209999084472656,7428.77978515625,Normal,Standard,69,
668,Humphrey Yang,The danger of expense ratios when it comes to ETFs/Funds.,2026-07-30 20:30:14+05:30,86,micro,fear,False,organic,51,51209,1338,57,1004.0980392156863,0.027241305239313403,17.09000015258789,7437.6298828125,Normal,Standard,69,
669,Humphrey Yang,"What Changes at $1M, $2M, and $5M Retirement?",2026-07-30 23:30:19+05:30,1136,medium,evergreen,False,organic,51,605788,5300,1014,11878.196078431372,0.01042278817011892,17.09000015258789,7437.6298828125,Normal,Standard,69,
670,Humphrey Yang,Why I Don't Lend Money to Friends/Family: And What To Do Instead,2026-07-31 20:30:37+05:30,67,micro,other,False,organic,50,36620,1196,111,732.4,0.03569087930092846,15.989999771118164,7489.72021484375,Normal,Standard,69,
671,Humphrey Yang,5 Things Worth The Money with @TaylorBell,2026-08-03 21:45:34+05:30,11,micro,other,False,organic,47,170517,1467,93,3628.021276595745,0.009148647935396471,15.859999656677246,7600.5,Normal,Standard,69,
672,Humphrey Yang,4 Signs Someone is Secretly Wealthy,2026-08-05 23:30:25+05:30,62,micro,undefined,False,organic,45,68289,1619,65,1517.5333333333333,0.024659901301820206,15.8100004196167,7723.5498046875,Normal,Standard,69,
673,Humphrey Yang,The Biggest Money Mistakes People Make After Reaching $100K Net Worth,2026-08-07 00:00:09+05:30,1175,medium,evergreen,False,organic,43,210622,2902,565,4898.186046511628,0.01646076858068008,14.899999618530273,7757.64013671875,Normal,Standard,69,
674,Humphrey Yang,Why $50k Changes Everything...,2026-08-07 20:30:38+05:30,62,micro,undefined,False,organic,43,92921,2391,158,2160.953488372093,0.02743190452104476,14.899999618530273,7757.64013671875,Normal,Standard,69,
675,Humphrey Yang,The Only 4 Index Funds You Need For Life,2026-08-13 01:30:36+05:30,70,micro,evergreen,False,organic,37,216759,4476,179,5858.351351351352,0.02147546353323276,14.630000114440918,7798.990234375,Normal,Standard,69,
676,Humphrey Yang,10 Things Worth Every Penny (ft. Taylor Bell),2026-08-13 23:30:17+05:30,1158,medium,undefined,False,organic,37,109735,2595,360,2965.810810810811,0.0269285095912881,14.630000114440918,7798.990234375,Normal,Standard,69,
677,Humphrey Yang,"4 Signs Someone ""Looks Rich"" but is Actually Broke",2026-08-14 20:30:17+05:30,62,micro,evergreen,False,organic,36,69685,1591,69,1935.6944444444443,0.023821482385018296,14.25,7785.759765625,Normal,Standard,69,
678,Humphrey Yang,Average 401k Balances by Age Range in 2026!,2026-08-15 20:30:21+05:30,73,micro,evergreen,False,organic,35,114291,1798,239,3265.457142857143,0.017822925689686853,14.25,7785.759765625,Normal,Standard,69,
679,Humphrey Yang,Your First $100K is Comprised of.... Savings?,2026-08-17 20:30:12+05:30,61,micro,undefined,False,organic,33,57758,1494,31,1750.2424242424242,0.026403268811246928,15.1899995803833,7745.06005859375,Normal,Standard,69,
680,Humphrey Yang,Roth IRA Investing Strategy & Options to Invest In,2026-08-19 20:30:24+05:30,71,micro,evergreen,False,organic,31,81730,1783,94,2636.451612903226,0.022965863208124312,14.890000343322754,7707.97998046875,Normal,Standard,69,
681,Humphrey Yang,23 Things You Should Do With Your Money,2026-08-20 23:30:08+05:30,1145,medium,other,False,organic,30,125072,2464,332,4169.066666666667,0.022355123448893437,16.010000228881836,7641.16015625,Normal,Standard,69,
682,Humphrey Yang,A Lesson on Timing the Market,2026-08-21 20:30:01+05:30,70,micro,evergreen,False,organic,29,73582,1428,74,2537.310344827586,0.02041260090783072,15.130000114440918,7674.3701171875,Normal,Standard,69,
683,Humphrey Yang,How Much Should You Keep in Your Checking Account? Use this Framework.,2026-08-24 23:15:29+05:30,64,micro,undefined,False,organic,26,125206,2114,163,4815.615384615385,0.018186029423510056,15.850000381469727,7652.85986328125,Normal,Standard,69,
684,Humphrey Yang,4 Signs You'll Hit 1 Million in 10 Years Instead Of 40,2026-08-26 20:30:18+05:30,71,micro,opportunity,False,organic,24,216727,3367,123,9030.291666666666,0.016103208183567346,15.210000038146973,7675.7001953125,Normal,Standard,69,
685,Humphrey Yang,"5 Silent Wealth Killers Costing You $6,000+ Per Year",2026-08-27 23:30:02+05:30,1009,medium,evergreen,False,organic,23,251360,1833,192,10928.695652173914,0.008056174411203055,14.510000228881836,7730.990234375,Normal,Standard,69,
686,Humphrey Yang,4 Signs Someone Inherited Money,2026-08-28 22:00:23+05:30,67,micro,other,False,organic,22,65048,1130,42,2956.7272727272725,0.018017464026564997,14.430000305175781,7711.759765625,Normal,Standard,69,
687,Humphrey Yang,GM Energy is changing the game! I went to their GM Empower Event and Learned A Ton!,2026-08-31 23:15:31+05:30,93,micro,undefined,False,organic,19,9698,237,13,510.42105263157896,0.025778511033202722,14.920000076293945,7686.14013671875,Normal,Standard,69,
688,Humphrey Yang,4 Things Id Do If I Was Starting Over Financially,2026-09-01 20:30:15+05:30,75,micro,undefined,False,organic,18,64449,1276,21,3580.5,0.020124439479278187,16.34000015258789,7631.47021484375,Normal,Standard,69,
689,Humphrey Yang,How Much Rent Can You Really Afford?,2026-09-02 20:30:03+05:30,63,micro,undefined,False,organic,17,120844,1625,115,7108.470588235294,0.014398728939790143,15.199999809265137,7666.60009765625,Normal,Standard,69,
690,Humphrey Yang,You're Not Behind Yet: Why It FEELS Like Everyone Is Richer Than You,2026-09-03 23:30:17+05:30,993,medium,undefined,False,organic,16,596189,2823,492,37261.8125,0.005560317281935762,14.319999694824219,7747.7099609375,Normal,Standard,69,
691,Humphrey Yang,My best financial tip,2026-09-04 20:30:08+05:30,78,micro,evergreen,False,organic,15,71813,1358,57,4787.533333333334,0.01970395332321446,14.529999732971191,7718.60009765625,Normal,Standard,69,
692,Humphrey Yang,4 Things Your Parents Did That Make You Good With Money,2026-09-07 20:30:05+05:30,58,micro,other,False,organic,12,35465,720,49,2955.4166666666665,0.021683349781474695,15.300000190734863,7718.60009765625,Normal,Standard,69,
693,Humphrey Yang,If you feel behind financially... here's some data on why.,2026-09-09 20:30:14+05:30,89,micro,undefined,False,organic,10,206851,2720,133,20685.1,0.01379253665682061,16.459999084472656,7636.35986328125,Normal,Standard,69,
694,Humphrey Yang,11 Money Mistakes That Keep You Below $100K Net Worth,2026-09-10 23:30:00+05:30,1182,medium,evergreen,False,organic,9,220400,1470,336,24488.88888888889,0.008194192377495463,17.84000015258789,7591.7001953125,Normal,Standard,69,
695,Humphrey Yang,New series dropped 🎙️💰 send this to someone who chooses renting over buying,2026-09-11 23:30:12+05:30,70,micro,undefined,False,organic,8,140258,2752,206,17532.25,0.02108970611302029,15.84000015258789,7656.97998046875,Normal,Standard,69,
696,Humphrey Yang,"That Person Who Drives a ""Beater""",2026-09-14 20:30:39+05:30,69,micro,undefined,False,organic,5,105697,2111,279,21139.4,0.02261180544386312,17.100000381469727,7619.97998046875,Normal,Standard,69,
697,Humphrey Yang,The Federal Reserve Just Raised Interest Rates For The First Time Since 2023,2026-09-17 00:15:11+05:30,82,micro,other,False,organic,2,296123,4745,195,148061.5,0.016682257035083393,,,Normal,Standard,69,
698,Humphrey Yang,What No One Tells You About Becoming a Millionaire,2026-09-17 23:30:30+05:30,915,medium,evergreen,False,organic,2,304991,2304,538,152495.5,0.009318307753343542,,,Normal,Standard,69,
699,Humphrey Yang,Sep 18 4 Signs Someone Inherited Their Money Part 2,2026-09-19 02:00:22+05:30,65,micro,other,False,organic,1,12553,300,23,12553.0,0.025730900979845456,,,Normal,Standard,69,
700,I Will Teach You To Be Rich,$30K Wedding or 3 More Years of Retirement?,2026-06-25 03:30:10+05:30,57,micro,evergreen,False,organic,86,11015,270,6,128.08139534883722,0.025056740807989107,18.889999389648438,7357.490234375,Normal,Standard,69,
701,I Will Teach You To Be Rich,8 Skills High Earners Have That Most People Ignore,2026-06-25 16:00:16+05:30,1224,long,undefined,False,organic,86,64083,1887,58,745.1511627906976,0.03035126320553033,18.889999389648438,7357.490234375,Normal,Standard,69,
702,I Will Teach You To Be Rich,That “Awkward” Conversation Is Worth $1.18 Million,2026-06-25 21:30:39+05:30,47,micro,opportunity,False,organic,86,8552,150,3,99.44186046511628,0.017890551917680075,18.889999389648438,7357.490234375,Normal,Standard,69,
703,I Will Teach You To Be Rich,Should Couples Have a Joint Account?,2026-06-26 03:30:34+05:30,40,micro,undefined,False,organic,85,36845,425,72,433.47058823529414,0.013488940154702131,18.40999984741211,7354.02001953125,Normal,Standard,69,
704,I Will Teach You To Be Rich,Your Banking App Is Making You Anxious,2026-06-26 21:30:30+05:30,50,micro,other,False,organic,85,7055,159,5,83.0,0.023245924875974485,18.40999984741211,7354.02001953125,Normal,Standard,69,
705,I Will Teach You To Be Rich,Wait… Where Did the Money Go?,2026-06-27 03:30:13+05:30,40,micro,other,False,organic,84,28785,426,23,342.67857142857144,0.015598401945457703,18.40999984741211,7354.02001953125,Normal,Standard,69,
706,I Will Teach You To Be Rich,You’ll Never Earn More Until You Believe This,2026-06-27 21:30:13+05:30,31,micro,undefined,False,organic,84,14038,319,2,167.11904761904762,0.022866505200170965,18.40999984741211,7354.02001953125,Normal,Standard,69,
707,I Will Teach You To Be Rich,"High Earners Do Less, Not More",2026-06-28 21:30:25+05:30,36,micro,undefined,False,organic,83,15292,359,2,184.24096385542168,0.02360711483128433,18.40999984741211,7354.02001953125,Normal,Standard,69,
708,I Will Teach You To Be Rich,You’re Asking Terrible Questions,2026-06-29 21:30:21+05:30,49,micro,fear,False,organic,82,6049,164,2,73.76829268292683,0.027442552488014547,17.649999618530273,7440.43017578125,Normal,Standard,69,
709,I Will Teach You To Be Rich,“I make 2x more than him. He feels ashamed”,2026-06-30 15:30:06+05:30,5038,long,undefined,False,organic,81,97863,1452,560,1208.1851851851852,0.02055935338176839,16.450000762939453,7499.35986328125,Normal,Standard,69,
710,I Will Teach You To Be Rich,“I make 2x more than him. He feels ashamed”,2026-06-30 21:30:05+05:30,56,micro,undefined,False,organic,81,11538,157,14,142.44444444444446,0.014820592823712949,16.450000762939453,7499.35986328125,Normal,Standard,69,
711,I Will Teach You To Be Rich,Your Posture Is Costing You Respect,2026-07-01 03:30:39+05:30,28,micro,undefined,False,organic,80,6381,108,0,79.7625,0.01692524682651622,16.59000015258789,7483.22998046875,Normal,Standard,69,
712,I Will Teach You To Be Rich,He’s Uncomfortable That She Makes More,2026-07-01 21:30:18+05:30,37,micro,undefined,False,organic,80,7824,105,4,97.8,0.013931492842535788,16.59000015258789,7483.22998046875,Normal,Standard,69,
713,I Will Teach You To Be Rich,You Talk Too Much,2026-07-02 03:30:10+05:30,42,micro,undefined,False,organic,79,6308,179,0,79.84810126582279,0.028376664552948638,16.149999618530273,7483.240234375,Normal,Standard,69,
714,I Will Teach You To Be Rich,How Gambling Tricks Even Smart People,2026-07-02 15:30:16+05:30,1394,long,opportunity,False,organic,79,46322,1386,159,586.3544303797469,0.033353482146712146,16.149999618530273,7483.240234375,Normal,Standard,69,
715,I Will Teach You To Be Rich,"Once You Start Trading Options, You’re Cooked",2026-07-02 21:30:14+05:30,28,micro,undefined,False,organic,79,5865,89,5,74.24050632911393,0.016027280477408354,16.149999618530273,7483.240234375,Normal,Standard,69,
716,I Will Teach You To Be Rich,“I work hard. I deserve to order what I want.”,2026-07-03 03:30:11+05:30,37,micro,undefined,False,organic,78,10481,130,0,134.37179487179486,0.012403396622459689,16.149999618530273,7483.240234375,Normal,Standard,69,
717,I Will Teach You To Be Rich,Everyone Is Making Money off of YOU,2026-07-03 21:30:15+05:30,40,micro,other,False,organic,78,3034,74,0,38.8974358974359,0.024390243902439025,16.149999618530273,7483.240234375,Normal,Standard,69,
718,I Will Teach You To Be Rich,“Am I going to spend my entire retirement alone?”,2026-07-04 03:30:13+05:30,24,micro,evergreen,False,organic,77,20379,157,5,264.6623376623377,0.007949359634918298,16.149999618530273,7483.240234375,Normal,Standard,69,
719,I Will Teach You To Be Rich,Losing Money Is Easier Than Admitting It,2026-07-04 21:30:33+05:30,36,micro,fear,False,organic,77,3955,90,0,51.36363636363637,0.022756005056890013,16.149999618530273,7483.240234375,Normal,Standard,69,
720,I Will Teach You To Be Rich,Wealthy People Would Never Say This,2026-07-05 21:30:38+05:30,30,micro,undefined,False,organic,76,12616,217,4,166.0,0.017517438173747624,16.149999618530273,7483.240234375,Normal,Standard,69,
721,I Will Teach You To Be Rich,Robinhood Is Not Your Friend,2026-07-06 21:30:01+05:30,22,micro,undefined,False,organic,75,10313,234,8,137.50666666666666,0.023465528944051198,15.569999694824219,7537.43017578125,Normal,Standard,69,
722,I Will Teach You To Be Rich,"""We Make $150K… So why are we broke?""",2026-07-07 15:30:06+05:30,5313,long,undefined,False,organic,74,141824,2219,1420,1916.5405405405406,0.02565856272563177,16.1299991607666,7503.85009765625,Normal,Standard,69,
723,I Will Teach You To Be Rich,"“We make $150k, so why don’t we have any money?”",2026-07-07 21:30:28+05:30,54,micro,other,False,organic,74,11297,159,8,152.66216216216216,0.014782685668761618,16.1299991607666,7503.85009765625,Normal,Standard,69,
724,I Will Teach You To Be Rich,This Is Not How Millionaires Invest,2026-07-08 03:30:37+05:30,37,micro,undefined,False,organic,73,9091,162,6,124.53424657534246,0.018479815201847983,16.899999618530273,7482.7099609375,Normal,Standard,69,
725,I Will Teach You To Be Rich,“Our impulse spending is out of control”,2026-07-08 21:30:35+05:30,47,micro,undefined,False,organic,73,4543,82,0,62.23287671232877,0.018049746863306185,16.899999618530273,7482.7099609375,Normal,Standard,69,
726,I Will Teach You To Be Rich,You’re Not Investing—You’re Gambling,2026-07-09 03:30:38+05:30,34,micro,evergreen,False,organic,72,6432,155,3,89.33333333333333,0.024564676616915422,15.84000015258789,7543.64013671875,Normal,Standard,69,
727,I Will Teach You To Be Rich,7 Habits That Make You Feel Calm About Money,2026-07-09 15:30:06+05:30,1281,long,evergreen,False,organic,72,67020,1553,59,930.8333333333334,0.024052521635332738,15.84000015258789,7543.64013671875,Normal,Standard,69,
728,I Will Teach You To Be Rich,You’ll Never Have “Enough” Until You Do This,2026-07-09 21:30:23+05:30,62,micro,undefined,False,organic,72,10218,349,2,141.91666666666666,0.03435114503816794,15.84000015258789,7543.64013671875,Normal,Urgent,69,
729,I Will Teach You To Be Rich,Parents With Their Heads Buried,2026-07-10 03:30:11+05:30,43,micro,undefined,False,organic,71,15407,246,5,217.0,0.016291296164081263,15.029999732971191,7575.39013671875,Normal,Standard,69,
730,I Will Teach You To Be Rich,Millionaires Don’t Get Rich by Cutting Coffee,2026-07-10 21:30:18+05:30,20,micro,evergreen,False,organic,71,13261,243,1,186.77464788732394,0.018399819018173592,15.029999732971191,7575.39013671875,Normal,Standard,69,
731,I Will Teach You To Be Rich,“Why does saving seem impossible?”,2026-07-11 03:30:06+05:30,45,micro,evergreen,False,organic,70,7456,117,1,106.51428571428572,0.01582618025751073,15.029999732971191,7575.39013671875,Normal,Standard,69,
732,I Will Teach You To Be Rich,Stop Thinking About Money Every Day,2026-07-11 21:30:02+05:30,29,micro,other,False,organic,70,15830,333,0,226.14285714285714,0.021036007580543272,15.029999732971191,7575.39013671875,Normal,Standard,69,
733,I Will Teach You To Be Rich,People Who Are Good With Money Talk About It,2026-07-12 21:30:01+05:30,24,micro,other,False,organic,69,11209,308,1,162.44927536231884,0.027567133553394595,15.029999732971191,7575.39013671875,Normal,Standard,69,
734,I Will Teach You To Be Rich,One Emergency Can Destroy Your Finances,2026-07-13 21:30:09+05:30,33,micro,fear,False,organic,68,9346,230,5,137.44117647058823,0.025144446822169913,17.15999984741211,7515.33984375,Normal,Urgent,69,
735,I Will Teach You To Be Rich,"""I want to retire, but my wife is too scared""",2026-07-14 15:30:23+05:30,6850,long,evergreen,False,organic,67,88099,1708,396,1314.910447761194,0.023882223407757183,16.5,7543.58984375,Normal,Standard,69,
736,I Will Teach You To Be Rich,"""I want to retire, but my wife is too scared""",2026-07-14 21:30:04+05:30,61,micro,evergreen,False,organic,67,11652,228,8,173.91044776119404,0.020254033642293168,16.5,7543.58984375,Normal,Standard,69,
737,I Will Teach You To Be Rich,Your Rich Life Should Be Weird,2026-07-15 03:30:14+05:30,36,micro,evergreen,False,organic,66,9789,307,3,148.3181818181818,0.03166819899887629,15.670000076293945,7572.39990234375,Normal,Standard,69,
738,I Will Teach You To Be Rich,Her financial plan is based on “vibes”,2026-07-15 21:30:17+05:30,31,micro,evergreen,False,organic,66,15848,140,0,240.12121212121212,0.0088339222614841,15.670000076293945,7572.39990234375,Normal,Standard,69,
739,I Will Teach You To Be Rich,This One Number Predicts Money Stress,2026-07-16 03:30:29+05:30,23,micro,other,False,organic,65,13160,247,2,202.46153846153845,0.0189209726443769,16.729999542236328,7533.77001953125,Normal,Standard,69,
740,I Will Teach You To Be Rich,The Car Payment Trap Almost Everyone Falls For,2026-07-16 15:30:06+05:30,1124,medium,fear,False,organic,65,63968,1486,151,984.123076923077,0.025590920460230114,16.729999542236328,7533.77001953125,Normal,Standard,69,
741,I Will Teach You To Be Rich,Could your partner handle money alone?,2026-07-16 21:30:38+05:30,62,micro,other,False,organic,65,7171,177,4,110.32307692307693,0.025240552224236507,16.729999542236328,7533.77001953125,Normal,Standard,69,
742,I Will Teach You To Be Rich,“I don’t want to die with $14M”,2026-07-17 21:30:34+05:30,66,micro,undefined,False,organic,64,63954,982,48,999.28125,0.01610532570284892,18.770000457763672,7457.68994140625,Normal,Standard,69,
743,I Will Teach You To Be Rich,“We’re sacrificing our retirement to pay for our kids’ college”,2026-07-21 15:30:01+05:30,5893,long,evergreen,False,organic,60,151357,2388,534,2522.616666666667,0.019305350925295825,17.049999237060547,7509.2001953125,Normal,Standard,69,
744,I Will Teach You To Be Rich,We’re sacrificing our retirement to pay for our kids’ college,2026-07-21 21:30:32+05:30,65,micro,evergreen,False,organic,60,13782,330,5,229.7,0.024307067189087216,17.049999237060547,7509.2001953125,Normal,Standard,69,
745,I Will Teach You To Be Rich,Should Parents Sacrifice Their Lifestyle for Their Kids?,2026-07-22 21:30:19+05:30,51,micro,undefined,False,organic,59,6473,96,2,109.71186440677967,0.015139811524795304,16.639999389648438,7498.9599609375,Normal,Standard,69,
746,I Will Teach You To Be Rich,Why Money Still Feels Hard (Even When You’re Doing Everything Right),2026-07-23 15:30:09+05:30,999,medium,other,False,organic,58,64757,1578,123,1116.5,0.02626743054804886,18.700000762939453,7408.2998046875,Normal,Standard,69,
747,I Will Teach You To Be Rich,Would You Ever Spend Your Kids’ College Money?,2026-07-23 21:30:02+05:30,67,micro,other,False,organic,58,5823,90,3,100.39655172413794,0.015971148892323546,18.700000762939453,7408.2998046875,Normal,Standard,69,
748,I Will Teach You To Be Rich,How Much Should You Save for Your Kids’ College?,2026-07-24 21:30:38+05:30,39,micro,undefined,False,organic,57,44380,404,15,778.5964912280701,0.009441189725101396,18.579999923706055,7411.97998046875,Normal,Standard,69,
749,I Will Teach You To Be Rich,"""He hid $30K of debt a month before our wedding""",2026-07-28 15:30:02+05:30,7116,long,other,False,organic,53,123173,1976,564,2324.0188679245284,0.020621402417737654,18.209999084472656,7428.77978515625,Normal,Standard,69,
750,I Will Teach You To Be Rich,"""He hid $30K of debt a month before our wedding""",2026-07-28 21:30:12+05:30,61,micro,other,False,organic,53,5776,96,0,108.98113207547169,0.01662049861495845,18.209999084472656,7428.77978515625,Normal,Standard,69,
751,I Will Teach You To Be Rich,"He Hid $30K of Debt, Would You Still Marry Him?",2026-07-29 21:30:17+05:30,61,micro,other,False,organic,52,19809,309,20,380.9423076923077,0.016608612246958452,20.65999984741211,7316.14990234375,Volatile,Standard,70,
752,I Will Teach You To Be Rich,You’re Spending for the Wrong Reasons,2026-07-30 15:30:34+05:30,1015,medium,undefined,False,organic,51,34565,749,67,677.7450980392157,0.023607695645884566,17.09000015258789,7437.6298828125,Normal,Standard,71,
753,I Will Teach You To Be Rich,When Do We Actually Get to Enjoy Our Money?,2026-07-30 21:30:14+05:30,50,micro,other,False,organic,51,15127,194,10,296.6078431372549,0.013485820056851986,17.09000015258789,7437.6298828125,Normal,Standard,71,
754,I Will Teach You To Be Rich,Is Giving Her Parents Money Actually Helping Them?,2026-07-31 21:30:28+05:30,67,micro,other,False,organic,50,25622,397,15,512.44,0.016079931309031303,15.989999771118164,7489.72021484375,Normal,Standard,71,
755,I Will Teach You To Be Rich,Insane how many people believe they are middle class when they are obviously wealthy. Get real. ￼,2026-08-02 03:39:40+05:30,80,micro,undefined,False,organic,48,81494,3237,282,1697.7916666666667,0.0431810930866076,15.989999771118164,7489.72021484375,Normal,Standard,71,
756,I Will Teach You To Be Rich,"""We're bicoastal with two houses and drowning in fixed costs""",2026-08-04 15:30:34+05:30,7055,long,undefined,False,organic,46,111686,1310,1077,2427.9565217391305,0.02137241910355819,16.5,7736.52001953125,Normal,Standard,71,
757,I Will Teach You To Be Rich,"""We own two houses, but can’t afford dinner out""",2026-08-04 21:30:06+05:30,63,micro,undefined,False,organic,46,9597,110,4,208.6304347826087,0.011878712097530478,16.5,7736.52001953125,Normal,Standard,71,
758,I Will Teach You To Be Rich,They’ll Retire With $1.6M… And Still Struggle?,2026-08-05 21:30:39+05:30,48,micro,evergreen,False,organic,45,283989,1152,163,6310.866666666667,0.004630461038983904,15.8100004196167,7723.5498046875,Normal,Standard,71,
759,I Will Teach You To Be Rich,Why You Keep Having the Same Money Fight,2026-08-06 15:30:38+05:30,1421,long,other,False,organic,44,34894,889,41,793.0454545454545,0.02665214650083109,15.149999618530273,7709.9599609375,Normal,Standard,71,
760,I Will Teach You To Be Rich,We’re Having a Baby… and Maui Pays For It!?,2026-08-06 21:30:00+05:30,63,micro,undefined,False,organic,44,16856,224,29,383.09090909090907,0.015009492168960607,15.149999618530273,7709.9599609375,Normal,Standard,71,
761,I Will Teach You To Be Rich,We Bought The Dream Now We’re Trapped...,2026-08-07 21:30:12+05:30,58,micro,undefined,False,organic,43,10196,143,4,237.11627906976744,0.014417418595527658,14.899999618530273,7757.64013671875,Normal,Urgent,71,
762,I Will Teach You To Be Rich,"""We Spend 139% of our Income and still fund our adult kids""",2026-08-11 15:30:32+05:30,7163,long,undefined,False,organic,39,155298,1973,636,3982.0,0.016799958788909067,15.279999732971191,7728.2001953125,Normal,Standard,71,
763,I Will Teach You To Be Rich,"""We Spend 139% of our Income and still fund our adult kids""",2026-08-11 21:30:20+05:30,63,micro,undefined,False,organic,39,12269,207,4,314.5897435897436,0.017197815632895918,15.279999732971191,7728.2001953125,Normal,Standard,71,
764,I Will Teach You To Be Rich,Will They Stop Paying for Her 36 Year Old Son?,2026-08-12 21:30:19+05:30,54,micro,undefined,False,organic,38,8456,162,8,222.52631578947367,0.02010406811731315,14.550000190734863,7748.5,Normal,Standard,71,
765,I Will Teach You To Be Rich,Can They Actually Afford This?,2026-08-13 15:30:00+05:30,1659,long,undefined,False,organic,37,75318,1567,116,2035.6216216216217,0.022345256114076315,14.630000114440918,7798.990234375,Normal,Standard,71,
766,I Will Teach You To Be Rich,I Feel Like an ATM for My Adult Kids,2026-08-13 21:30:09+05:30,63,micro,undefined,False,organic,37,6807,113,5,183.97297297297297,0.017335096224474805,14.630000114440918,7798.990234375,Normal,Standard,71,
767,I Will Teach You To Be Rich,She Thought He Was Having an Affair...,2026-08-14 21:30:31+05:30,42,micro,undefined,False,organic,36,7255,61,0,201.52777777777777,0.008407994486560993,14.25,7785.759765625,Normal,Standard,71,
768,I Will Teach You To Be Rich,"""We have a newborn and 89% of our income is already spent... now what?""",2026-08-18 15:30:09+05:30,7062,long,undefined,False,organic,32,208074,2289,1038,6502.3125,0.015989503734248393,15.84000015258789,7691.759765625,Normal,Urgent,71,
769,I Will Teach You To Be Rich,"""We have a newborn and 89% of our income is already spent...Now what?""",2026-08-18 21:30:38+05:30,58,micro,undefined,False,organic,32,8615,103,3,269.21875,0.012304120719674986,15.84000015258789,7691.759765625,Normal,Urgent,71,
770,I Will Teach You To Be Rich,He Hid the Truth About His Debt for 6 Months,2026-08-19 21:30:10+05:30,31,micro,evergreen,False,organic,31,5630,59,1,181.61290322580646,0.010657193605683837,14.890000343322754,7707.97998046875,Normal,Standard,71,
771,I Will Teach You To Be Rich,"Invest or Pay Off Debt? The $50,000 Mistake Most People Make",2026-08-20 15:30:00+05:30,1450,long,evergreen,False,organic,30,123075,2208,217,4102.5,0.019703432866138532,16.010000228881836,7641.16015625,Normal,Standard,71,
772,I Will Teach You To Be Rich,Your Dreams Stay Dreams Until THIS Changes...,2026-08-20 21:30:15+05:30,47,micro,undefined,False,organic,30,4941,92,0,164.7,0.01861971260878365,16.010000228881836,7641.16015625,Normal,Standard,71,
773,I Will Teach You To Be Rich,He Admits He Was Sabotaging Their Finances,2026-08-21 21:30:39+05:30,39,micro,undefined,False,organic,29,17500,147,10,603.448275862069,0.008971428571428571,15.130000114440918,7674.3701171875,Normal,Standard,71,
774,I Will Teach You To Be Rich,"""We escaped debt so why are we still spending like this?""",2026-08-25 15:30:30+05:30,5930,long,other,False,organic,25,175316,1808,328,7012.64,0.012183713979328756,15.449999809265137,7677.27978515625,Normal,Standard,71,
775,I Will Teach You To Be Rich,We Escaped Debt So Why Are We Still Spending Like This?,2026-08-25 21:30:08+05:30,64,micro,other,False,organic,25,9121,156,1,364.84,0.017213024887621973,15.449999809265137,7677.27978515625,Normal,Standard,71,
776,I Will Teach You To Be Rich,98% of Day Traders Lose Their Money!?,2026-08-26 21:30:40+05:30,61,micro,other,False,organic,24,12124,214,12,505.1666666666667,0.0186407126360937,15.210000038146973,7675.7001953125,Normal,Standard,71,
777,I Will Teach You To Be Rich,The Lie That Keeps People Losing Money,2026-08-27 15:30:03+05:30,1134,medium,fear,False,organic,23,92879,1143,108,4038.217391304348,0.0134691372646131,14.510000228881836,7730.990234375,Normal,Standard,71,
778,I Will Teach You To Be Rich,"""We Just Swipe the Credit Card...”",2026-08-27 21:30:21+05:30,62,micro,evergreen,False,organic,23,111344,621,32,4841.04347826087,0.005864707572927144,14.510000228881836,7730.990234375,Normal,Standard,71,
779,I Will Teach You To Be Rich,A Rich Person’s Guide To FREE STUFF,2026-08-28 01:39:33+05:30,125,micro,evergreen,False,organic,22,52094,1088,47,2367.909090909091,0.021787537912235574,14.430000305175781,7711.759765625,Normal,Standard,71,
780,I Will Teach You To Be Rich,We will retire with $4.7million!?,2026-08-28 21:30:13+05:30,50,micro,evergreen,False,organic,22,27581,195,1,1253.6818181818182,0.0071063413219245135,14.430000305175781,7711.759765625,Normal,Standard,71,
781,I Will Teach You To Be Rich,"""I resent carrying our finances. Can we fix this?""",2026-09-01 15:30:18+05:30,6061,long,undefined,False,organic,18,259118,1733,1410,14395.444444444445,0.012129608904051436,16.34000015258789,7631.47021484375,Normal,Standard,71,
782,I Will Teach You To Be Rich,"""I resent carrying our finances. Can we fix this?""",2026-09-01 21:30:31+05:30,64,micro,undefined,False,organic,18,22651,207,31,1258.388888888889,0.010507262372522185,16.34000015258789,7631.47021484375,Normal,Standard,71,
783,I Will Teach You To Be Rich,A Rich Person’s Guide to Travel,2026-09-02 19:01:52+05:30,174,micro,evergreen,False,organic,17,79266,1535,53,4662.705882352941,0.020033810208664498,15.199999809265137,7666.60009765625,Normal,Standard,71,
784,I Will Teach You To Be Rich,“I Say No… and It Happens Anyway”,2026-09-02 21:30:18+05:30,52,micro,undefined,False,organic,17,16024,129,10,942.5882352941177,0.008674488267598602,15.199999809265137,7666.60009765625,Normal,Standard,71,
785,I Will Teach You To Be Rich,Most People Plan Vacations Backwards,2026-09-03 15:30:12+05:30,2549,long,undefined,False,organic,16,141812,1615,132,8863.25,0.012319126731165204,14.319999694824219,7747.7099609375,Normal,Standard,71,
786,I Will Teach You To Be Rich,“I Work 60 Hours While He Sits on the Couch”,2026-09-03 21:30:15+05:30,48,micro,undefined,False,organic,16,17971,149,10,1123.1875,0.008847587780312726,14.319999694824219,7747.7099609375,Normal,Standard,71,
787,I Will Teach You To Be Rich,They Know This Could End Their Marriage,2026-09-04 21:30:20+05:30,42,micro,undefined,False,organic,15,6588,81,2,439.2,0.0125986642380085,14.529999732971191,7718.60009765625,Normal,Standard,71,
788,I Will Teach You To Be Rich,"""He has $100K of debt. Should I still marry him?""",2026-09-08 15:30:10+05:30,5973,long,other,False,organic,11,151009,1316,327,13728.09090909091,0.010880146216450675,15.720000267028809,7673.52001953125,Normal,Standard,71,
789,I Will Teach You To Be Rich,"""He has $100K of debt. Should I still marry him?""",2026-09-08 21:30:24+05:30,62,micro,other,False,organic,11,7640,93,5,694.5454545454545,0.012827225130890052,15.720000267028809,7673.52001953125,Normal,Standard,71,
790,I Will Teach You To Be Rich,“I'm financially Handcuffed to my partner”,2026-09-09 21:30:17+05:30,43,micro,undefined,False,organic,10,6029,51,2,602.9,0.008790844252778238,16.459999084472656,7636.35986328125,Normal,Standard,71,
791,I Will Teach You To Be Rich,Financial Disasters Don’t Start the Way You Think,2026-09-10 15:30:33+05:30,1274,long,evergreen,False,organic,9,201459,1826,275,22384.333333333332,0.010428921021150705,17.84000015258789,7591.7001953125,Normal,Standard,71,
792,I Will Teach You To Be Rich,Can You Be Excited About Money With $100K in Debt?,2026-09-10 21:30:35+05:30,45,micro,other,False,organic,9,7777,126,0,864.1111111111111,0.016201620162016202,17.84000015258789,7591.7001953125,Normal,Standard,71,
793,I Will Teach You To Be Rich,Is It “Our Debt” or “Your Problem”?,2026-09-11 21:30:20+05:30,51,micro,other,False,organic,8,5649,54,3,706.125,0.01009028146574615,15.84000015258789,7656.97998046875,Normal,Standard,71,
794,I Will Teach You To Be Rich,"""We spend 108% of what we make. Are we screwed?""",2026-09-15 15:30:13+05:30,5613,long,fear,False,organic,4,155941,1351,882,38985.25,0.014319518279349241,17.100000381469727,7619.97998046875,Normal,Standard,71,
795,I Will Teach You To Be Rich,"""We spend 108% of what we make. Are we screwed?""",2026-09-15 21:30:03+05:30,64,micro,fear,False,organic,4,14631,170,9,3657.75,0.012234297040530381,17.100000381469727,7619.97998046875,Normal,Standard,71,
796,I Will Teach You To Be Rich,They Refuse to Cut Their Lifestyle,2026-09-16 21:30:35+05:30,48,micro,undefined,False,organic,3,21235,243,7,7078.333333333333,0.01177301624676242,,,Normal,Standard,71,
797,I Will Teach You To Be Rich,The Money System I’d Set Up in 60 Minutes (And Never Touch Again),2026-09-17 15:30:38+05:30,1082,medium,other,False,organic,2,80779,924,58,40389.5,0.012156624865373427,,,Normal,Standard,71,
798,I Will Teach You To Be Rich,They Spend 108% of Their Income,2026-09-17 21:30:16+05:30,59,micro,undefined,False,organic,2,4787,74,0,2393.5,0.015458533528305828,,,Normal,Standard,71,
799,I Will Teach You To Be Rich,Four Beers In… Who’s Paying For It?,2026-09-18 04:30:38+05:30,46,micro,undefined,False,organic,1,8698,84,2,8698.0,0.009887330420786388,,,Normal,Standard,71,
800,Mark Tilbury,HOW BRANDS MANIPULATE YOU,2025-09-16 18:32:15+05:30,27,micro,undefined,False,organic,368,1205920,32298,257,3276.9565217391305,0.026995986466763964,16.360000610351562,6606.759765625,Normal,Standard,71,
801,Mark Tilbury,Why ‘they’ want to BAN cash 😳,2025-09-22 18:26:13+05:30,24,micro,evergreen,False,organic,362,18315281,381459,5585,50594.69889502762,0.021132299307883948,16.100000381469727,6693.75,Normal,Standard,71,
802,Mark Tilbury,What if everyone got $1 billion? 😳,2025-09-25 16:13:02+05:30,30,micro,opportunity,False,organic,359,34879430,691993,8633,97157.18662952646,0.020087082845103833,16.739999771118164,6604.72021484375,Normal,Standard,71,
803,Mark Tilbury,Do These 5 Things To Get RICH 💰,2025-09-27 15:58:11+05:30,21,micro,evergreen,False,organic,357,2595494,63299,780,7270.291316526611,0.024688556398126907,15.289999961853027,6643.7001953125,Normal,Standard,71,
804,Mark Tilbury,RENTING VS BUYING (what’s better?),2025-10-02 23:36:47+05:30,24,micro,undefined,False,organic,352,6835784,174268,1084,19419.840909090908,0.025652068584964067,16.6299991607666,6715.35009765625,Normal,Standard,71,
805,Mark Tilbury,You'll Wish You Found This Video Before Getting Rich,2025-10-04 16:33:27+05:30,760,medium,evergreen,False,organic,350,3069255,111742,6288,8769.3,0.03845558612757819,16.649999618530273,6715.7900390625,Normal,Standard,71,
806,Mark Tilbury,I Spent $100 On Lottery Tickets and WON,2025-10-04 18:35:37+05:30,44,micro,undefined,False,organic,350,7221229,203080,1906,20632.082857142857,0.02838658073300265,16.649999618530273,6715.7900390625,Normal,Standard,71,
807,Mark Tilbury,"Why You Don’t Need $10,000",2025-10-09 22:05:58+05:30,18,micro,undefined,False,organic,345,1774039,58524,491,5142.142028985507,0.033265897762112334,16.43000030517578,6735.10986328125,Normal,Standard,71,
808,Mark Tilbury,Do THIS to Win in Life,2025-10-12 18:37:32+05:30,13,micro,opportunity,False,organic,342,1011687,31980,253,2958.1491228070176,0.031860644646021945,21.65999984741211,6552.509765625,Volatile,Urgent,72,
809,Mark Tilbury,HOW BANKS KEEP YOU POOR,2025-10-18 18:57:49+05:30,18,micro,other,False,organic,336,1381489,42795,375,4111.574404761905,0.03124889159450419,20.780000686645508,6664.009765625,Volatile,Standard,72,
810,Mark Tilbury,WHY MOST PEOPLE ARE POOR,2025-10-21 15:47:57+05:30,21,micro,undefined,False,organic,333,2990967,65307,1134,8981.882882882883,0.022213886010778453,17.8700008392334,6735.35009765625,Normal,Standard,73,
811,Mark Tilbury,The 3 WORST Businesses,2025-10-24 17:45:24+05:30,21,micro,fear,False,organic,330,2248753,58125,535,6814.40303030303,0.026085568312749333,16.3700008392334,6791.68994140625,Normal,Standard,73,
812,Mark Tilbury,How to PROPERLY Use a Credit Card,2025-10-25 18:37:37+05:30,28,micro,evergreen,False,organic,329,8096119,203472,1343,24608.26443768997,0.025297923610065515,16.3700008392334,6791.68994140625,Normal,Standard,73,
813,Mark Tilbury,Do THIS To Get Hired In Any Job Interview,2025-10-31 00:14:39+05:30,26,micro,undefined,False,organic,323,1124142,35275,315,3480.315789473684,0.03165970135445522,17.440000534057617,6840.2001953125,Normal,Urgent,73,
814,Mark Tilbury,The AI Bubble Is On The Verge Of Collapse,2025-11-01 16:26:54+05:30,907,medium,fear,False,organic,322,6223966,143140,5488,19329.08695652174,0.02387995050101495,17.440000534057617,6840.2001953125,Normal,Standard,73,
815,Mark Tilbury,5 EXTREMELY IMPORTANT RULES for your 20s,2025-11-03 00:14:11+05:30,26,micro,evergreen,False,organic,320,1553433,59081,475,4854.478125,0.038338312627580334,17.170000076293945,6851.97021484375,Normal,Standard,73,
816,Mark Tilbury,WHY GIFT CARDS KEEP YOU POOR,2025-11-05 17:03:41+05:30,26,micro,undefined,False,organic,318,10623656,247244,2708,33407.72327044025,0.02352787025483506,18.010000228881836,6796.2900390625,Normal,Standard,73,
817,Mark Tilbury,HOW REAL MILLIONAIRES ROLL (in London),2025-11-07 17:37:36+05:30,19,micro,undefined,False,organic,316,4155382,97470,1140,13149.943037974683,0.02373067024884836,19.079999923706055,6728.7998046875,Normal,Standard,73,
818,Mark Tilbury,WARNING: Never Use Your Debit Card,2025-11-11 02:17:26+05:30,23,micro,fear,False,organic,312,3817224,80617,3143,12234.692307692309,0.02194264732695802,17.280000686645508,6846.60986328125,Normal,Urgent,73,
819,Mark Tilbury,How can an iPhone make you a millionaire?,2025-11-13 21:35:35+05:30,36,micro,evergreen,False,organic,310,908728,26307,518,2931.3806451612904,0.029519284098212008,20.0,6737.490234375,Normal,Standard,73,
820,Mark Tilbury,I’m 58. If you’re in your 20s watch this.,2025-11-15 21:01:05+05:30,15,micro,undefined,False,organic,308,981752,30964,331,3187.5064935064934,0.03187668576178098,19.829999923706055,6734.10986328125,Normal,Standard,73,
821,Mark Tilbury,WARNING: Never Use This Credit Card,2025-11-18 19:47:15+05:30,26,micro,fear,False,organic,305,845217,19732,306,2771.2032786885247,0.023707521263770133,24.690000534057617,6617.31982421875,Volatile,Urgent,74,1.0
822,Mark Tilbury,Do THIS Every Time You Use an ATM (Common Scam),2025-11-22 23:01:10+05:30,21,micro,fear,False,organic,301,2472713,55697,793,8214.993355481727,0.022845352452953497,23.43000030517578,6602.990234375,Volatile,Urgent,74,2.0
823,Mark Tilbury,"WHAT IF I GAVE YOU $100,000,000? 😳",2025-12-04 20:36:08+05:30,27,micro,undefined,False,organic,289,915907,29255,500,3169.2283737024222,0.03248692279893046,15.779999732971191,6857.1201171875,Normal,Standard,75,
824,Mark Tilbury,Why RICH People HATE Ferrari 😳,2025-12-09 18:34:46+05:30,21,micro,evergreen,False,organic,284,2285713,49363,1214,8048.2852112676055,0.022127449946690594,16.93000030517578,6840.509765625,Normal,Standard,75,
825,Mark Tilbury,The Cost of a Formula 1 Car 😳,2025-12-10 21:00:39+05:30,35,micro,evergreen,False,organic,283,1809338,30645,470,6393.420494699647,0.017196897428783345,15.770000457763672,6886.68017578125,Normal,Standard,75,
826,Mark Tilbury,How Money Laundering Really Works 😅,2025-12-13 16:50:08+05:30,22,micro,other,False,organic,280,5110669,124548,1149,18252.389285714286,0.02459501877347173,15.739999771118164,6827.41015625,Normal,Standard,75,
827,Mark Tilbury,5 JOBS that will make you MILLIONAIRE,2025-12-16 17:45:28+05:30,26,micro,evergreen,False,organic,277,2293583,66398,844,8280.083032490975,0.029317447853424095,16.479999542236328,6800.259765625,Normal,Standard,75,
828,Mark Tilbury,7 Side Hustles Students Can Start In 2026,2025-12-19 21:42:57+05:30,1452,long,undefined,False,organic,274,3039885,124188,1852,11094.470802919708,0.04146209478319081,14.90999984741211,6834.5,Normal,Standard,75,
829,Mark Tilbury,Why MrBeast gives away Lambos (and not Ferrari’s),2025-12-21 21:10:52+05:30,26,micro,undefined,False,organic,272,8479270,183215,1589,31173.78676470588,0.021794800731666758,14.90999984741211,6834.5,Normal,Standard,75,
830,Mark Tilbury,5 JOBS That Will KEEP You POOR,2025-12-24 15:25:54+05:30,15,micro,undefined,False,organic,269,1106915,28144,490,4114.92565055762,0.025868291603239633,13.470000267028809,6932.0498046875,Normal,Standard,75,
831,Mark Tilbury,5 Stages to Getting Rich in 2026: Which One Are You?,2025-12-30 17:00:53+05:30,776,medium,evergreen,False,organic,263,2270232,109357,2042,8632.060836501902,0.04906943431332128,14.329999923706055,6896.240234375,Normal,Standard,75,
832,Mark Tilbury,Why ‘THEY’ want to BAN cash 😳,2026-01-03 21:17:52+05:30,21,micro,evergreen,False,organic,259,2154265,65337,1492,8317.625482625483,0.03102171738388731,14.510000228881836,6858.47021484375,Normal,Standard,75,
833,Mark Tilbury,"How to turn $5 into $1,000,000",2026-01-06 19:52:12+05:30,25,micro,evergreen,False,organic,256,2844824,76085,1427,11112.59375,0.027246676771568293,14.75,6944.81982421875,Normal,Standard,75,
834,Mark Tilbury,The BEST Financial Advice You’ll Hear Today!,2026-01-14 21:41:18+05:30,13,micro,evergreen,False,organic,248,3272911,100833,842,13197.22177419355,0.03106561712188324,16.75,6926.60009765625,Normal,Standard,75,
835,Mark Tilbury,"How Banks Turn Your $10,000 Into $1,000,000 😳",2026-02-06 18:31:53+05:30,25,micro,other,False,organic,225,780933,22328,245,3470.8133333333335,0.02890516856119539,20.3700008392334,6932.2998046875,Volatile,Standard,76,
836,Mark Tilbury,5 frugal ways I save (millionaire edition),2026-02-12 17:23:49+05:30,31,micro,evergreen,False,organic,219,1722681,59509,866,7866.123287671233,0.03504711551355126,20.81999969482422,6832.759765625,Volatile,Standard,76,
837,Mark Tilbury,Can You Keep The Money You Found? 😳,2026-02-14 17:48:10+05:30,27,micro,other,False,organic,217,841267,24111,284,3876.8064516129034,0.028997928125078006,20.600000381469727,6836.169921875,Volatile,Standard,76,
838,Mark Tilbury,How Costco REALLY Makes Money,2026-02-18 05:02:04+05:30,44,micro,other,False,organic,213,3606518,127859,1048,16932.009389671362,0.03574278570077842,19.6200008392334,6881.31005859375,Normal,Standard,77,
839,Mark Tilbury,Cost vs Price: McDonald’s Big Mac,2026-02-20 03:14:51+05:30,30,micro,evergreen,False,organic,211,28445171,542656,5031,134811.23696682465,0.019254129286127335,19.09000015258789,6909.509765625,Normal,Standard,77,
840,Mark Tilbury,How To Buy Your First Car,2026-02-26 23:29:53+05:30,26,micro,evergreen,False,organic,205,7468239,199304,728,36430.43414634146,0.026784359739960118,18.6299991607666,6908.85986328125,Normal,Standard,77,
841,Mark Tilbury,Cost vs Price: Starbucks Coffee,2026-02-28 17:40:29+05:30,25,micro,evergreen,False,organic,203,2231679,76237,532,10993.492610837438,0.034399660524654305,19.860000610351562,6878.8798828125,Normal,Standard,77,
842,Mark Tilbury,Credit Card vs. Debit Card,2026-03-03 01:47:35+05:30,28,micro,evergreen,False,organic,200,4151765,97876,723,20758.825,0.023748694832197874,23.56999969482422,6816.6298828125,Volatile,Standard,78,
843,Mark Tilbury,I'm Changing How I Invest My Money Because of AI,2026-03-06 19:49:32+05:30,1192,medium,other,False,organic,197,2797203,70542,2708,14199.0,0.0261868731014517,29.489999771118164,6740.02001953125,Volatile,Standard,78,
844,Mark Tilbury,Confronting a Millionaire for Not Tipping Fairly,2026-03-29 01:44:22+05:30,27,micro,evergreen,False,organic,174,17443933,356725,4572,100252.48850574713,0.020711900234883958,31.049999237060547,6368.85009765625,Volatile,Standard,78,
845,Mark Tilbury,3 Books Billionaires HATE,2026-03-31 01:29:47+05:30,20,micro,opportunity,False,organic,172,3196391,117305,586,18583.668604651164,0.03688253408297045,25.25,6528.52001953125,Volatile,Standard,78,
846,Mark Tilbury,Why Restaurants Are BANNING Cards,2026-04-02 19:22:32+05:30,23,micro,undefined,False,organic,170,1691458,39462,650,9949.75294117647,0.023714452265442002,23.8700008392334,6582.68994140625,Volatile,Standard,78,
847,Mark Tilbury,This Cost Gordon Ramsay Everything…,2026-04-04 17:20:11+05:30,27,micro,evergreen,False,organic,168,2663942,59226,473,15856.797619047618,0.022410022440428508,23.8700008392334,6582.68994140625,Volatile,Standard,78,
848,Mark Tilbury,How Much Gordon Ramsey Makes! 🤑,2026-04-06 21:34:13+05:30,22,micro,undefined,False,organic,166,16750304,341761,1133,100905.44578313253,0.02047091205031264,24.170000076293945,6611.830078125,Volatile,Standard,78,
849,Mark Tilbury,WHY INSURANCE KEEPS YOU POOR,2026-04-08 19:48:44+05:30,22,micro,undefined,False,organic,164,1318987,35016,502,8042.6036585365855,0.026928241142634462,21.040000915527344,6782.81005859375,Volatile,Standard,78,
850,Mark Tilbury,How to Beat Inflation 😮,2026-04-15 17:31:42+05:30,30,micro,evergreen,False,organic,157,9739587,227451,3081,62035.58598726115,0.023669586811021864,18.170000076293945,7022.9501953125,Normal,Standard,79,
851,Mark Tilbury,What if money suddenly disappeared? 😳,2026-04-18 20:01:47+05:30,24,micro,other,False,organic,154,3009521,75159,666,19542.344155844155,0.025195039343470272,17.479999542236328,7126.06005859375,Normal,Standard,79,
852,Mark Tilbury,Kevin’s $19 Groceries Cost THIS Now?!,2026-04-21 16:17:59+05:30,26,micro,evergreen,False,organic,151,6367588,155353,847,42169.45695364238,0.024530481557537957,19.5,7064.009765625,Normal,Urgent,79,
853,Mark Tilbury,HOW BRANDS SCAM YOU,2026-04-24 00:03:39+05:30,20,micro,fear,False,organic,148,3999617,88203,997,27024.43918918919,0.022302135429467372,18.709999084472656,7165.080078125,Normal,Standard,79,
854,Mark Tilbury,"Do THIS to Make $10,000 as a Student",2026-04-24 22:55:27+05:30,1347,long,undefined,False,organic,148,1618940,59444,1380,10938.783783783783,0.037570262023299196,18.709999084472656,7165.080078125,Normal,Urgent,79,
855,Mark Tilbury,7 Products That Rip You Off (Supermarket Edition),2026-04-27 18:43:09+05:30,28,micro,undefined,False,organic,145,2693770,62275,522,18577.724137931036,0.023311938287233134,18.020000457763672,7173.91015625,Normal,Standard,79,
856,Mark Tilbury,What If MrBeast Gave You $1 Million?,2026-05-03 02:18:25+05:30,18,micro,opportunity,False,organic,139,3404130,82568,589,24490.143884892088,0.024428268015616324,16.989999771118164,7230.1201171875,Normal,Standard,79,
857,Mark Tilbury,I Tried Shopify Dropshipping For 7 Days (Realistic Results),2026-05-04 16:51:06+05:30,1709,long,other,False,organic,138,3781109,121344,8698,27399.340579710144,0.0343925552000749,18.290000915527344,7200.75,Normal,Standard,79,
858,Mark Tilbury,3 Books Billionaires LOVE,2026-05-06 20:12:09+05:30,27,micro,opportunity,False,organic,136,4092513,155133,703,30092.007352941175,0.03807831520632922,17.389999389648438,7365.1201171875,Normal,Standard,79,
859,Mark Tilbury,Cost vs Price: Movie Popcorn,2026-05-11 23:53:22+05:30,19,micro,evergreen,False,organic,131,6672495,153755,767,50935.076335877864,0.02315805407122823,18.3799991607666,7412.83984375,Normal,Standard,79,
860,Mark Tilbury,I Bought The Same Items Everywhere To Find The Cheapest,2026-05-13 19:32:46+05:30,38,micro,opportunity,False,organic,129,8801926,201770,1523,68231.98449612403,0.023096422305754444,17.8700008392334,7444.25,Normal,Standard,79,
861,Mark Tilbury,You CAN’T Buy A Rolex,2026-05-18 20:46:49+05:30,56,micro,undefined,False,organic,124,7507246,162697,2045,60542.3064516129,0.021944398784853995,17.81999969482422,7403.0498046875,Normal,Standard,79,
862,Mark Tilbury,I Forced a Millionaire to Sell Me a Pen,2026-05-21 01:54:26+05:30,28,micro,evergreen,False,organic,121,18158693,397931,1180,150071.84297520661,0.02197905983652017,16.760000228881836,7445.72021484375,Normal,Standard,79,
863,Mark Tilbury,TK Maxx HACKS You Should Know,2026-05-23 17:17:23+05:30,19,micro,opportunity,False,organic,119,1769945,34171,357,14873.487394957983,0.019507950812030883,16.700000762939453,7473.47021484375,Normal,Standard,79,
864,Mark Tilbury,KFC’s DIRTY Secret,2026-05-25 20:02:14+05:30,24,micro,opportunity,False,organic,117,4916815,109542,621,42024.05982905983,0.02240535794004859,16.59000015258789,7473.47021484375,Normal,Standard,79,
865,Mark Tilbury,Can You Understand Investing?,2026-05-27 19:24:11+05:30,35,micro,evergreen,False,organic,115,1600879,51878,1966,13920.686956521738,0.033634022308994,16.290000915527344,7520.35986328125,Normal,Standard,79,
866,Mark Tilbury,Confronting A Millionaire For Not Tipping Normally,2026-05-30 16:08:07+05:30,16,micro,evergreen,False,organic,112,1552967,37787,340,13865.776785714286,0.02455106901820837,15.319999694824219,7580.06005859375,Normal,Standard,79,
867,Mark Tilbury,How Much Are These F1 Teams Worth?,2026-06-06 16:06:36+05:30,33,micro,undefined,False,organic,105,2808661,62368,379,26749.152380952382,0.022340538783427406,21.510000228881836,7383.740234375,Volatile,Standard,80,
868,Mark Tilbury,Cost vs Price: Nutella Jar 🤨,2026-06-09 00:15:07+05:30,27,micro,evergreen,False,organic,102,13542809,331157,3792,132772.63725490196,0.024732609017818978,19.8700008392334,7386.64990234375,Normal,Standard,81,
869,Mark Tilbury,What Stores Give FREE Birthday Items? 😏,2026-06-11 01:00:42+05:30,20,micro,undefined,False,organic,100,1819052,44951,529,18190.52,0.02500203402651491,19.440000534057617,7394.2998046875,Normal,Standard,81,
870,Mark Tilbury,How much more expensive is delivery?,2026-06-13 21:19:35+05:30,33,micro,undefined,False,organic,98,3168878,82291,1360,32335.48979591837,0.026397671352447145,17.68000030517578,7431.4599609375,Normal,Standard,81,
871,Mark Tilbury,"How to Make $1,000,000 from a Pack of Cigarettes?",2026-06-15 22:36:24+05:30,19,micro,evergreen,False,organic,96,556332,16338,338,5795.125,0.029974907069879136,16.200000762939453,7554.2900390625,Normal,Standard,81,
872,Mark Tilbury,What if we stole Elon Musk’s $1 Trillion? 😳,2026-06-18 20:59:51+05:30,32,micro,undefined,False,organic,93,3404468,91765,2338,36607.18279569892,0.02764102937668969,16.399999618530273,7500.580078125,Normal,Standard,81,
873,Mark Tilbury,Spending Elon Musk’s Net Worth in 50 Seconds,2026-06-23 02:11:13+05:30,53,micro,evergreen,False,organic,88,5902098,163911,1761,67069.29545454546,0.02807001849172955,19.489999771118164,7365.4599609375,Normal,Standard,81,
874,Mark Tilbury,Ultimate Advice For Young People,2026-06-25 19:59:09+05:30,17,micro,evergreen,False,organic,86,1895552,69455,780,22041.302325581397,0.03705253139982443,18.889999389648438,7357.490234375,Normal,Standard,81,
875,Mark Tilbury,How The Government Scams You,2026-06-30 00:45:38+05:30,37,micro,undefined,False,organic,81,1470460,63730,1393,18153.827160493827,0.04428750187016308,16.450000762939453,7499.35986328125,Normal,Standard,81,
876,Mark Tilbury,"Once You Get Money, Upgrade These 10 Things ASAP",2026-07-01 18:02:54+05:30,1007,medium,other,False,organic,80,2320472,58937,1353,29005.9,0.0259817830165587,16.59000015258789,7483.22998046875,Normal,Standard,81,
877,Mark Tilbury,How Long Should You Keep Your Car?,2026-07-02 21:29:21+05:30,23,micro,other,False,organic,79,1969797,44035,905,24934.13924050633,0.02281453368037417,16.149999618530273,7483.240234375,Normal,Standard,81,
878,Mark Tilbury,Cost vs Price: Ben & Jerry’s,2026-07-09 23:37:34+05:30,27,micro,evergreen,False,organic,72,1598292,32311,852,22198.5,0.020749024583743145,15.84000015258789,7543.64013671875,Normal,Standard,81,
879,Mark Tilbury,Products Worth EVERY Penny,2026-07-11 02:41:40+05:30,7,micro,undefined,False,organic,70,949899,18510,800,13569.985714285714,0.020328477027557666,15.029999732971191,7575.39013671875,Normal,Standard,81,
880,Mark Tilbury,DON’T BUY THIS,2026-07-15 01:10:05+05:30,26,micro,fear,False,organic,66,2953443,88538,605,44749.13636363636,0.030182739263970897,15.670000076293945,7572.39990234375,Normal,Standard,81,
881,Mark Tilbury,"STOP FLEXING, START WORKING",2026-07-18 16:55:26+05:30,17,micro,undefined,False,organic,63,851812,27832,285,13520.825396825398,0.033008457265218144,18.770000457763672,7457.68994140625,Normal,Standard,81,
882,Mark Tilbury,How to Use Trading 212 in 2026 (Full Investing Guide),2026-07-18 17:28:58+05:30,1577,long,evergreen,False,organic,63,550910,14590,1372,8744.603174603175,0.028973879581056797,18.770000457763672,7457.68994140625,Normal,Standard,81,
883,Mark Tilbury,Is Destroying Money Actually Illegal?,2026-07-23 23:52:06+05:30,21,micro,other,False,organic,58,4333379,85197,532,74713.43103448275,0.019783406897942692,18.700000762939453,7408.2998046875,Normal,Standard,81,
884,Mark Tilbury,Laziest Ways to Make Money with AI (For Beginners),2026-07-25 16:04:25+05:30,1522,long,evergreen,False,organic,56,2250980,76996,1898,40196.07142857143,0.035048734329047794,18.579999923706055,7411.97998046875,Normal,Standard,81,
885,Mark Tilbury,Things Poor People Do That Rich People Don't,2026-07-27 20:00:50+05:30,40,micro,evergreen,False,organic,54,3871069,102275,959,71686.46296296296,0.02666808574065717,18.670000076293945,7413.18017578125,Normal,Standard,81,
886,Mark Tilbury,Confronting a Millionaire for Not Tipping in the US,2026-07-29 21:49:46+05:30,23,micro,evergreen,False,organic,52,4803719,124071,2407,92379.21153846153,0.026329183701211498,20.65999984741211,7316.14990234375,Volatile,Standard,82,
887,Mark Tilbury,HATER CHALLENGES MILLIONAIRE (to sell a pen),2026-08-01 19:51:42+05:30,26,micro,evergreen,False,organic,49,13666469,284485,803,278907.5306122449,0.020875033631583988,15.989999771118164,7489.72021484375,Normal,Standard,83,
888,Mark Tilbury,The REAL World Cup Winner,2026-08-05 21:30:05+05:30,19,micro,opportunity,False,organic,45,1237253,27188,624,27494.51111111111,0.022478830118011432,15.8100004196167,7723.5498046875,Normal,Standard,83,
889,Mark Tilbury,AI Movie VS Real Movie 😳,2026-08-08 13:48:06+05:30,26,micro,other,False,organic,42,896108,22442,1025,21335.904761904763,0.02618769166216572,14.899999618530273,7757.64013671875,Normal,Standard,83,
890,Mark Tilbury,I Bought The Same Items in NYC To Find The Cheapest,2026-08-11 01:10:18+05:30,37,micro,opportunity,False,organic,39,662152,22377,225,16978.25641025641,0.034134156507871306,15.279999732971191,7728.2001953125,Normal,Standard,83,
891,Mark Tilbury,HOW REAL MILLIONAIRES ROLL (in NYC),2026-08-12 19:58:03+05:30,28,micro,undefined,False,organic,38,1581061,52538,619,41606.86842105263,0.03362109368329242,14.550000190734863,7748.5,Normal,Standard,83,
892,Mark Tilbury,USA vs UK: Gas Prices,2026-08-16 14:53:48+05:30,23,micro,other,False,organic,34,602282,20444,751,17714.176470588234,0.03519115630219731,14.25,7785.759765625,Normal,Standard,83,
893,Mark Tilbury,You CAN’T Buy A Birkin,2026-08-19 16:21:08+05:30,57,micro,undefined,False,organic,31,571317,17946,636,18429.58064516129,0.032524850477055646,14.890000343322754,7707.97998046875,Normal,Standard,83,
894,Mark Tilbury,Kevin’s Pizza Order Cost THIS Now?!,2026-08-21 16:17:03+05:30,37,micro,evergreen,False,organic,29,3996346,160041,1884,137805.0344827586,0.04051826343364664,15.130000114440918,7674.3701171875,Normal,Urgent,83,
895,Mark Tilbury,Why I Bought GOLD From Costco,2026-08-27 00:34:12+05:30,31,micro,other,False,organic,23,4294420,95332,652,186713.91304347827,0.022350864610354834,14.510000228881836,7730.990234375,Normal,Standard,83,
896,Mark Tilbury,Would You HIRE or FIRE These People?,2026-08-30 19:51:54+05:30,27,micro,evergreen,False,organic,20,1696038,42126,675,84801.9,0.025235873252839852,14.430000305175781,7711.759765625,Normal,Standard,83,
897,Mark Tilbury,I Tried Every FREE Birthday Offer in NYC,2026-09-02 18:20:11+05:30,24,micro,undefined,False,organic,17,872625,28988,468,51330.882352941175,0.0337556224036671,15.199999809265137,7666.60009765625,Normal,Standard,83,
898,Mark Tilbury,I Tested the “Indestructible” Money,2026-09-05 14:34:27+05:30,19,micro,other,False,organic,14,1337054,37237,509,95503.85714285714,0.028230722169785213,14.529999732971191,7718.60009765625,Normal,Standard,83,
899,Mark Tilbury,How McDonald’s REALLY Makes Money 😳,2026-09-16 23:35:30+05:30,22,micro,other,False,organic,3,738991,21804,313,246330.33333333334,0.02992864595103323,,,Normal,Standard,83,
900,Marko - WhiteBoard Finance,Inflation Is Coming in HOT! (What You NEED To Know),2025-02-12 23:42:21+05:30,483,short,other,False,organic,584,15382,956,177,26.339041095890412,0.07365752177870238,15.890000343322754,6051.97021484375,Normal,Standard,83,
901,Marko - WhiteBoard Finance,15 Year vs 30 Year Mortgage | Which Is Better For You?,2025-02-18 21:51:39+05:30,788,medium,other,False,organic,578,19219,921,123,33.25086505190311,0.05432124460169624,15.350000381469727,6129.580078125,Normal,Standard,83,
902,Marko - WhiteBoard Finance,Buying vs. Leasing a Car | The Ultimate Guide,2025-02-25 19:30:24+05:30,561,short,evergreen,False,organic,571,32243,880,164,56.467600700525395,0.032379121049530134,19.43000030517578,5955.25,Normal,Standard,83,
903,Marko - WhiteBoard Finance,Warren Buffett's $334 Billion Cash Stash Is A WARNING Sign,2025-02-27 22:00:13+05:30,636,medium,fear,False,organic,569,20960,888,144,36.836555360281196,0.04923664122137405,21.1299991607666,5861.56982421875,Volatile,Urgent,84,1.0
904,Marko - WhiteBoard Finance,How Much House Can You Actually Afford? (By Income),2025-03-03 22:00:09+05:30,872,medium,other,False,organic,565,18452,921,116,32.65840707964602,0.056199869932798616,22.780000686645508,5849.72021484375,Volatile,Standard,84,
905,Marko - WhiteBoard Finance,BREAKING: President Trump Establishes U.S. Strategic Bitcoin Reserve,2025-03-08 01:21:27+05:30,757,medium,fear,False,organic,560,10157,673,152,18.1375,0.08122477109382692,23.3700008392334,5770.2001953125,Volatile,Standard,84,2.0
906,Marko - WhiteBoard Finance,BITCOIN'S STRATEGIC RESERVE & $200K+ QUANTILE MODEL w/ Sina 21st Capital,2025-03-08 19:31:08+05:30,2309,long,other,False,organic,560,7503,369,61,13.398214285714285,0.05731040916966547,23.3700008392334,5770.2001953125,Volatile,Standard,84,
907,Marko - WhiteBoard Finance,Why MOST People Will NEVER Get Rich (And How to Fix It),2025-03-10 20:31:02+05:30,902,medium,evergreen,False,organic,558,29604,1767,178,53.053763440860216,0.06570058100256722,27.860000610351562,5614.56005859375,Volatile,Standard,84,
908,Marko - WhiteBoard Finance,Stock Market CRASHED $5 TRILLION! Is a SHORT SQUEEZE Coming?,2025-03-12 00:18:23+05:30,507,short,opportunity,False,organic,556,18680,1020,128,33.597122302158276,0.06145610278372591,24.229999542236328,5599.2998046875,Volatile,Standard,84,
909,Marko - WhiteBoard Finance,The $9.2 Trillion Debt Crisis: Does the U.S. WANT a 2025 Recession?,2025-03-12 22:13:30+05:30,702,medium,fear,False,organic,556,52998,2624,382,95.32014388489209,0.05671912147628212,24.229999542236328,5599.2998046875,Volatile,Standard,84,3.0
910,Marko - WhiteBoard Finance,Stock Market CRASHED $5 TRILLION! Is a SHORT SQUEEZE Coming?,2025-03-12 23:44:45+05:30,58,micro,opportunity,False,organic,556,5345,202,6,9.613309352517986,0.03891487371375117,24.229999542236328,5599.2998046875,Volatile,Standard,84,
911,Marko - WhiteBoard Finance,2025 Market Crash? The $9.2 TRILLION Debt Problem No One Is Talking About,2025-03-12 23:48:32+05:30,41,micro,fear,False,organic,556,19675,485,37,35.38669064748201,0.02653113087674714,24.229999542236328,5599.2998046875,Volatile,Standard,84,4.0
912,Marko - WhiteBoard Finance,"Why GOLD is SURGING to $3,000 Per Ounce in 2025 (Explained)",2025-03-13 19:06:57+05:30,575,short,evergreen,False,organic,555,28042,995,190,50.52612612612613,0.042258041509164825,24.65999984741211,5521.52001953125,Volatile,Standard,84,
913,Marko - WhiteBoard Finance,GOLD PRICES ARE SURGING! Is This the Biggest Bull Run in History?,2025-03-13 19:27:26+05:30,54,micro,opportunity,False,organic,555,4966,187,3,8.947747747747748,0.038260169150221505,24.65999984741211,5521.52001953125,Volatile,Standard,84,
914,Marko - WhiteBoard Finance,Are We Officially In A Bear Market? (Explained),2025-03-17 22:16:05+05:30,490,short,evergreen,False,organic,551,22790,1573,172,41.36116152450091,0.07656867046950416,20.510000228881836,5675.1201171875,Volatile,Standard,84,
915,Marko - WhiteBoard Finance,Bear Market vs. Market Correction – What’s the Difference?,2025-03-17 22:37:50+05:30,67,micro,other,False,organic,551,4800,180,9,8.711433756805807,0.039375,20.510000228881836,5675.1201171875,Volatile,Standard,84,
916,Marko - WhiteBoard Finance,DOGE Spending Cuts Just SHOOK the Economy (Here’s the Proof),2025-03-18 19:04:49+05:30,526,short,other,False,organic,550,25181,1850,318,45.78363636363636,0.08609666018029467,21.700000762939453,5614.66015625,Volatile,Standard,84,
917,Marko - WhiteBoard Finance,DOGE Budget CUTS | How It’s Impacting Airlines & Housing! 💰🏡,2025-03-18 19:31:45+05:30,53,micro,evergreen,False,organic,550,5022,238,19,9.13090909090909,0.05117483074472322,21.700000762939453,5614.66015625,Volatile,Standard,84,
918,Marko - WhiteBoard Finance,"Why Are 62,500 Government Workers Losing Their Jobs in 2025?",2025-03-18 20:43:49+05:30,61,micro,undefined,False,organic,550,3315,95,6,6.027272727272727,0.03046757164404223,21.700000762939453,5614.66015625,Volatile,Standard,84,
919,Marko - WhiteBoard Finance,Airline Stocks Are Getting CRUSHED! Here’s Why ✈️📉,2025-03-18 20:52:40+05:30,84,micro,other,False,organic,550,2244,73,2,4.08,0.03342245989304813,21.700000762939453,5614.66015625,Volatile,Standard,84,
920,Marko - WhiteBoard Finance,Why Stuff Costs More: Is It Trump’s Fault?,2025-03-20 23:20:24+05:30,610,medium,undefined,False,organic,548,14753,1143,173,26.92153284671533,0.08920219616349218,19.799999237060547,5662.89013671875,Normal,Standard,85,
921,Marko - WhiteBoard Finance,Trump’s Tariffs Are BACK – Will Inflation Get Worse?,2025-03-20 23:51:38+05:30,56,micro,other,False,organic,548,2689,126,1,4.906934306569343,0.04722945332837486,19.799999237060547,5662.89013671875,Normal,Standard,85,
922,Marko - WhiteBoard Finance,How International Trade Wars Affect YOUR Wallet,2025-03-20 23:59:39+05:30,36,micro,undefined,False,organic,548,2806,97,7,5.12043795620438,0.03706343549536707,19.799999237060547,5662.89013671875,Normal,Standard,85,
923,Marko - WhiteBoard Finance,People Are Going Into Debt for Fast Food (Seriously),2025-03-21 19:27:04+05:30,573,short,other,False,organic,547,16694,1066,185,30.519195612431446,0.07493710315083263,19.280000686645508,5667.56005859375,Normal,Standard,85,
924,Marko - WhiteBoard Finance,WE’RE FINANCING LUNCH NOW?! | Consumer Debt Bubble Explained,2025-03-21 19:53:33+05:30,43,micro,fear,False,organic,547,3670,157,11,6.709323583180987,0.04577656675749319,19.280000686645508,5667.56005859375,Normal,Urgent,85,
925,Marko - WhiteBoard Finance,Credit Card Delinquencies Just Hit a 12-Year High… Here’s Why,2025-03-21 20:05:38+05:30,80,micro,evergreen,False,organic,547,3666,161,8,6.70201096892139,0.04609929078014184,19.280000686645508,5667.56005859375,Normal,Standard,85,
926,Marko - WhiteBoard Finance,I'm 37. If you're in your 20's please do this now.,2025-03-24 20:53:30+05:30,692,medium,undefined,False,organic,544,19652,1267,140,36.125,0.07159576633421534,17.479999542236328,5767.56982421875,Normal,Urgent,85,
927,Marko - WhiteBoard Finance,12 Essential Money Habits to Master by Age 30,2025-03-24 21:52:22+05:30,105,micro,evergreen,False,organic,544,8030,547,15,14.761029411764707,0.06998754669987546,17.479999542236328,5767.56982421875,Normal,Standard,85,
928,Marko - WhiteBoard Finance,11 Steps To Make You A Millionaire (By Age 30),2025-03-26 18:55:19+05:30,946,medium,evergreen,False,organic,542,16476,961,157,30.39852398523985,0.0678562757950959,18.329999923706055,5712.2001953125,Normal,Standard,85,
929,Marko - WhiteBoard Finance,How Big Should Your Emergency Fund Be? (3/6/12 Rule),2025-03-26 19:42:18+05:30,44,micro,fear,False,organic,542,5267,206,12,9.717712177121772,0.041389785456616666,18.329999923706055,5712.2001953125,Normal,Urgent,85,
930,Marko - WhiteBoard Finance,Don’t Know Your Retirement Number? Watch This.,2025-03-26 21:56:24+05:30,57,micro,evergreen,False,organic,542,5325,178,6,9.824723247232471,0.03455399061032864,18.329999923706055,5712.2001953125,Normal,Standard,85,
931,Marko - WhiteBoard Finance,You’re Getting Taxed for Breathing… Literally.,2025-03-26 22:20:42+05:30,58,micro,undefined,False,organic,542,9625,419,55,17.75830258302583,0.04924675324675325,18.329999923706055,5712.2001953125,Normal,Standard,85,
932,Marko - WhiteBoard Finance,BREAKING: Trump's Trade War Is Back (And the Market Is Not Ready),2025-03-27 18:45:04+05:30,528,short,fear,False,organic,541,16703,1198,191,30.87430683918669,0.08315871400347243,18.690000534057617,5693.31005859375,Normal,Standard,85,
933,Marko - WhiteBoard Finance,Why You Can’t Afford a Home in 2025 (The ACTUAL Truth),2025-03-31 21:30:23+05:30,609,medium,evergreen,False,organic,537,23460,1430,164,43.687150837988824,0.06794543904518328,22.280000686645508,5611.85009765625,Volatile,Standard,86,
934,Marko - WhiteBoard Finance,Housing Crisis: Why Prices Are Outpacing Wages,2025-03-31 22:43:22+05:30,45,micro,fear,False,organic,537,15705,423,25,29.24581005586592,0.028525947150588985,22.280000686645508,5611.85009765625,Volatile,Standard,86,1.0
935,Marko - WhiteBoard Finance,Watch This BEFORE April 2nd: Trump’s Liberation Day Explained,2025-04-01 21:51:25+05:30,755,medium,evergreen,False,organic,536,46975,2892,484,87.63992537313433,0.07186801490154338,21.770000457763672,5633.06982421875,Volatile,Standard,86,
936,Marko - WhiteBoard Finance,2025 Recession: Trump's Planned Market Crash Is Here,2025-04-02 23:26:08+05:30,638,medium,fear,False,organic,535,59083,2798,547,110.43551401869159,0.05661527004383664,21.510000228881836,5670.97021484375,Volatile,Standard,86,2.0
937,Marko - WhiteBoard Finance,Trump's Liberation Day Just CRASHED the Market (Here's Why),2025-04-03 18:18:46+05:30,600,short,other,False,organic,534,40611,2625,503,76.0505617977528,0.07702346654847209,30.020000457763672,5396.52001953125,Volatile,Standard,86,
938,Marko - WhiteBoard Finance,Trump's Trade War: China Hits Back With BIG Tariffs,2025-04-05 01:11:00+05:30,654,medium,fear,False,organic,532,32732,2342,388,61.526315789473685,0.08340461933276304,45.310001373291016,5074.080078125,Volatile,Standard,86,3.0
939,Marko - WhiteBoard Finance,Trump Just Broke The Stock Market (Buy The Dip?),2025-04-07 21:29:37+05:30,665,medium,other,False,organic,530,45986,3163,555,86.76603773584905,0.08085069368938373,46.97999954223633,5062.25,Volatile,Standard,86,
940,Marko - WhiteBoard Finance,Trump’s Tariff Math Doesn't Add Up (Here's Why),2025-04-08 21:30:30+05:30,1131,medium,undefined,False,organic,529,24324,1782,312,45.98109640831758,0.0860878145041934,52.33000183105469,4982.77001953125,Volatile,Standard,86,
941,Marko - WhiteBoard Finance,Trump’s 104% China Tariffs Just SHOOK the Market (What You MUST Know),2025-04-09 20:22:20+05:30,850,medium,other,False,organic,528,31024,2296,492,58.75757575757576,0.08986591026302218,33.619998931884766,5456.89990234375,Volatile,Standard,86,
942,Marko - WhiteBoard Finance,Trump Just Broke The US Dollar: Mar-a-Lago Accord Explained,2025-04-15 23:59:40+05:30,851,medium,evergreen,False,organic,522,48879,2322,322,93.63793103448276,0.05409275967184271,30.1200008392334,5396.6298828125,Volatile,Standard,86,
943,Marko - WhiteBoard Finance,URGENT: The Federal Reserve Isn't Coming To Save Your Portfolio,2025-04-17 21:35:15+05:30,787,medium,evergreen,False,organic,520,25900,1823,280,49.80769230769231,0.08119691119691119,29.649999618530273,5282.7001953125,Volatile,Standard,86,
944,Marko - WhiteBoard Finance,The Hidden Risk That Could DESTROY Your Retirement Savings,2025-04-30 00:28:42+05:30,1199,medium,evergreen,False,organic,507,18104,1131,430,35.70808678500986,0.08622403888643394,24.700000762939453,5569.06005859375,Volatile,Standard,86,
945,Marko - WhiteBoard Finance,The Tariffs Just Broke The Economy (And It's About To Get Worse),2025-05-02 03:59:35+05:30,1012,medium,other,False,organic,505,33437,1807,446,66.21188118811881,0.06738044681041959,22.68000030517578,5686.669921875,Volatile,Standard,86,
946,Marko - WhiteBoard Finance,Trump's China Trade Deal Just PUMPED The Market (Here's Why),2025-05-14 02:59:15+05:30,971,medium,other,False,organic,493,18380,1167,227,37.281947261663284,0.07584330794341676,18.6200008392334,5892.580078125,Normal,Standard,87,
947,Marko - WhiteBoard Finance,Moody's Just Downgraded U.S. Debt (Here's Why),2025-05-20 22:25:12+05:30,793,medium,other,False,organic,487,13658,904,85,28.04517453798768,0.07241177331966613,18.09000015258789,5940.4599609375,Normal,Standard,87,
948,Marko - WhiteBoard Finance,How I Earn Bitcoin Every Time I Buy Gas,2025-05-30 22:39:08+05:30,599,short,other,False,organic,477,9358,451,167,19.61844863731656,0.06603975208377859,18.56999969482422,5911.68994140625,Normal,Standard,87,
949,Marko - WhiteBoard Finance,The Only Retirement Spreadsheet You’ll Ever Need (Seriously),2025-06-10 19:01:22+05:30,1327,long,evergreen,False,organic,466,93361,2038,262,200.34549356223175,0.024635554460642025,16.950000762939453,6038.81005859375,Normal,Standard,87,
950,Marko - WhiteBoard Finance,13 Side Hustles That ACTUALLY Make Money in 2025,2025-06-23 22:08:37+05:30,1378,long,other,False,organic,453,35920,1207,174,79.29359823399558,0.03844654788418708,19.829999923706055,6025.169921875,Normal,Standard,87,
951,Marko - WhiteBoard Finance,How to Transfer Chase Rewards Points For MAX Value (REAL EXAMPLE),2025-07-25 21:13:38+05:30,769,medium,evergreen,False,organic,421,19740,572,148,46.888361045130644,0.0364741641337386,14.930000305175781,6388.64013671875,Normal,Standard,87,
952,Marko - WhiteBoard Finance,Housing Market 2025 - Why New Homes Are Now CHEAPER Than Old Ones,2025-08-21 21:44:42+05:30,717,medium,other,False,organic,394,28485,901,142,72.29695431472081,0.03661576268211339,16.600000381469727,6370.169921875,Normal,Urgent,87,
953,Marko - WhiteBoard Finance,Why The World Is Dumping US Dollars For Gold,2025-09-10 22:55:41+05:30,809,medium,other,False,organic,374,15036,818,177,40.20320855614973,0.06617451449853684,15.350000381469727,6532.0400390625,Normal,Standard,87,
954,Marko - WhiteBoard Finance,Fed Rate Cuts At All Time Market Highs (Here's What Happens Next),2025-09-15 22:22:01+05:30,1017,medium,other,False,organic,369,65962,3001,361,178.75880758807588,0.0509687395773324,15.6899995803833,6615.27978515625,Normal,Standard,87,
955,Marko - WhiteBoard Finance,The Everything Bubble: Why Every Asset Is At All Time Highs,2025-10-07 22:08:00+05:30,843,medium,fear,False,organic,347,45982,2513,324,132.51296829971182,0.06169805576094994,17.239999771118164,6714.58984375,Normal,Standard,87,
956,Marko - WhiteBoard Finance,The American Wealth Illusion (Why You Feel Poor),2025-10-22 19:54:21+05:30,909,medium,evergreen,False,organic,332,23263,1659,219,70.06927710843374,0.08072905472209087,18.600000381469727,6699.39990234375,Normal,Standard,87,
957,Marko - WhiteBoard Finance,Are Financial Advisors Worth The Money? (The Truth),2025-10-29 19:31:18+05:30,3588,long,evergreen,False,organic,325,12855,514,117,39.55384615384615,0.04908595877090626,16.920000076293945,6890.58984375,Normal,Standard,87,
958,Marko - WhiteBoard Finance,Trump's 50 Year Mortgage Just Broke The Housing Market,2025-11-11 03:07:23+05:30,1224,long,other,False,organic,312,61080,1995,677,195.76923076923077,0.04374590700720367,17.280000686645508,6846.60986328125,Normal,Standard,87,
959,Marko - WhiteBoard Finance,"Trump’s $2,000 Stimulus Check Update (What You MUST Know)",2025-11-16 21:48:28+05:30,681,medium,undefined,False,organic,307,166640,5375,2119,542.8013029315961,0.044971195391262604,19.829999923706055,6734.10986328125,Normal,Standard,87,
960,Marko - WhiteBoard Finance,The Crypto Market Is Broken (Here's Why),2025-11-17 22:25:41+05:30,699,medium,other,False,organic,306,24465,1499,247,79.95098039215686,0.07136725935009197,22.3799991607666,6672.41015625,Volatile,Standard,88,
961,Marko - WhiteBoard Finance,How I Built 4 Passive Income Streams That Pay Me $3k Per Month,2025-11-19 23:07:33+05:30,887,medium,evergreen,False,organic,304,32033,1506,174,105.3717105263158,0.05244591515000156,23.65999984741211,6642.16015625,Volatile,Standard,88,
962,Marko - WhiteBoard Finance,The Real AI Gold Rush Has Started (And It’s Not What You Think),2025-12-07 21:20:05+05:30,633,medium,other,False,organic,286,17796,1178,140,62.22377622377623,0.07406158687345471,15.40999984741211,6870.39990234375,Normal,Standard,89,
963,Marko - WhiteBoard Finance,Housing Market Crash Fears Rise (Homes Are NOT Selling),2025-12-12 21:58:47+05:30,679,medium,fear,False,organic,281,29018,1004,234,103.26690391459074,0.04266317458129437,15.739999771118164,6827.41015625,Normal,Standard,89,
964,Marko - WhiteBoard Finance,That Awkward Moment When You Get Finance Tips At The Golf Course @customink,2025-12-16 23:34:14+05:30,83,micro,evergreen,False,organic,277,9522,254,33,34.375451263537904,0.030140726738080235,16.479999542236328,6800.259765625,Normal,Standard,89,
965,Marko - WhiteBoard Finance,1.2 Million Job Cuts At All Time Market Highs (Here's What Happens Next),2025-12-22 21:04:27+05:30,909,medium,opportunity,False,organic,271,34453,1637,307,127.13284132841328,0.0564246945113633,14.079999923706055,6878.490234375,Normal,Standard,89,
966,Marko - WhiteBoard Finance,Trump Just Took Venezuela's Oil (What You MUST Know),2026-01-05 23:40:05+05:30,701,medium,undefined,False,organic,257,21817,1091,183,84.89105058365759,0.05839482971994316,14.899999618530273,6902.0498046875,Normal,Standard,89,
967,Marko - WhiteBoard Finance,Trump's 10% Credit Card Interest Rate Cap (Here’s What Happens Next),2026-01-13 04:18:51+05:30,922,medium,evergreen,False,organic,249,19456,872,202,78.13654618473896,0.055201480263157895,15.979999542236328,6963.740234375,Normal,Standard,89,
968,Marko - WhiteBoard Finance,6 Ways To Pay Less Taxes On Your Investments (Legally),2026-01-20 02:45:02+05:30,1207,long,evergreen,False,organic,242,14656,698,66,60.56198347107438,0.05212882096069869,20.09000015258789,6796.85986328125,Volatile,Standard,90,
969,Marko - WhiteBoard Finance,Trump's Greenland Move Changes Everything (Here's Why),2026-01-22 02:10:16+05:30,639,medium,undefined,False,organic,240,12610,613,160,52.541666666666664,0.0613005551149881,15.640000343322754,6913.35009765625,Normal,Standard,91,
970,Marko - WhiteBoard Finance,The Only Budgeting Spreadsheet You’ll Ever Need (Seriously),2026-01-31 01:18:04+05:30,1278,long,undefined,False,organic,231,20721,785,107,89.7012987012987,0.04304811543844409,17.440000534057617,6939.02978515625,Normal,Standard,91,
971,Marko - WhiteBoard Finance,Why Two Incomes Made the Middle Class Poorer,2026-02-23 22:35:25+05:30,1209,long,undefined,False,organic,208,314852,11025,2254,1513.7115384615386,0.04217537128555639,21.010000228881836,6837.75,Volatile,Standard,92,
972,Marko - WhiteBoard Finance,"Why A $100,000 Salary Is Getting You Nowhere",2026-03-01 01:22:23+05:30,1261,long,evergreen,False,organic,202,64947,2384,403,321.519801980198,0.04291191279042912,19.860000610351562,6878.8798828125,Normal,Standard,93,
973,Marko - WhiteBoard Finance,The Velocity Of Money & Why Income Isn't Wealth,2026-03-03 22:36:03+05:30,23,micro,evergreen,False,organic,200,6830,151,3,34.15,0.02254758418740849,23.56999969482422,6816.6298828125,Volatile,Standard,94,
974,Marko - WhiteBoard Finance,Your Car Payment Is Stealing Your Retirement (The Math They Don't Show You),2026-03-09 18:28:34+05:30,1406,long,fear,False,organic,194,55908,1649,322,288.1855670103093,0.03525434642627173,25.5,6795.990234375,Volatile,Standard,94,1.0
975,Marko - WhiteBoard Finance,The Diderot Effect Is Draining Your Bank Account,2026-03-17 01:12:42+05:30,1039,medium,other,False,organic,186,17841,1033,142,95.91935483870968,0.06585953702146741,22.3700008392334,6716.08984375,Volatile,Standard,94,
976,Marko - WhiteBoard Finance,9 MAJOR Money Moves To Make In Your 30s (Wealthy By 40),2026-03-20 21:00:09+05:30,1131,medium,other,False,organic,183,79403,2276,227,433.89617486338796,0.03152273843557548,26.780000686645508,6506.47998046875,Volatile,Standard,94,
977,Marko - WhiteBoard Finance,The Exact Order To Invest Your Money (Most People Get This Wrong),2026-03-31 20:55:44+05:30,1024,medium,other,False,organic,172,52310,1981,236,304.1279069767442,0.04238195373733512,25.25,6528.52001953125,Volatile,Standard,94,
978,Marko - WhiteBoard Finance,These 8 Money Habits Are Quietly Keeping YOU Poor,2026-04-08 20:35:27+05:30,1152,medium,evergreen,False,organic,164,23566,1173,185,143.6951219512195,0.05762539251463974,21.040000915527344,6782.81005859375,Volatile,Standard,94,
979,Marko - WhiteBoard Finance,Why I Never Sell My Bitcoin (I Do This Instead),2026-04-16 21:02:00+05:30,807,medium,other,False,organic,156,13370,566,188,85.7051282051282,0.056394913986537024,17.940000534057617,7041.27978515625,Normal,Urgent,95,
980,Marko - WhiteBoard Finance,"MILLIONAIRE EXPLAINS: If I Started Investing With $0, This Is Exactly What I'd Do",2026-04-21 21:00:01+05:30,1373,long,evergreen,False,organic,151,31792,1116,220,210.5430463576159,0.0420231504781077,19.5,7064.009765625,Normal,Standard,95,
981,Marko - WhiteBoard Finance,I Ranked Every Wealth Level (And Where You Probably Land),2026-04-27 19:04:48+05:30,1148,medium,evergreen,False,organic,145,19993,842,173,137.88275862068966,0.05076776871905167,18.020000457763672,7173.91015625,Normal,Standard,95,
982,Marko - WhiteBoard Finance,Why Everyone SEEMS To Have More Money Than You,2026-05-04 19:38:14+05:30,988,medium,other,False,organic,138,33008,1368,251,239.18840579710144,0.04904871546291808,18.290000915527344,7200.75,Normal,Standard,95,
983,Marko - WhiteBoard Finance,How To Invest Your Money By Income Level ($35K $75K $100K+),2026-05-14 19:11:11+05:30,1426,long,evergreen,False,organic,128,29205,976,194,228.1640625,0.040061633281972264,17.260000228881836,7501.240234375,Normal,Standard,95,
984,Marko - WhiteBoard Finance,Once You Hit $100K The Math Does Most Of The Work For You,2026-05-15 18:58:16+05:30,964,medium,undefined,False,organic,127,172241,2907,615,1356.2283464566929,0.020448093078883657,18.43000030517578,7408.5,Normal,Standard,95,
985,Marko - WhiteBoard Finance,How To Retire Early (The 3 Numbers You Need To Know),2026-05-20 19:06:29+05:30,1256,long,evergreen,False,organic,122,16181,816,205,132.63114754098362,0.06309869600148323,17.440000534057617,7432.97021484375,Normal,Standard,95,
986,Marko - WhiteBoard Finance,6 Brutal Money Stats of the Average American (2026),2026-05-27 21:30:45+05:30,1084,medium,other,False,organic,115,42280,1310,187,367.6521739130435,0.03540681173131504,16.290000915527344,7520.35986328125,Normal,Standard,95,
987,Marko - WhiteBoard Finance,I Used AI to Build My Entire Financial Life Into One Dashboard,2026-06-05 18:31:44+05:30,838,medium,evergreen,False,organic,106,11369,426,54,107.25471698113208,0.04222007212595655,21.510000228881836,7383.740234375,Volatile,Standard,96,
988,Marko - WhiteBoard Finance,How to Pay Off Debt Forever in 8 Simple Steps,2026-06-10 20:11:32+05:30,979,medium,evergreen,False,organic,101,10237,505,70,101.35643564356435,0.056168799452964734,22.219999313354492,7266.990234375,Volatile,Standard,96,
989,Marko - WhiteBoard Finance,"If I Had ONLY 5 Years to Become a Millionaire, Here's What I'd Do",2026-06-18 18:50:34+05:30,1000,medium,evergreen,False,organic,93,31123,1319,209,334.6559139784946,0.04909552421039103,16.399999618530273,7500.580078125,Normal,Standard,97,
990,Marko - WhiteBoard Finance,Master This and Separate Yourself From 95% Of People Financially,2026-06-25 02:17:12+05:30,1071,medium,undefined,False,organic,86,15345,772,108,178.43023255813952,0.05734767025089606,18.889999389648438,7357.490234375,Normal,Standard,97,
991,Marko - WhiteBoard Finance,The ONLY 5 ETFs You'll Ever Need (Hold FOREVER),2026-06-30 19:18:56+05:30,876,medium,undefined,False,organic,81,70353,2166,220,868.5555555555555,0.033914687362301535,16.450000762939453,7499.35986328125,Normal,Standard,97,
992,Marko - WhiteBoard Finance,Your Bitcoin Is Dead Money (Here's 5 Ways To Fix It),2026-07-07 21:00:01+05:30,464,short,other,False,organic,74,7626,279,126,103.05405405405405,0.053107789142407553,16.1299991607666,7503.85009765625,Normal,Standard,97,
993,Marko - WhiteBoard Finance,The Biggest Wealth Killers in Your 20s and 30s (Avoid These Things),2026-07-13 20:36:59+05:30,897,medium,evergreen,False,organic,68,13739,517,79,202.0441176470588,0.043380158672392456,17.15999984741211,7515.33984375,Normal,Standard,97,
994,Marko - WhiteBoard Finance,5 Things You Should NEVER Cheap Out On,2026-07-23 18:14:24+05:30,814,medium,undefined,False,organic,58,11009,659,107,189.81034482758622,0.06957943500772096,18.700000762939453,7408.2998046875,Normal,Standard,97,
995,Marko - WhiteBoard Finance,Here's What a $1 Million Portfolio Would Pay You Every Year,2026-07-28 21:21:23+05:30,1368,long,opportunity,False,organic,53,14826,535,144,279.7358490566038,0.04579792256846081,18.209999084472656,7428.77978515625,Normal,Standard,97,
996,Marko - WhiteBoard Finance,The Easiest Way To Borrow Against Your House? (Aven Review 2026),2026-08-06 21:24:36+05:30,1079,medium,evergreen,False,organic,44,4588,181,40,104.27272727272727,0.0481691368788143,15.149999618530273,7709.9599609375,Normal,Standard,97,
997,Marko - WhiteBoard Finance,Should You Pay Off Your Mortgage Early or Invest? (Here's The Math),2026-08-17 19:26:05+05:30,821,medium,other,False,organic,33,25652,757,249,777.3333333333334,0.03921721503196632,15.1899995803833,7745.06005859375,Normal,Standard,97,
998,Marko - WhiteBoard Finance,Home Equity Line of Credit vs Credit Card: Which for a Remodel,2026-09-16 00:36:03+05:30,122,micro,evergreen,False,organic,3,5612,116,6,1870.6666666666667,0.021739130434782608,,,Normal,Standard,97,
999,Marko - WhiteBoard Finance,7 Ways To Avoid Taxes Legally (Do This NOW!),2026-09-18 01:40:25+05:30,1268,long,evergreen,False,organic,1,12133,188,29,12133.0,0.017885106733701476,,,Normal,Urgent,97,
1000,Meet Kevin,The Tesla Cybercab Launch: Elon No Show'd. What we Know & Tesla Stock.,2026-09-04 07:51:44+05:30,1016,medium,other,False,organic,15,69292,905,116,4619.466666666666,0.014734745713790914,14.529999732971191,7718.60009765625,Normal,Standard,97,
1001,Meet Kevin,Holy WTF: The Jobs Report.,2026-09-04 19:10:25+05:30,863,medium,other,False,organic,15,60833,856,164,4055.5333333333333,0.01676721516282281,14.529999732971191,7718.60009765625,Normal,Standard,97,
1002,Meet Kevin,"WARNING: ""Spectacular Attack"" from Iran COMING",2026-09-04 23:20:51+05:30,925,medium,fear,False,organic,15,38533,593,90,2568.866666666667,0.017725066825837594,14.529999732971191,7718.60009765625,Normal,Urgent,97,
1003,Meet Kevin,"Jobs BLOWOUT, Nvidia, AI Stocks, Tesla Hangover, Anthropic, OpenAI - 🚨 COUPON EXPIRATION DAY ⚠️",2026-09-04 23:55:02+05:30,18446,long,other,False,organic,15,70105,596,8,4673.666666666667,0.008615647956636474,14.529999732971191,7718.60009765625,Normal,Standard,97,
1004,Meet Kevin,The Stock Market is BLIND to THIS | 100x Tesla,2026-09-05 00:44:02+05:30,859,medium,opportunity,False,organic,14,75217,954,158,5372.642857142857,0.014783891939322228,14.529999732971191,7718.60009765625,Normal,Standard,97,
1005,Meet Kevin,Major AI Stock is about to FLIP,2026-09-05 01:37:45+05:30,1498,long,other,False,organic,14,37809,440,31,2700.6428571428573,0.012457351424264063,14.529999732971191,7718.60009765625,Normal,Standard,97,
1006,Meet Kevin,This Chart Signals the END of the AI Stock Bubble.,2026-09-05 03:31:50+05:30,1657,long,fear,False,organic,14,30802,457,55,2200.1428571428573,0.0166222972534251,14.529999732971191,7718.60009765625,Normal,Standard,97,
1007,Meet Kevin,Grant Cardone's Financials EXPOSED,2026-09-05 06:30:02+05:30,47,micro,undefined,False,organic,14,8672,116,7,619.4285714285714,0.014183579335793358,14.529999732971191,7718.60009765625,Normal,Standard,97,
1008,Meet Kevin,"Trump's ""Unhinged Rant"" TODAY is an Economic Warning.",2026-09-05 07:39:46+05:30,807,medium,fear,False,organic,14,41763,741,129,2983.0714285714284,0.02083183679333381,14.529999732971191,7718.60009765625,Normal,Urgent,97,
1009,Meet Kevin,Major Red Flag in the Oura Ring *New* IPO,2026-09-05 10:39:53+05:30,994,medium,fear,False,organic,14,21006,181,26,1500.4285714285713,0.00985432733504713,14.529999732971191,7718.60009765625,Normal,Standard,97,
1010,Meet Kevin,Pentagon Panics | Iran-US Oil Strikes Escalate | Weekend Strikes,2026-09-05 20:06:52+05:30,912,medium,undefined,False,organic,14,49564,898,162,3540.285714285714,0.021386490194496004,14.529999732971191,7718.60009765625,Normal,Standard,97,
1011,Meet Kevin,How California Just Ambushed Nick Shirley | Lawsuit,2026-09-05 22:00:14+05:30,1053,medium,undefined,False,organic,14,38336,616,173,2738.285714285714,0.020581176961602672,14.529999732971191,7718.60009765625,Normal,Standard,97,
1012,Meet Kevin,The Most-Insane 100-Year Warning: Cathie Wood on Economy.,2026-09-06 05:10:03+05:30,1568,long,fear,False,organic,13,63967,813,138,4920.538461538462,0.01486704081792174,14.529999732971191,7718.60009765625,Normal,Urgent,97,
1013,Meet Kevin,Grant Cardone EXPOSED In Class Action Lawsuit,2026-09-06 06:30:04+05:30,29,micro,undefined,False,organic,13,19903,170,10,1531.0,0.009043862734261167,14.529999732971191,7718.60009765625,Normal,Standard,97,
1014,Meet Kevin,NEW DATA/FOOTAGE: Amazon Prime Cargo Jet Crash Miami International Airport [N1997A] Air 21 - Overrun,2026-09-07 02:49:39+05:30,1121,medium,fear,False,organic,12,74433,780,148,6202.75,0.012467588300888047,15.300000190734863,7718.60009765625,Normal,Standard,97,
1015,Meet Kevin,Exposing How Grant Cardone's Fund ACTUALLY Works,2026-09-07 06:30:03+05:30,84,micro,undefined,False,organic,12,13018,228,4,1084.8333333333333,0.017821477953602703,15.300000190734863,7718.60009765625,Normal,Standard,97,
1016,Meet Kevin,The $320 Million Dollar Liquid Bitcoin Hack | Explained.,2026-09-07 20:41:05+05:30,1055,medium,opportunity,False,organic,12,78447,838,124,6537.25,0.012263056585975244,15.300000190734863,7718.60009765625,Normal,Standard,97,
1017,Meet Kevin,"Could Markiplier go to ""Jail"" for the GoPro ""Insider Trade""",2026-09-07 23:08:50+05:30,1651,long,undefined,False,organic,12,58028,416,107,4835.666666666667,0.009012890328806783,15.300000190734863,7718.60009765625,Normal,Standard,97,
1018,Meet Kevin,NEW NTSB DATA: 5 Dead: Amazon Prime Jet Overrun + Unseen Footage (Miami N1997A),2026-09-08 02:53:25+05:30,1085,medium,undefined,False,organic,11,34562,430,44,3142.0,0.013714484115502575,15.720000267028809,7673.52001953125,Normal,Standard,97,
1019,Meet Kevin,Grant Cardone EXPOSED,2026-09-08 06:30:27+05:30,53,micro,undefined,False,organic,11,15755,159,9,1432.2727272727273,0.010663281497937162,15.720000267028809,7673.52001953125,Normal,Standard,97,
1020,Meet Kevin,Tesla’s $5 Trillion Secret Is Leaking… Wall Street ASLEEP,2026-09-08 10:54:19+05:30,1287,long,opportunity,False,organic,11,65621,949,157,5965.545454545455,0.01685436064674418,15.720000267028809,7673.52001953125,Normal,Standard,97,
1021,Meet Kevin,Prepare for Friday | The Rug Pull.,2026-09-08 20:58:42+05:30,1208,long,fear,False,organic,11,87854,1132,135,7986.727272727273,0.014421654107951829,15.720000267028809,7673.52001953125,Normal,Standard,97,
1022,Meet Kevin,"Oil Skyrockets, CPI Week, SPCX Boost, Tesla, Rates",2026-09-08 22:01:39+05:30,11531,long,other,False,organic,11,57592,434,10,5235.636363636364,0.0077094040839005415,15.720000267028809,7673.52001953125,Normal,Standard,97,
1023,Meet Kevin,*Iran Captures US Sub* Strikes INTENSIFY | OIL SURGES,2026-09-09 04:15:17+05:30,892,medium,undefined,False,organic,10,56951,1125,213,5695.1,0.02349388070446524,16.459999084472656,7636.35986328125,Normal,Standard,97,
1024,Meet Kevin,Iran Is Secretly Building a Nuclear Weapon,2026-09-09 06:30:01+05:30,29,micro,undefined,False,organic,10,22455,190,23,2245.5,0.009485637942551771,16.459999084472656,7636.35986328125,Normal,Standard,97,
1025,Meet Kevin,INSANE New Info Amazon Air Crash: Pilot & Failed Go Around DETAILS - Miami Airport CRASH 5 Deaths,2026-09-09 07:24:45+05:30,702,medium,fear,False,organic,10,28577,397,63,2857.7,0.016096861112083145,16.459999084472656,7636.35986328125,Normal,Standard,97,
1026,Meet Kevin,Watch BEFORE the Apple Event Today.,2026-09-09 10:42:49+05:30,1047,medium,undefined,False,organic,10,60901,280,39,6090.1,0.005238009228091493,16.459999084472656,7636.35986328125,Normal,Standard,97,
1027,Meet Kevin,OpenAI is Panicking!,2026-09-09 20:42:08+05:30,1253,long,undefined,False,organic,10,26931,440,131,2693.1,0.021202331885188073,16.459999084472656,7636.35986328125,Normal,Standard,97,
1028,Meet Kevin,*Yikes* The United States JUST Failed a BILLION DOLLAR Bailout,2026-09-09 21:51:28+05:30,1239,long,fear,False,organic,10,114638,1700,257,11463.8,0.017071128247178075,16.459999084472656,7636.35986328125,Normal,Standard,97,
1029,Meet Kevin,"Apple Stock, $100 Oil, 4.8% Treasury - PAIN and HOPE",2026-09-09 23:23:01+05:30,13516,long,other,False,organic,10,63861,462,2,6386.1,0.007265780366734,16.459999084472656,7636.35986328125,Normal,Standard,97,
1030,Meet Kevin,Apple Stock SELL? | After the iPhone Duo Event.,2026-09-10 00:52:54+05:30,1808,long,other,False,organic,9,38088,345,61,4232.0,0.010659525309808864,17.84000015258789,7591.7001953125,Normal,Standard,97,
1031,Meet Kevin,"Apple iPhone Duo Event Reaction, Stocks Fall, Drama.",2026-09-10 01:19:41+05:30,5011,long,other,False,organic,9,46771,261,8,5196.777777777777,0.005751427166406534,17.84000015258789,7591.7001953125,Normal,Standard,97,
1032,Meet Kevin,Pricing Tesla's Cybercab Revolution | This is Insane [Tesla Stock],2026-09-10 06:16:12+05:30,1390,long,other,False,organic,9,107661,1345,233,11962.333333333334,0.014657118176498453,17.84000015258789,7591.7001953125,Normal,Standard,97,
1033,Meet Kevin,The Truth On Getting Rich in 2026,2026-09-10 06:30:02+05:30,33,micro,evergreen,False,organic,9,23574,253,10,2619.3333333333335,0.011156358700263002,17.84000015258789,7591.7001953125,Normal,Standard,97,
1034,Meet Kevin,Amazon Prime Crash: *NEW* Cockpit Audio Analysis & Captain Steve's Weight-on-Wheels Breakdown,2026-09-10 08:17:00+05:30,1489,long,fear,False,organic,9,57069,470,94,6341.0,0.009882773484729013,17.84000015258789,7591.7001953125,Normal,Standard,97,
1035,Meet Kevin,"Trump's $5,000 Stimulus Check to All Adults [Dividend Check]",2026-09-10 10:59:02+05:30,578,short,undefined,False,organic,9,127000,1654,1002,14111.111111111111,0.020913385826771654,17.84000015258789,7591.7001953125,Normal,Standard,97,
1036,Meet Kevin,Trump Declares ANOTHER $500 Stimulus Check (ON TOP OF $5000) | ObamaCare Rebate Explained,2026-09-10 20:35:50+05:30,708,medium,evergreen,False,organic,9,28221,433,129,3135.6666666666665,0.01991424825484568,17.84000015258789,7591.7001953125,Normal,Standard,97,
1037,Meet Kevin,Iran & The Houthis Just Crossed the Nuclear Red Line,2026-09-10 21:35:02+05:30,1229,long,undefined,False,organic,9,68951,929,97,7661.222222222223,0.014880132267842381,17.84000015258789,7591.7001953125,Normal,Standard,97,
1038,Meet Kevin,"Trump's $5,000 Stimulus Dividend, Apple Morning After, PPI, Oil/Yields Pop",2026-09-10 22:48:47+05:30,13255,long,undefined,False,organic,9,51811,452,11,5756.777777777777,0.008936326262762733,17.84000015258789,7591.7001953125,Normal,Standard,97,
1039,Meet Kevin,Revealing My Current Stock Thesis & Allocation Framework.,2026-09-11 00:16:38+05:30,1105,medium,other,False,organic,8,56112,689,75,7014.0,0.013615625891074993,15.84000015258789,7656.97998046875,Normal,Standard,97,
1040,Meet Kevin,EARNINGS as Stocks Slip! ORCL and Adobe!,2026-09-11 03:11:32+05:30,6080,long,other,False,organic,8,36356,249,7,4544.5,0.007041478710529211,15.84000015258789,7656.97998046875,Normal,Standard,97,
1041,Meet Kevin,CRITICAL Bubble Warning: OpenAI & Oracle JUST *THREATENED* Elon & SpaceX.,2026-09-11 04:50:10+05:30,876,medium,fear,False,organic,8,68728,691,60,8591.0,0.010927133046211152,15.84000015258789,7656.97998046875,Normal,Urgent,97,
1042,Meet Kevin,The WORST Investment That Keeps You Poor,2026-09-11 06:30:04+05:30,56,micro,fear,False,organic,8,15179,243,10,1897.375,0.016667764674879768,15.84000015258789,7656.97998046875,Normal,Standard,97,
1043,Meet Kevin,SpaceX Stock: BUY NOW,2026-09-11 10:32:46+05:30,1451,long,opportunity,False,organic,8,59288,822,107,7411.0,0.015669275401430306,15.84000015258789,7656.97998046875,Normal,Urgent,97,
1044,Meet Kevin,YIKES: Critical CPI Inflation Results,2026-09-11 18:16:33+05:30,988,medium,fear,False,organic,8,86485,1195,73,10810.625,0.014661501994565531,15.84000015258789,7656.97998046875,Normal,Urgent,97,
1045,Meet Kevin,DANGER: Report Warns 12 Ways AI Being used to KILL Humans,2026-09-11 21:41:15+05:30,746,medium,fear,False,organic,8,21975,306,41,2746.875,0.015790671217292378,15.84000015258789,7656.97998046875,Normal,Standard,97,
1046,Meet Kevin,This AI Fear Mongering Is OUT OF CONTROL,2026-09-11 21:57:45+05:30,66,micro,other,False,organic,8,4959,104,10,619.875,0.022988505747126436,15.84000015258789,7656.97998046875,Normal,Standard,97,
1047,Meet Kevin,Claude Is Helping Terrorists Create Weapons!,2026-09-11 22:48:59+05:30,176,micro,undefined,False,organic,8,5989,136,9,748.625,0.024211053598263484,15.84000015258789,7656.97998046875,Normal,Standard,97,
1048,Meet Kevin,Buy the Dip.,2026-09-11 23:51:41+05:30,14431,long,undefined,False,organic,8,56884,491,5,7110.5,0.008719499331973841,15.84000015258789,7656.97998046875,Normal,Standard,97,
1049,Meet Kevin,this is peak fear.,2026-09-11 23:55:03+05:30,1226,long,undefined,False,organic,8,98689,1178,162,12336.125,0.013578007680693897,15.84000015258789,7656.97998046875,Normal,Standard,97,
1050,Meet Kevin,How To Fix America's Housing Crisis,2026-09-12 06:30:29+05:30,71,micro,fear,False,organic,7,20154,538,65,2879.1428571428573,0.02991961893420661,15.84000015258789,7656.97998046875,Normal,Standard,97,
1051,Meet Kevin,Elon Musk's SpaceX: THIS Interview Left me SPEECHLESS,2026-09-12 21:54:30+05:30,1246,long,fear,False,organic,7,74137,1176,115,10591.0,0.01741370705585605,15.84000015258789,7656.97998046875,Normal,Standard,97,
1052,Meet Kevin,I'm Making a Big Bet Everyone is WRONG.,2026-09-13 08:40:17+05:30,1212,long,undefined,False,organic,6,94546,1484,216,15757.666666666666,0.0179806654961606,15.84000015258789,7656.97998046875,Normal,Standard,97,
1053,Meet Kevin,They're Wrong about Tesla Stock | Going to $775 Target.,2026-09-14 01:30:54+05:30,1717,long,other,False,organic,5,84257,1101,151,16851.4,0.01485929952407515,17.100000381469727,7619.97998046875,Normal,Standard,97,
1054,Meet Kevin,the next 72 hours...,2026-09-14 05:21:59+05:30,713,medium,undefined,False,organic,5,76847,1327,127,15369.4,0.018920712584746313,17.100000381469727,7619.97998046875,Normal,Standard,97,
1055,Meet Kevin,What if the Fed does NOT Hike!??!?!,2026-09-14 20:39:15+05:30,1111,medium,other,False,organic,5,52241,779,126,10448.2,0.01732355812484447,17.100000381469727,7619.97998046875,Normal,Standard,97,
1056,Meet Kevin,"The Stock Market Dumps | AI Slowdown, Anthropic, Fed.",2026-09-14 22:05:01+05:30,10817,long,other,False,organic,5,66477,592,11,13295.4,0.009070806444334131,17.100000381469727,7619.97998046875,Normal,Standard,97,
1057,Meet Kevin,Trump is ALREADY *Starting* to TACO!!! HUUUGE,2026-09-14 22:34:38+05:30,875,medium,undefined,False,organic,5,85732,1143,121,17146.4,0.0147436196519386,17.100000381469727,7619.97998046875,Normal,Standard,97,
1058,Meet Kevin,How AI Can Destroy The World,2026-09-14 23:15:39+05:30,66,micro,other,False,organic,5,3696,61,5,739.2,0.017857142857142856,17.100000381469727,7619.97998046875,Normal,Standard,97,
1059,Meet Kevin,Markiplier Turned $9 Million Into $15 Million,2026-09-14 23:57:52+05:30,134,micro,opportunity,False,organic,5,10805,190,9,2161.0,0.01841739935215178,17.100000381469727,7619.97998046875,Normal,Standard,97,
1060,Meet Kevin,Elon Musk Says AI Will 10x The Economy,2026-09-15 00:30:02+05:30,45,micro,opportunity,False,organic,4,25268,261,44,6317.0,0.012070603134399241,17.100000381469727,7619.97998046875,Normal,Standard,97,
1061,Meet Kevin,Is GoPro the Next Meme Stock,2026-09-15 02:00:03+05:30,55,micro,other,False,organic,4,7933,83,5,1983.25,0.011092903063153914,17.100000381469727,7619.97998046875,Normal,Standard,97,
1062,Meet Kevin,This is an INSANE Flip Flop on SpaceX Stock,2026-09-15 02:50:45+05:30,997,medium,other,False,organic,4,104273,1199,109,26068.25,0.01254399508981232,17.100000381469727,7619.97998046875,Normal,Standard,97,
1063,Meet Kevin,Mark Zuckerberg Is SMARTER Than You Think,2026-09-15 06:30:15+05:30,46,micro,undefined,False,organic,4,4769,70,3,1192.25,0.015307192283497589,17.100000381469727,7619.97998046875,Normal,Standard,97,
1064,Meet Kevin,Prepare for the -83% Market Crash,2026-09-15 06:47:41+05:30,2369,long,fear,False,organic,4,114030,1607,179,28507.5,0.0156625449443129,17.100000381469727,7619.97998046875,Normal,Standard,97,
1065,Meet Kevin,This Guy Stole $320 Million Worth of BITCOIN,2026-09-15 12:15:00+05:30,53,micro,opportunity,False,organic,4,13116,145,4,3279.0,0.011360170783775542,17.100000381469727,7619.97998046875,Normal,Standard,97,
1066,Meet Kevin,Warning: Fed Chair Warsh is about to Middle Finger Trump.,2026-09-15 20:40:30+05:30,1292,long,fear,False,organic,4,72735,865,107,18183.75,0.01336358011961229,17.100000381469727,7619.97998046875,Normal,Urgent,97,
1067,Meet Kevin,Clarity Act FAILS | What Now?!?!?!,2026-09-16 00:40:41+05:30,802,medium,undefined,False,organic,3,140417,1848,393,46805.666666666664,0.01595960603060883,,,Normal,Urgent,97,
1068,Meet Kevin,"The Stock Market Nervousness, Fed, Elon, AI Chips",2026-09-16 00:52:58+05:30,20366,long,other,False,organic,3,84471,598,8,28157.0,0.007174059736477608,,,Normal,Standard,97,
1069,Meet Kevin,The Iran War JUST Hit Rock Bottom.,2026-09-16 05:01:03+05:30,1006,medium,undefined,False,organic,3,101156,1427,276,33718.666666666664,0.01683538297283404,,,Normal,Standard,97,
1070,Meet Kevin,NBC News Helicopter JUST CRASHED | LIVE FOOTAGE | Analysis,2026-09-16 11:11:19+05:30,915,medium,evergreen,False,organic,3,202858,2545,483,67619.33333333333,0.014926697492827495,,,Normal,Standard,97,
1071,Meet Kevin,The Fed MUST Hike Today.,2026-09-16 12:25:07+05:30,692,medium,other,False,organic,3,57784,623,89,19261.333333333332,0.012321749965388342,,,Normal,Standard,97,
1072,Meet Kevin,Final Warning on Fed [Watch Now],2026-09-16 20:35:25+05:30,606,medium,fear,False,organic,3,76430,805,78,25476.666666666668,0.01155305508308256,,,Normal,Urgent,97,
1073,Meet Kevin,"The Fed will Hike Today | Stocks TENTATIVE, AI, Nvidia, Meta - Retail Sales",2026-09-16 21:58:08+05:30,10336,long,other,False,organic,3,66286,585,6,22095.333333333332,0.008915909845216185,,,Normal,Standard,97,
1074,Meet Kevin,The Fed [FOMC] Rate Decision LIVE - Kevin Warsh Rate Hike & Fed Dots / SEP.,2026-09-17 01:00:19+05:30,5626,long,other,False,organic,2,129727,1400,12,64863.5,0.010884395692492697,,,Normal,Standard,97,
1075,Meet Kevin,The Fed is PISSED.,2026-09-17 01:03:47+05:30,1394,long,other,False,organic,2,116654,1275,119,58327.0,0.011949868842902944,,,Normal,Standard,97,
1076,Meet Kevin,Cause of Crash? DEADLY NBC News Helicopter Crash [N358TV],2026-09-17 03:30:44+05:30,841,medium,fear,False,organic,2,68419,795,127,34209.5,0.013475788889051286,,,Normal,Standard,97,
1077,Meet Kevin,NBC News Helicopter JUST CRASHED | LIVE FOOTAGE | Analysis,2026-09-17 03:38:08+05:30,112,micro,evergreen,False,organic,2,18823,228,28,9411.5,0.013600382510758116,,,Normal,Standard,97,
1078,Meet Kevin,"Grant Cardone Bought 1,000 Bitcoin at $90,000 💀",2026-09-17 06:30:30+05:30,41,micro,other,False,organic,2,21364,127,6,10682.0,0.006225425950196592,,,Normal,Standard,97,
1079,Meet Kevin,Trump *JUST* Lashed Out | Big Mistakes.,2026-09-17 06:59:08+05:30,847,medium,evergreen,False,organic,2,71228,1590,243,35614.0,0.02573426180715449,,,Normal,Standard,97,
1080,Meet Kevin,THIS Stock is about to 2x!,2026-09-17 10:44:58+05:30,1073,medium,other,False,organic,2,39186,575,86,19593.0,0.016868269279844843,,,Normal,Standard,97,
1081,Meet Kevin,Trump is TACO'ing on Iran!!,2026-09-17 21:00:10+05:30,878,medium,undefined,False,organic,2,63579,906,102,31789.5,0.015854291511348085,,,Normal,Standard,97,
1082,Meet Kevin,Here we Go | PEAK FEAR IS OVER -- UP WE GO!!!,2026-09-17 21:40:11+05:30,9180,long,undefined,False,organic,2,58273,596,16,29136.5,0.010502290940916034,,,Normal,Standard,97,
1083,Meet Kevin,Palantir CEO Leaves CNBC SPEECHLES | UNHINGED INTERVIEW,2026-09-17 22:22:39+05:30,1092,medium,other,False,organic,2,148267,1384,209,74133.5,0.010744130521289296,,,Normal,Standard,97,
1084,Meet Kevin,Palantir CEO Alex Karp is Goes OFF on CNBC,2026-09-18 02:59:06+05:30,36,micro,other,False,organic,1,14027,89,5,14027.0,0.006701361659656377,,,Normal,Standard,97,
1085,Meet Kevin,Palantir CEO Goes OFF On CNBC,2026-09-18 05:06:31+05:30,34,micro,other,False,organic,1,7523,72,5,7523.0,0.010235278479330055,,,Normal,Standard,97,
1086,Meet Kevin,Elon Musk's Evil Plan To MERGE Tesla With SpaceX,2026-09-18 06:30:08+05:30,47,micro,other,False,organic,1,10077,121,6,10077.0,0.012602957229334128,,,Normal,Standard,97,
1087,Meet Kevin,Trump's Taco Tuesday Diplomacy with Iran & Gulf Leaders,2026-09-18 20:22:43+05:30,112,micro,undefined,False,organic,1,2597,72,10,2597.0,0.03157489410858683,,,Normal,Standard,97,
1088,Meet Kevin,Why Apple Stock is set to Rip!,2026-09-18 21:00:09+05:30,38,micro,other,False,organic,1,4115,60,1,4115.0,0.014823815309842042,,,Normal,Standard,97,
1089,Meet Kevin,Trump Issues NEW WARNING | Iran Tankers Struck AGAIN,2026-09-18 21:18:55+05:30,1003,medium,fear,False,organic,1,45283,664,115,45283.0,0.017202923834551596,,,Normal,Urgent,97,
1090,Meet Kevin,Why I'm Optimistic About the Iran War Ending,2026-09-18 21:30:21+05:30,59,micro,undefined,False,organic,1,999,14,0,999.0,0.014014014014014014,,,Normal,Standard,97,
1091,Meet Kevin,"Iran Nerves, Anthropic, Options Witching | Stocks, Housing, & Politics",2026-09-18 22:08:13+05:30,11090,long,other,False,organic,1,56232,539,4,56232.0,0.009656423388817755,,,Normal,Standard,97,
1092,Meet Kevin,How Trump JUST Bailed out All Stocks & Crypto. Again.,2026-09-18 22:34:23+05:30,1639,long,other,False,organic,1,120439,1988,233,120439.0,0.01844087048215279,,,Normal,Standard,97,
1093,Meet Kevin,The Houthi's are Causing Problems,2026-09-18 23:15:10+05:30,82,micro,undefined,False,organic,1,1755,41,1,1755.0,0.023931623931623933,,,Normal,Standard,97,
1094,Meet Kevin,Trump's Blockade is Working,2026-09-18 23:30:24+05:30,93,micro,undefined,False,organic,1,2600,54,2,2600.0,0.021538461538461538,,,Normal,Standard,97,
1095,Meet Kevin,Is Trump's Blockade Really Working??,2026-09-18 23:45:24+05:30,29,micro,undefined,False,organic,1,1143,17,2,1143.0,0.016622922134733157,,,Normal,Standard,97,
1096,Meet Kevin,WARNING: The Two Paths to Recession.,2026-09-19 02:28:28+05:30,1544,long,fear,False,organic,1,38076,563,51,38076.0,0.01612564344994222,,,Normal,Urgent,97,
1097,Meet Kevin,Anthropic *SUDDENLY* Delays IPO & Nscale IPO Looks BAD,2026-09-19 03:47:25+05:30,1566,long,undefined,False,organic,1,33379,410,37,33379.0,0.013391653434794332,,,Normal,Standard,97,
1098,Meet Kevin,Grant Cardone Sued Me AND It Instantly Backfired 💀,2026-09-19 06:30:09+05:30,39,micro,undefined,False,organic,1,4903,133,5,4903.0,0.02814603304099531,,,Normal,Standard,97,
1099,Meet Kevin,are we f**k'd,2026-09-19 07:47:09+05:30,2755,long,fear,False,organic,1,15044,511,87,15044.0,0.03975006647168306,,,Normal,Standard,97,
1100,Minority Mindset,You Are Trained To Be POOR - Don't Do These 10 Things,2026-04-23 17:00:13+05:30,1444,long,undefined,False,organic,149,126248,3784,254,847.3020134228188,0.0319846651036056,19.309999465942383,7108.39990234375,Normal,Standard,97,
1101,Minority Mindset,Robert Kiyosaki: The American Empire Will Collapse In 2026,2026-04-24 17:00:14+05:30,3763,long,fear,False,organic,148,1421071,26301,5408,9601.831081081082,0.022313452318708918,18.709999084472656,7165.080078125,Normal,Standard,97,
1102,Minority Mindset,Why Regular People Are About To Get Rich From This Wealth Shift,2026-04-27 17:00:39+05:30,1033,medium,evergreen,False,organic,145,256580,6360,631,1769.5172413793102,0.02724686257697404,18.020000457763672,7173.91015625,Normal,Standard,97,
1103,Minority Mindset,China Just Declared a New World Order - Here's What It Means for Your Money,2026-04-28 17:00:30+05:30,1844,long,other,False,organic,144,562015,14381,1815,3902.8819444444443,0.028817736181418644,17.829999923706055,7138.7998046875,Normal,Standard,97,
1104,Minority Mindset,Buy These 5 ETFs To Beat The S&P500 & Retire 10 Years Faster,2026-04-29 17:00:39+05:30,1243,long,evergreen,False,organic,143,175307,5546,400,1225.923076923077,0.0339176416229814,18.809999465942383,7135.9501953125,Normal,Standard,97,
1105,Minority Mindset,The Fed Just Did Something No One Expected,2026-04-30 17:00:14+05:30,1205,long,other,False,organic,142,376374,10639,1048,2650.521126760563,0.031051560415969223,16.889999389648438,7209.009765625,Normal,Standard,97,
1106,Minority Mindset,The Petrodollar System Is Coming To An End,2026-05-01 17:00:25+05:30,1356,long,undefined,False,organic,141,216972,6210,591,1538.8085106382978,0.03134505834854267,16.989999771118164,7230.1201171875,Normal,Standard,97,
1107,Minority Mindset,TrumpIRA - Trump Just Quietly Replaced The 401k,2026-05-04 17:00:36+05:30,1465,long,evergreen,False,organic,138,581817,14064,2832,4216.065217391304,0.02904005898761982,18.290000915527344,7200.75,Normal,Standard,97,
1108,Minority Mindset,The Fed Just Lost Control — Most People Aren't Ready,2026-05-05 17:00:47+05:30,1367,long,other,False,organic,137,222927,6181,869,1627.2043795620439,0.031624702256792585,17.3799991607666,7259.22021484375,Normal,Standard,97,
1109,Minority Mindset,Jamie Dimon Just Sounded The Loudest Alarm In 20 Years,2026-05-06 17:00:35+05:30,1854,long,undefined,False,organic,136,191334,5417,616,1406.8676470588234,0.03153124902003826,17.389999389648438,7365.1201171875,Normal,Standard,97,
1110,Minority Mindset,This Happened Right Before The 2008 Crash — And It's Happening Now | Ken McElroy x Jaspreet Singh,2026-05-07 17:00:30+05:30,4065,long,fear,False,organic,135,87408,2425,442,647.4666666666667,0.032800201354567085,17.079999923706055,7337.10986328125,Normal,Urgent,97,
1111,Minority Mindset,Trump Just Triggered The Second Biggest Stimulus In US History (And You're Paying For It),2026-05-08 17:00:29+05:30,2320,long,undefined,False,organic,134,409446,10323,1091,3055.5671641791046,0.027876691920302066,17.190000534057617,7398.93017578125,Normal,Standard,97,
1112,Minority Mindset,Trump Just Copied The Japanese Economic Playbook (Why It Matters),2026-05-11 17:00:29+05:30,973,medium,undefined,False,organic,131,168217,4954,352,1284.0992366412213,0.031542590820190584,18.3799991607666,7412.83984375,Normal,Standard,97,
1113,Minority Mindset,Trump's 2026 Plan To Cancel Your Income Tax Has Just Begun (5 Cuts You're Missing),2026-05-12 17:00:48+05:30,882,medium,evergreen,False,organic,130,213199,7452,788,1639.9923076923078,0.038649337004394956,17.989999771118164,7400.9599609375,Normal,Standard,97,
1114,Minority Mindset,Trump's Secret Plan To Save The Dollar From China,2026-05-13 17:00:15+05:30,2431,long,opportunity,False,organic,129,111825,3625,311,866.8604651162791,0.035197853789403086,17.8700008392334,7444.25,Normal,Standard,97,
1115,Minority Mindset,Buy These 5 ETFs To Replace Your Salary & Never Work Again,2026-05-14 17:00:06+05:30,1448,long,evergreen,False,organic,128,432882,12598,667,3381.890625,0.03064345479830531,17.260000228881836,7501.240234375,Normal,Standard,97,
1116,Minority Mindset,Powell Just Trapped The New Fed Chair (And You're About To Pay),2026-05-15 17:00:16+05:30,1711,long,other,False,organic,127,125027,3873,385,984.4645669291339,0.03405664376494677,18.43000030517578,7408.5,Normal,Standard,97,
1117,Minority Mindset,The New Fed Chair Just Said Something Trump Doesn't Want To Hear,2026-05-18 17:00:08+05:30,1075,medium,other,False,organic,124,390338,9613,1008,3147.8870967741937,0.02720975154865783,17.81999969482422,7403.0498046875,Normal,Standard,97,
1118,Minority Mindset,Trump Just Flipped The Housing Market,2026-05-19 17:00:06+05:30,986,medium,other,False,organic,123,293108,7917,1063,2382.991869918699,0.030637171281575393,18.059999465942383,7353.60986328125,Normal,Standard,97,
1119,Minority Mindset,Buy These 5 Assets In Your 40s Or You Won't Retire,2026-05-20 17:00:29+05:30,1634,long,evergreen,False,organic,122,159308,4435,408,1305.8032786885246,0.030400230999070983,17.440000534057617,7432.97021484375,Normal,Standard,97,
1120,Minority Mindset,They're About To Trigger The Biggest Wealth Transfer In American History,2026-05-21 17:00:24+05:30,1233,long,opportunity,False,organic,121,253810,7515,638,2097.603305785124,0.03212245380402663,16.760000228881836,7445.72021484375,Normal,Standard,97,
1121,Minority Mindset,Trump Just Quietly Killed The Old 401k — Here's What's Replacing It,2026-05-22 17:00:27+05:30,1130,medium,evergreen,False,organic,120,159026,4022,437,1325.2166666666667,0.028039440091557354,16.700000762939453,7473.47021484375,Normal,Standard,97,
1122,Minority Mindset,Two Things Just Broke The American Economy At The Same Time,2026-05-25 17:00:14+05:30,3014,long,other,False,organic,117,134972,3919,461,1153.6068376068376,0.03245117505853066,16.59000015258789,7473.47021484375,Normal,Standard,97,
1123,Minority Mindset,America Just Repeated The Mistake That Crashed The Economy In 2008,2026-05-26 17:00:29+05:30,1182,medium,evergreen,False,organic,116,209297,5661,553,1804.2844827586207,0.029689866553271188,17.010000228881836,7519.1201171875,Normal,Standard,97,
1124,Minority Mindset,Trump's New Plan To Replace Gold And Fix The $39 Trillion Debt,2026-05-27 17:00:28+05:30,1313,long,other,False,organic,115,435613,11043,1642,3787.939130434783,0.029119883933675074,16.290000915527344,7520.35986328125,Normal,Standard,97,
1125,Minority Mindset,"The New Fed Chair's Plan To Trigger The Next 1,600% Wealth Cycle",2026-05-28 17:00:22+05:30,1704,long,evergreen,False,organic,114,408003,11247,673,3578.9736842105262,0.02921547145486675,15.739999771118164,7563.6298828125,Normal,Standard,97,
1126,Minority Mindset,"The Last Time Oil Did This, A Few People Got Filthy Rich (It Just Happened Again)",2026-05-29 17:00:36+05:30,1126,medium,opportunity,False,organic,113,175863,5095,370,1556.3097345132744,0.031075325679648363,15.319999694824219,7580.06005859375,Normal,Standard,97,
1127,Minority Mindset,China Just Found A Way To Replace The US Dollar (And It's Already Working),2026-06-01 17:00:21+05:30,995,medium,other,False,organic,110,134579,4281,549,1223.4454545454546,0.035889700473327936,16.049999237060547,7599.9599609375,Normal,Standard,97,
1128,Minority Mindset,This Is Why The New Fed Is Worried About A 2026 Recession (It's Not What You Think),2026-06-02 17:00:05+05:30,1633,long,fear,False,organic,109,115751,3091,238,1061.9357798165138,0.02876001071265043,15.770000457763672,7609.77978515625,Normal,Standard,97,
1129,Minority Mindset,Trump Just Triggered The Next Investment Boom - Buy These 5 Investments ASAP,2026-06-03 17:00:19+05:30,1300,long,opportunity,False,organic,108,197604,6978,881,1829.6666666666667,0.03977146211615149,16.059999465942383,7553.68017578125,Normal,Standard,97,
1130,Minority Mindset,"The Last Time The Stock Market Looked Like This, It Fell 89% (Here's What Triggered It)",2026-06-04 17:00:28+05:30,1236,long,other,False,organic,107,136029,4156,798,1271.2990654205607,0.03641870483499842,15.399999618530273,7584.31005859375,Normal,Standard,97,
1131,Minority Mindset,Trump Just Started The Biggest Money Reset Since WW2,2026-06-05 17:00:28+05:30,1752,long,other,False,organic,106,241130,6878,1283,2274.811320754717,0.03384481400074649,21.510000228881836,7383.740234375,Volatile,Standard,98,
1132,Minority Mindset,This Could Be The Biggest Wealth Opportunity Of Our Generation,2026-06-06 17:00:12+05:30,1423,long,evergreen,False,organic,105,220654,6814,655,2101.4666666666667,0.03384937503965484,21.510000228881836,7383.740234375,Volatile,Standard,98,
1133,Minority Mindset,Japan Just Sent A Warning To The U.S. Stock Market (How To Prepare),2026-06-08 17:00:21+05:30,1157,medium,fear,False,organic,103,140587,3836,258,1364.9223300970873,0.029120757964818937,18.920000076293945,7405.72998046875,Normal,Urgent,99,
1134,Minority Mindset,The SpaceX IPO Is About To Flip Your 401k - Most People Are Not Ready,2026-06-09 17:00:02+05:30,1361,long,evergreen,False,organic,102,396321,10356,1215,3885.5,0.029196030490435784,19.8700008392334,7386.64990234375,Normal,Standard,99,
1135,Minority Mindset,Watch This Before June 17 - Trump's New Fed Chair Could Flip The Market,2026-06-10 17:00:05+05:30,1492,long,other,False,organic,101,123280,3238,658,1220.5940594059407,0.031602855288773525,22.219999313354492,7266.990234375,Volatile,Standard,100,
1136,Minority Mindset,Trump Just Cracked The Stock Market - Do This Today,2026-06-11 17:00:37+05:30,1018,medium,other,False,organic,100,115466,3588,746,1154.66,0.03753485874629761,19.440000534057617,7394.2998046875,Normal,Urgent,101,
1137,Minority Mindset,Bank Of America Just Warned The Stock Market Could Crash This Summer,2026-06-12 17:00:00+05:30,1115,medium,fear,False,organic,99,143134,3993,396,1445.79797979798,0.030663573993600403,17.68000030517578,7431.4599609375,Normal,Standard,101,
1138,Minority Mindset,The Economy That's Replacing The One You Grew Up In,2026-06-13 17:00:22+05:30,1688,long,other,False,organic,98,88272,2722,285,900.734693877551,0.03406516222584738,17.68000030517578,7431.4599609375,Normal,Standard,101,
1139,Minority Mindset,Trump's Inflation Just Broke Your Paycheck,2026-06-15 17:00:09+05:30,1052,medium,other,False,organic,96,85381,3048,281,889.3854166666666,0.03898993921364238,16.200000762939453,7554.2900390625,Normal,Standard,101,
1140,Minority Mindset,Trump Just Ended The War - Here's What Most People Are Missing,2026-06-16 17:00:00+05:30,948,medium,undefined,False,organic,95,69960,2424,283,736.421052631579,0.03869353916523728,16.40999984741211,7511.35009765625,Normal,Standard,101,
1141,Minority Mindset,The Housing Market Just Hit Its Biggest Shift Since 2020,2026-06-17 17:00:00+05:30,1225,long,other,False,organic,94,159064,3752,356,1692.1702127659576,0.025826082583111202,18.440000534057617,7420.10009765625,Normal,Standard,101,
1142,Minority Mindset,Trump's Own Fed Chair Just Turned On Him,2026-06-18 17:00:21+05:30,932,medium,other,False,organic,93,122201,3989,520,1313.989247311828,0.03689822505544144,16.399999618530273,7500.580078125,Normal,Standard,101,
1143,Minority Mindset,The Fed Just Quietly Confirmed The Crisis Wall Street Hoped You Wouldn't Notice,2026-06-19 17:00:01+05:30,1105,medium,fear,False,organic,92,95680,2779,240,1040.0,0.03155309364548495,16.399999618530273,7500.580078125,Normal,Standard,101,
1144,Minority Mindset,The Middle Class Is About To Get Wiped Out (Here's What You Should Do),2026-06-22 17:00:01+05:30,1257,long,undefined,False,organic,89,117983,3220,328,1325.6516853932585,0.03007212903553902,17.280000686645508,7472.7900390625,Normal,Standard,101,
1145,Minority Mindset,If You're 40 And Broke - These 3 Moves Can Still Make You Rich,2026-06-23 17:00:08+05:30,4419,long,evergreen,False,organic,88,85062,2840,214,966.6136363636364,0.035903223531071456,19.489999771118164,7365.4599609375,Normal,Standard,101,
1146,Minority Mindset,"MASTERCLASS - Once You Save $1,000 Do These 5 Things ASAP",2026-06-24 17:00:15+05:30,6970,long,undefined,False,organic,87,92854,2692,181,1067.287356321839,0.030941047235444892,18.6299991607666,7358.22021484375,Normal,Standard,101,
1147,Minority Mindset,Use Your Paycheck To Do These 5 Things And Never Work Again,2026-06-25 17:00:00+05:30,2567,long,other,False,organic,86,427637,12672,345,4972.523255813953,0.030439367968627597,18.889999389648438,7357.490234375,Normal,Standard,101,
1148,Minority Mindset,Use Your Paycheck To Buy These 5 Things And Never Work Again,2026-06-26 17:00:14+05:30,1632,long,other,False,organic,85,214822,5551,329,2527.3176470588237,0.027371498263678767,18.40999984741211,7354.02001953125,Normal,Standard,101,
1149,Minority Mindset,This Money Mistake Keeps 90% of Americans Poor,2026-06-29 17:00:07+05:30,2438,long,evergreen,False,organic,82,48606,1553,146,592.7560975609756,0.0349545323622598,17.649999618530273,7440.43017578125,Normal,Standard,101,
1150,Minority Mindset,"Trump's New Fed Chair Just Crushed Gold, Silver, Bitcoin",2026-06-30 17:00:08+05:30,1200,medium,other,False,organic,81,318412,7780,669,3931.0123456790125,0.026534803964674697,16.450000762939453,7499.35986328125,Normal,Standard,101,
1151,Minority Mindset,Jeremy Grantham Just Warned: 70% Crash Coming (How To Prepare),2026-07-01 17:00:08+05:30,1249,long,fear,False,organic,80,221472,5406,810,2768.4,0.028066753359341137,16.59000015258789,7483.22998046875,Normal,Standard,101,
1152,Minority Mindset,The Great Unwind Has Begun,2026-07-02 17:00:27+05:30,802,medium,undefined,False,organic,79,88947,3170,371,1125.9113924050632,0.03981022406601684,16.149999618530273,7483.240234375,Normal,Standard,101,
1153,Minority Mindset,Trump Just Replaced The Dollar With Cryptocurrency...,2026-07-03 17:00:31+05:30,1099,medium,other,False,organic,78,207663,6620,982,2662.346153846154,0.0366073879314081,16.149999618530273,7483.240234375,Normal,Standard,101,
1154,Minority Mindset,Trump Just Quietly Made Your Baby Rich,2026-07-06 17:00:00+05:30,1239,long,evergreen,False,organic,75,32553,1235,205,434.04,0.04423555432679016,15.569999694824219,7537.43017578125,Normal,Standard,101,
1155,Minority Mindset,The Era Of Cheap Money Just Ended,2026-07-07 17:00:24+05:30,1191,medium,other,False,organic,74,95185,3057,295,1286.2837837837837,0.03521563271523875,16.1299991607666,7503.85009765625,Normal,Standard,101,
1156,Minority Mindset,The Fed Just Handed You The Best Deal In 15 Years,2026-07-08 17:00:28+05:30,1337,long,other,False,organic,73,459427,10980,558,6293.520547945205,0.025113891869655028,16.899999618530273,7482.7099609375,Normal,Standard,101,
1157,Minority Mindset,"If I Started Investing From $0 Today, Here's Exactly What I'd Do",2026-07-09 17:00:22+05:30,1626,long,evergreen,False,organic,72,142753,4978,345,1982.6805555555557,0.03728818308546931,15.84000015258789,7543.64013671875,Normal,Standard,101,
1158,Minority Mindset,The Next Great Wealth Reset Just Started,2026-07-10 17:00:25+05:30,772,medium,evergreen,False,organic,71,56652,2038,170,797.9154929577464,0.03897479347595848,15.029999732971191,7575.39013671875,Normal,Standard,101,
1159,Minority Mindset,The Next Reserve Currency Is Here (It's not what you think...),2026-07-13 17:00:10+05:30,872,medium,undefined,False,organic,68,89269,3317,219,1312.7794117647059,0.039610615107148056,17.15999984741211,7515.33984375,Normal,Standard,101,
1160,Minority Mindset,Something Nobody Sees Is About To Make People Rich,2026-07-14 17:00:28+05:30,1073,medium,evergreen,False,organic,67,104389,3884,329,1558.044776119403,0.04035865847934169,16.5,7543.58984375,Normal,Standard,101,
1161,Minority Mindset,Is Bitcoin Going To 0? (What They Won't Tell You),2026-07-15 17:00:26+05:30,2105,long,other,False,organic,66,358528,7942,1269,5432.242424242424,0.025691159407354516,15.670000076293945,7572.39990234375,Normal,Standard,101,
1162,Minority Mindset,DON'T Buy A House In 2026 Until You Watch This,2026-07-16 17:00:18+05:30,1109,medium,fear,False,organic,65,59149,1540,191,909.9846153846154,0.02926507633265144,16.729999542236328,7533.77001953125,Normal,Standard,101,
1163,Minority Mindset,These 30 Minutes Let You Build More Wealth Than 90% Of People,2026-07-17 17:00:38+05:30,1873,long,evergreen,False,organic,64,61092,1913,223,954.5625,0.03496366136318994,18.770000457763672,7457.68994140625,Normal,Standard,101,
1164,Minority Mindset,The Simple Payday Hack That Creates Millionaires (STILL WORKS),2026-07-20 17:00:18+05:30,1114,medium,opportunity,False,organic,61,80116,3462,274,1313.377049180328,0.04663238304458535,18.649999618530273,7443.27978515625,Normal,Standard,101,
1165,Minority Mindset,5 Businesses To Start This Weekend (With Almost No Money),2026-07-21 17:00:32+05:30,1444,long,other,False,organic,60,109741,4025,213,1829.0166666666667,0.038618201036987085,17.049999237060547,7509.2001953125,Normal,Standard,101,
1166,Minority Mindset,The Economy Makes No Sense Right Now,2026-07-22 17:00:32+05:30,1053,medium,other,False,organic,59,96373,2884,443,1633.4406779661017,0.03452211719049941,16.639999389648438,7498.9599609375,Normal,Urgent,101,
1167,Minority Mindset,"The Biggest Shift For The Dollar In 50 Years Is Here (Gold, Silver, & Bitcoin Crash)",2026-07-23 17:00:21+05:30,1211,long,fear,False,organic,58,142497,3650,498,2456.844827586207,0.029109384758977383,18.700000762939453,7408.2998046875,Normal,Standard,101,
1168,Minority Mindset,Watch This Now If You Ever Want To Retire - The Game Has Changed,2026-07-24 17:00:32+05:30,1627,long,evergreen,False,organic,57,48711,1491,230,854.578947368421,0.03533082876557656,18.579999923706055,7411.97998046875,Normal,Urgent,101,
1169,Minority Mindset,Trump's NEW Plan To Abolish the IRS,2026-07-27 17:00:03+05:30,1045,medium,undefined,False,organic,54,143591,4922,1054,2659.0925925925926,0.04161820726925782,18.670000076293945,7413.18017578125,Normal,Standard,101,
1170,Minority Mindset,The Mistake Almost Every Investor Is About To Make,2026-07-28 17:00:38+05:30,1022,medium,evergreen,False,organic,53,64043,2212,240,1208.3584905660377,0.0382867760723264,18.209999084472656,7428.77978515625,Normal,Standard,101,
1171,Minority Mindset,The TRUTH About Retirement (Your Financial Advisor Doesn't Want You To Know),2026-07-29 17:00:34+05:30,948,medium,evergreen,False,organic,52,48438,1426,262,931.5,0.03484867252983195,20.65999984741211,7316.14990234375,Volatile,Standard,102,
1172,Minority Mindset,The Money Habits That Are Keeping You Broke,2026-07-31 17:00:38+05:30,3066,long,evergreen,False,organic,50,24679,1117,328,493.58,0.05855180517849184,15.989999771118164,7489.72021484375,Normal,Standard,103,
1173,Minority Mindset,What To Do In Your 40s To Retire Wealthy In Your 50s,2026-08-03 17:00:16+05:30,1546,long,evergreen,False,organic,47,50936,1778,267,1083.7446808510638,0.04014842154861002,15.859999656677246,7600.5,Normal,Standard,103,
1174,Minority Mindset,How The Wealthy Invest Before A Market Downturn,2026-08-05 17:00:23+05:30,1646,long,other,False,organic,45,134315,3471,238,2984.777777777778,0.027614190522279716,15.8100004196167,7723.5498046875,Normal,Standard,103,
1175,Minority Mindset,The Assets That Replace Your Paycheck,2026-08-06 17:00:29+05:30,2847,long,other,False,organic,44,71650,2842,197,1628.409090909091,0.04241451500348918,15.149999618530273,7709.9599609375,Normal,Standard,103,
1176,Minority Mindset,Why Anyone Under 45 Needs To Rethink Retirement,2026-08-07 17:00:11+05:30,1593,long,evergreen,False,organic,43,74653,2035,217,1736.1162790697674,0.030166235784228362,14.899999618530273,7757.64013671875,Normal,Standard,103,
1177,Minority Mindset,The 75/15/10 Money System That Builds Wealth On Any Income,2026-08-10 17:00:19+05:30,1650,long,evergreen,False,organic,40,43632,1336,126,1090.8,0.03350751741840851,15.460000038146973,7753.10986328125,Normal,Standard,103,
1178,Minority Mindset,The Millionaire Formula Anyone Can Follow,2026-08-11 17:00:17+05:30,1575,long,evergreen,False,organic,39,16696,701,52,428.1025641025641,0.045100622903689505,15.279999732971191,7728.2001953125,Normal,Standard,103,
1179,Minority Mindset,How To Actually Escape The Paycheck Cycle,2026-08-12 17:00:25+05:30,1651,long,evergreen,False,organic,38,31448,1098,118,827.578947368421,0.03866700585092852,14.550000190734863,7748.5,Normal,Standard,103,
1180,Minority Mindset,The Money Mindset That Builds Real Wealth,2026-08-14 17:00:39+05:30,1426,long,evergreen,False,organic,36,19042,700,75,528.9444444444445,0.04069950635437454,14.25,7785.759765625,Normal,Standard,103,
1181,Minority Mindset,Why The Wealthy Think About Money Completely Differently,2026-08-17 17:00:31+05:30,1730,long,other,False,organic,33,25687,964,174,778.3939393939394,0.04430256550005839,15.1899995803833,7745.06005859375,Normal,Standard,103,
1182,Minority Mindset,The Real Way Ordinary People Build Wealth,2026-08-20 17:00:36+05:30,1065,medium,evergreen,False,organic,30,25848,854,179,861.6,0.039964407304240175,16.010000228881836,7641.16015625,Normal,Standard,103,
1183,Minority Mindset,It's Over: America Is Now Buying Its Own Debt,2026-08-31 17:00:00+05:30,2170,long,fear,False,organic,19,1898377,17515,2939,99914.57894736843,0.010774466820868562,14.920000076293945,7686.14013671875,Normal,Urgent,103,
1184,Minority Mindset,The IRS Is Disappearing (And The Rich Know It),2026-09-01 17:00:24+05:30,1454,long,evergreen,False,organic,18,628298,9959,1029,34905.444444444445,0.017488516595628188,16.34000015258789,7631.47021484375,Normal,Standard,103,
1185,Minority Mindset,"Exactly What I'd Do With $10,000 Right Now",2026-09-02 17:00:29+05:30,2131,long,undefined,False,organic,17,277940,3302,372,16349.411764705883,0.013218680290710225,15.199999809265137,7666.60009765625,Normal,Urgent,103,
1186,Minority Mindset,Buy These 5 Assets To Replace Your Paycheck (And Never Work Again),2026-09-03 17:00:30+05:30,2869,long,other,False,organic,16,469644,6412,445,29352.75,0.014600420744223285,14.319999694824219,7747.7099609375,Normal,Standard,103,
1187,Minority Mindset,Something Just Broke Inside The Federal Reserve,2026-09-04 17:00:34+05:30,1468,long,undefined,False,organic,15,325723,3837,605,21714.866666666665,0.013637354439201407,14.529999732971191,7718.60009765625,Normal,Standard,103,
1188,Minority Mindset,This Is The Weirdest Housing Market In History,2026-09-07 17:00:14+05:30,1606,long,other,False,organic,12,488457,5066,767,40704.75,0.011941685757395227,15.300000190734863,7718.60009765625,Normal,Standard,103,
1189,Minority Mindset,They're Lying To You About Inflation (And Buying Gold),2026-09-08 17:00:39+05:30,1116,medium,other,False,organic,11,288999,3788,507,26272.636363636364,0.014861643119872387,15.720000267028809,7673.52001953125,Normal,Standard,103,
1190,Minority Mindset,Your 401k Could Pop The AI Bubble,2026-09-09 17:00:37+05:30,1420,long,fear,False,organic,10,149079,1640,239,14907.9,0.012604055567853286,16.459999084472656,7636.35986328125,Normal,Standard,103,
1191,Minority Mindset,Why The American Economy Has Not Collapsed Yet,2026-09-10 17:00:39+05:30,1589,long,other,False,organic,9,385951,4561,839,42883.444444444445,0.013991413417765467,17.84000015258789,7591.7001953125,Normal,Standard,103,
1192,Minority Mindset,Trump's Treasury Secretary Just Cancelled The Economic Recovery - What It Means For Your Paycheck,2026-09-11 17:00:16+05:30,1181,medium,other,False,organic,8,343990,4324,779,42998.75,0.014834733567836274,15.84000015258789,7656.97998046875,Normal,Standard,103,
1193,Minority Mindset,"Trump Just Promised Every American $5,000",2026-09-12 17:00:40+05:30,1498,long,undefined,False,organic,7,149901,2087,844,21414.428571428572,0.019552904917245383,15.84000015258789,7656.97998046875,Normal,Standard,103,
1194,Minority Mindset,Watch This Before September 16th,2026-09-13 17:00:24+05:30,1541,long,undefined,False,organic,6,444615,4979,660,74102.5,0.012682882943670367,15.84000015258789,7656.97998046875,Normal,Standard,103,
1195,Minority Mindset,America's Once In A 100 Year Investment Opportunity Just Started,2026-09-14 17:00:28+05:30,1128,medium,evergreen,False,organic,5,535811,6587,628,107162.2,0.013465569015940322,17.100000381469727,7619.97998046875,Normal,Standard,103,
1196,Minority Mindset,The Dollar Just Lost Its Monopoly,2026-09-15 17:00:04+05:30,1436,long,other,False,organic,4,344869,5016,711,86217.25,0.01660630558269952,17.100000381469727,7619.97998046875,Normal,Standard,103,
1197,Minority Mindset,The Bond Market Is Breaking,2026-09-16 17:00:17+05:30,2012,long,fear,False,organic,3,289586,4247,521,96528.66666666667,0.016464884352144094,,,Normal,Standard,103,
1198,Minority Mindset,The US Just Bailed Out The Japanese Currency,2026-09-17 17:00:36+05:30,1603,long,undefined,False,organic,2,206068,2937,347,103034.0,0.01593648698487878,,,Normal,Standard,103,
1199,Minority Mindset,Kevin Warsh Just Defied Trump And Raised Interest Rates,2026-09-18 17:00:23+05:30,2304,long,other,False,organic,1,154594,2621,447,154594.0,0.019845530874419447,,,Normal,Standard,103,
1200,Nischa,5 ONE-MINUTE Habits That Save Me 25+ Hours a Week | Time Management for Busy People,2025-10-05 17:31:16+05:30,596,short,evergreen,False,organic,349,485570,16366,566,1391.3180515759311,0.03487035854768623,16.649999618530273,6715.7900390625,Normal,Standard,103,
1201,Nischa,How to Actually Make Money Online: 5 Passive Income Ideas to Start with $100,2025-10-12 17:30:28+05:30,843,medium,evergreen,False,organic,342,488892,13107,432,1429.5087719298247,0.027693232861245427,21.65999984741211,6552.509765625,Volatile,Standard,104,
1202,Nischa,It’s not too late to start investing #shorts #howtoinvest,2025-10-17 18:31:13+05:30,71,micro,evergreen,False,organic,337,83501,3066,52,247.7774480712166,0.03734087016921953,20.780000686645508,6664.009765625,Volatile,Standard,104,
1203,Nischa,What I’d invest in as a beginner #howtoinvest #investing,2025-10-19 16:44:12+05:30,82,micro,evergreen,False,organic,335,222300,9421,159,663.5820895522388,0.04309491677912731,20.780000686645508,6664.009765625,Volatile,Standard,104,
1204,Nischa,How to invest for beginner in 2025 #investing,2025-10-21 20:58:58+05:30,74,micro,evergreen,False,organic,333,340231,11023,139,1021.7147147147147,0.032807122219903534,17.8700008392334,6735.35009765625,Normal,Standard,105,
1205,Nischa,Ex-Banker Explains: How to Invest for Beginners in 2026,2025-10-23 18:47:32+05:30,699,medium,evergreen,False,organic,331,1752551,50353,2526,5294.716012084592,0.03017258841540132,17.299999237060547,6738.43994140625,Normal,Standard,105,
1206,Nischa,Watch this if you’re in your 30s #investing #howtoinvest,2025-10-25 22:04:03+05:30,74,micro,evergreen,False,organic,329,71820,2613,114,218.29787234042553,0.03796992481203008,16.3700008392334,6791.68994140625,Normal,Standard,105,
1207,Nischa,They're Lying to You About Investing! 4 Myths Keeping You Broke,2025-10-26 16:00:11+05:30,681,medium,evergreen,False,organic,328,100593,3359,215,306.6859756097561,0.03552931118467488,16.3700008392334,6791.68994140625,Normal,Standard,105,
1208,Nischa,Ex-Banker Explains: How To Become a Millionaire on a 9-5 Salary,2025-11-02 17:31:01+05:30,962,medium,evergreen,False,organic,321,349450,9324,397,1088.6292834890967,0.027817999713836028,17.440000534057617,6840.2001953125,Normal,Standard,105,
1209,Nischa,10 Shocking Money Stats of the Average Person (2025),2025-11-10 18:45:16+05:30,1067,medium,other,False,organic,313,712500,11708,927,2276.3578274760384,0.017733333333333334,17.600000381469727,6832.43017578125,Normal,Standard,105,
1210,Nischa,I read 50 business books. These 11 will make you RICH,2025-11-17 13:30:27+05:30,1056,medium,evergreen,False,organic,306,345154,12919,316,1127.954248366013,0.038345202431378456,22.3799991607666,6672.41015625,Volatile,Standard,106,
1211,Nischa,Your job isn't safe. Here's what to do now.,2025-11-23 18:31:32+05:30,658,medium,undefined,False,organic,300,163616,5231,342,545.3866666666667,0.03406146098181107,23.43000030517578,6602.990234375,Volatile,Urgent,106,
1212,Nischa,The 3 Net Worth Milestones That Change Everything,2025-11-30 18:31:05+05:30,754,medium,evergreen,False,organic,293,1122202,15067,780,3830.0409556313994,0.014121343572725766,16.350000381469727,6849.08984375,Normal,Standard,107,
1213,Nischa,Ex-Banker explains: what should you invest in? #howtoinvest #investing,2025-12-05 18:45:39+05:30,43,micro,evergreen,False,organic,288,96598,1624,31,335.40972222222223,0.01713285989357958,15.40999984741211,6870.39990234375,Normal,Standard,107,
1214,Nischa,"If I Wanted to Become a Millionaire In 2026, I'd Do This",2025-12-07 18:31:23+05:30,685,medium,evergreen,False,organic,286,355304,9307,433,1242.3216783216783,0.02741314479994596,15.40999984741211,6870.39990234375,Normal,Urgent,107,
1215,Nischa,"What if you invest $10,000 and never touch it again?",2025-12-10 12:36:55+05:30,53,micro,undefined,False,organic,283,65528,1770,80,231.547703180212,0.02823220607984373,15.770000457763672,6886.68017578125,Normal,Standard,107,
1216,Nischa,How to 2x your productivity #productivity #shorts,2025-12-10 22:39:07+05:30,44,micro,evergreen,False,organic,283,29799,871,20,105.29681978798587,0.029900332225913623,15.770000457763672,6886.68017578125,Normal,Standard,107,
1217,Nischa,The 4 steps to Financial Freedom #shorts #moneytips,2025-12-11 17:52:42+05:30,77,micro,evergreen,False,organic,282,106161,4737,77,376.4574468085106,0.04534621942144479,14.850000381469727,6901.0,Normal,Standard,107,
1218,Nischa,A trick to ACTUALLY reach your savings goal #savings,2025-12-12 16:58:26+05:30,52,micro,opportunity,False,organic,281,66812,2098,21,237.76512455516016,0.03171585942645034,15.739999771118164,6827.41015625,Normal,Standard,107,
1219,Nischa,6 Things You Must Do Before 2026 (Financially),2025-12-14 20:00:18+05:30,1108,medium,undefined,False,organic,279,789094,21381,513,2828.293906810036,0.027745743853077074,15.739999771118164,6827.41015625,Normal,Standard,107,
1220,Nischa,Don’t keep your money in cash. Here’s what to do instead #savingmoney #moneytips,2025-12-15 14:35:19+05:30,49,micro,other,False,organic,278,70603,1907,62,253.96762589928056,0.027888333356939507,16.5,6816.509765625,Normal,Standard,107,
1221,Nischa,How much do you need to save for emergencies? #moneytips,2025-12-16 20:07:22+05:30,55,micro,undefined,False,organic,277,258067,7526,144,931.6498194945848,0.029720963935722117,16.479999542236328,6800.259765625,Normal,Standard,107,
1222,Nischa,Do you underestimate your spending? #moneytips,2025-12-20 15:45:13+05:30,50,micro,undefined,False,organic,273,54161,1873,25,198.3919413919414,0.03504366610660808,14.90999984741211,6834.5,Normal,Standard,107,
1223,Nischa,"If I Started Investing in 2026, This Is What I'd Do",2025-12-21 18:30:52+05:30,1110,medium,evergreen,False,organic,272,1914962,47509,2068,7040.301470588235,0.02588928657592161,14.90999984741211,6834.5,Normal,Standard,107,
1224,Nischa,8 TINY Habits to Become Financially Literate In 2026,2025-12-28 18:31:51+05:30,918,medium,evergreen,False,organic,265,1570692,47733,786,5927.139622641509,0.03089020635490599,13.600000381469727,6929.93994140625,Normal,Standard,107,
1225,Nischa,The Only Investing Video You’ll Ever Need in 2026 (Start With 0),2026-01-04 18:32:00+05:30,1085,medium,evergreen,False,organic,258,328310,9105,539,1272.5193798449613,0.02937467637294021,14.510000228881836,6858.47021484375,Normal,Standard,107,
1226,Nischa,The problem with BUY NOTHING. Here’s the real reason you’re broke,2026-01-18 18:31:08+05:30,1030,medium,undefined,False,organic,244,183099,5368,309,750.405737704918,0.031005084680964943,15.859999656677246,6940.009765625,Normal,Standard,107,
1227,Nischa,10 ways to get 99% financially ahead of MOST people in 2026,2026-01-25 18:31:02+05:30,805,medium,undefined,False,organic,237,361432,11419,370,1525.029535864979,0.03261747714646185,16.09000015258789,6915.60986328125,Normal,Standard,107,
1228,Nischa,Accountant Explains: Should You Pay Off Your Debt Early or Invest?,2026-02-08 18:30:15+05:30,812,medium,evergreen,False,organic,223,420374,7960,504,1885.085201793722,0.020134451702531555,20.3700008392334,6932.2998046875,Volatile,Standard,108,
1229,Nischa,6 Signs Someone is Secretly Wealthy,2026-02-15 18:30:51+05:30,959,medium,undefined,False,organic,216,787926,19128,1676,3647.8055555555557,0.026403494744430316,20.600000381469727,6836.169921875,Volatile,Standard,108,
1230,Nischa,Ex-Banker Explains: The Money Mistakes I Made While Working in Finance,2026-03-08 18:30:11+05:30,808,medium,evergreen,False,organic,195,102462,3370,211,525.4461538461538,0.034949542269329115,29.489999771118164,6740.02001953125,Volatile,Standard,108,
1231,Nischa,8 Things That Are a Complete WASTE of Your Money,2026-03-15 18:30:24+05:30,1111,medium,other,False,organic,188,675722,16005,1048,3594.2659574468084,0.02523670977117809,27.190000534057617,6632.18994140625,Volatile,Standard,108,
1232,Nischa,Accountant explains: 9 unsexy habits that save me serious money,2026-03-23 00:26:00+05:30,980,medium,evergreen,False,organic,180,356958,10081,488,1983.1,0.029608525372732928,26.149999618530273,6581.0,Volatile,Standard,108,
1233,Nischa,Accountant Explains: The 6-Month Money Reset That Actually Works,2026-03-25 20:22:53+05:30,1090,medium,evergreen,False,organic,178,334627,10380,292,1879.926966292135,0.031892226269846724,25.329999923706055,6591.89990234375,Volatile,Standard,108,
1234,Nischa,31 March 2026,2026-03-31 23:02:20+05:30,26,micro,undefined,False,organic,172,78500,1695,28,456.3953488372093,0.02194904458598726,25.25,6528.52001953125,Volatile,Standard,108,
1235,Nischa,9 Minimalist Habits That Can Make You Effortlessly Rich,2026-04-05 17:34:41+05:30,816,medium,evergreen,False,organic,167,238745,7669,325,1429.6107784431138,0.033483423736622754,23.8700008392334,6582.68994140625,Volatile,Standard,108,
1236,Nischa,Accountant Explains: 97.8% of What You Need to Know About Money,2026-04-12 17:31:21+05:30,680,medium,evergreen,False,organic,160,749128,12869,645,4682.05,0.018039640755651905,19.229999542236328,6816.89013671875,Normal,Standard,109,
1237,Nischa,Accountant Explains: What 99% of Rich People WON’T Tell You,2026-04-19 21:31:18+05:30,742,medium,evergreen,False,organic,153,254600,6055,336,1664.0522875816994,0.025102120974076984,17.479999542236328,7126.06005859375,Normal,Standard,109,
1238,Nischa,the people with real money got a raise and then just...kept living the same life,2026-04-22 22:30:45+05:30,53,micro,other,False,organic,150,28843,833,12,192.28666666666666,0.029296536421315397,18.920000076293945,7137.89990234375,Normal,Standard,109,
1239,Nischa,the fact that it takes 35 years might be the whole point...it doesn't need your full attention,2026-04-23 22:30:35+05:30,60,micro,undefined,False,organic,149,82674,1948,32,554.8590604026846,0.023949488351839757,19.309999465942383,7108.39990234375,Normal,Standard,109,
1240,Nischa,money being the main thing you protect might mean it's still the main thing you lack,2026-04-24 22:30:37+05:30,48,micro,other,False,organic,148,20956,693,7,141.59459459459458,0.03340332124451231,18.709999084472656,7165.080078125,Normal,Standard,109,
1241,Nischa,most people don't fail at investing because of bad stocks...it's the £400 emergency,2026-04-25 22:30:32+05:30,41,micro,fear,False,organic,147,22865,610,11,155.54421768707482,0.027159413951454187,18.709999084472656,7165.080078125,Normal,Urgent,109,
1242,Nischa,Accountant Explains: 9 TINY Habits To Make You Become Rich In 2026,2026-04-26 17:31:25+05:30,841,medium,evergreen,False,organic,146,87451,3500,100,598.9794520547945,0.041165910052486536,18.709999084472656,7165.080078125,Normal,Standard,109,
1243,Nischa,your brain will justify what you already want to buy...you might not need the investment framing,2026-04-26 22:30:39+05:30,68,micro,evergreen,False,organic,146,13335,428,11,91.33561643835617,0.032920884889388824,18.709999084472656,7165.080078125,Normal,Standard,109,
1244,Nischa,the best thing you can do for your investments might be to forget they exist,2026-04-27 22:30:31+05:30,54,micro,undefined,False,organic,145,47283,1250,24,326.0896551724138,0.026944144830065773,18.020000457763672,7173.91015625,Normal,Standard,109,
1245,Nischa,most people couldn't tell you what they spent last month to the nearest hundred,2026-04-28 11:30:28+05:30,32,micro,undefined,False,organic,144,18208,424,7,126.44444444444444,0.02367091388400703,17.829999923706055,7138.7998046875,Normal,Standard,109,
1246,Nischa,paying 25% tax while someone else pays 3% on the same game board,2026-04-29 22:31:05+05:30,50,micro,evergreen,False,organic,143,17154,381,7,119.95804195804196,0.02261863122303836,18.809999465942383,7135.9501953125,Normal,Standard,109,
1247,Nischa,the reason earning more rarely feels like enough,2026-04-30 22:30:36+05:30,33,micro,undefined,False,organic,142,13587,312,3,95.6830985915493,0.023183925811437404,16.889999389648438,7209.009765625,Normal,Standard,109,
1248,Nischa,I Changed 5 Things About My Day. Everything Compounded.,2026-05-03 17:30:54+05:30,581,short,undefined,False,organic,139,238792,7909,249,1717.928057553957,0.03416362357197896,16.989999771118164,7230.1201171875,Normal,Standard,109,
1249,Nischa,getting rich slowly sounds like a consolation prize,2026-05-04 22:30:51+05:30,45,micro,evergreen,False,organic,138,13804,440,14,100.02898550724638,0.03288901767603593,18.290000915527344,7200.75,Normal,Standard,109,
1250,Nischa,your salary tells you what you earn,2026-05-06 01:49:14+05:30,73,micro,evergreen,False,organic,136,58213,1643,33,428.0367647058824,0.028790819919949154,17.389999389648438,7365.1201171875,Normal,Standard,109,
1251,Nischa,'i can't afford that' sounds like a fact...but it might just be a story,2026-05-08 22:30:39+05:30,51,micro,undefined,False,organic,134,17310,622,20,129.17910447761193,0.03708838821490468,17.190000534057617,7398.93017578125,Normal,Standard,109,
1252,Nischa,"Thankfully, Getting Rich Is This Simple",2026-05-10 17:30:04+05:30,875,medium,evergreen,False,organic,132,180317,5561,246,1366.0378787878788,0.03220439559220706,17.190000534057617,7398.93017578125,Normal,Standard,109,
1253,Nischa,most things you buy on impulse feel urgent in the moment...,2026-05-11 23:16:38+05:30,39,micro,undefined,False,organic,131,11233,337,24,85.74809160305344,0.03213745214991543,18.3799991607666,7412.83984375,Normal,Standard,109,
1254,Nischa,feeling behind isn't always proof that you are behind...,2026-05-12 22:30:49+05:30,49,micro,undefined,False,organic,130,14230,505,26,109.46153846153847,0.037315530569219955,17.989999771118164,7400.9599609375,Normal,Standard,109,
1255,Nischa,getting more done and getting the right thing done might feel the same...,2026-05-13 22:30:23+05:30,38,micro,undefined,False,organic,129,11673,362,4,90.48837209302326,0.03135440760729889,17.8700008392334,7444.25,Normal,Standard,109,
1256,Nischa,the difference between perfectionism and procrastination...,2026-05-14 22:30:51+05:30,44,micro,undefined,False,organic,128,8690,312,9,67.890625,0.036939010356731874,17.260000228881836,7501.240234375,Normal,Standard,109,
1257,Nischa,checking your finances every day might feel responsible...,2026-05-15 22:36:29+05:30,56,micro,undefined,False,organic,127,17235,574,28,135.70866141732284,0.03492892370176966,18.43000030517578,7408.5,Normal,Standard,109,
1258,Nischa,9 Little Luxuries That Completely Changed My Daily Life,2026-05-24 19:49:23+05:30,820,medium,undefined,False,organic,118,214370,6310,258,1816.6949152542372,0.03063861547791202,16.700000762939453,7473.47021484375,Normal,Standard,109,
1259,Nischa,The easiest (& laziest) way to get rich,2026-05-25 16:53:28+05:30,878,medium,evergreen,False,organic,117,656456,19386,905,5610.735042735043,0.030909916277709396,16.59000015258789,7473.47021484375,Normal,Standard,109,
1260,Nischa,a memory of something you actually did has a way of paying you back that money in a savings account,2026-05-25 22:30:16+05:30,30,micro,evergreen,False,organic,117,10437,256,24,89.2051282051282,0.02682763246143528,16.59000015258789,7473.47021484375,Normal,Standard,109,
1261,Nischa,the things you have to dress up as investments usually aren't,2026-05-27 22:30:58+05:30,78,micro,undefined,False,organic,115,16303,542,8,141.76521739130436,0.03373612218610072,16.290000915527344,7520.35986328125,Normal,Standard,109,
1262,Nischa,every streaming subscription you keep is a quiet bet that you'll get round to watching something on,2026-05-28 22:31:03+05:30,52,micro,undefined,False,organic,114,11504,277,24,100.91228070175438,0.026164812239221142,15.739999771118164,7563.6298828125,Normal,Standard,109,
1263,Nischa,Accountant explains: You might be richer than you think,2026-06-07 17:30:09+05:30,738,medium,evergreen,False,organic,104,192248,4239,252,1848.5384615384614,0.02336045108401648,21.510000228881836,7383.740234375,Volatile,Standard,110,
1264,Nischa,Why I'm changing how I invest (before it's too late),2026-06-14 16:30:08+05:30,722,medium,undefined,False,organic,97,721162,13621,1136,7434.659793814433,0.020462808633843713,17.68000030517578,7431.4599609375,Normal,Urgent,111,
1265,Nischa,The smartest order to invest your  money (step-by-step),2026-06-21 16:57:01+05:30,866,medium,other,False,organic,90,147846,3415,347,1642.7333333333333,0.025445395884907268,16.399999618530273,7500.580078125,Normal,Standard,111,
1266,Nischa,"Once you get money, upgrade these 10 things immediately",2026-07-05 16:30:29+05:30,903,medium,other,False,organic,76,799475,18335,425,10519.407894736842,0.023465399168204133,16.149999618530273,7483.240234375,Normal,Standard,111,
1267,Nischa,"If I started investing in Sept 2026, this is what I'd buy",2026-07-12 17:30:36+05:30,838,medium,evergreen,False,organic,69,895917,13224,854,12984.304347826086,0.01571350917551514,15.029999732971191,7575.39013671875,Normal,Standard,111,
1268,Nischa,You think you own 500 companies. You basically own 7. 👀,2026-07-15 16:32:55+05:30,60,micro,other,False,organic,66,37012,1010,30,560.7878787878788,0.028098994920566302,15.670000076293945,7572.39990234375,Normal,Standard,111,
1269,Nischa,My actual 80/20 portfolio split,2026-07-17 15:28:59+05:30,43,micro,evergreen,False,organic,64,42241,1083,55,660.015625,0.026940650079306835,18.770000457763672,7457.68994140625,Normal,Standard,111,
1270,Nischa,What To Do After Saving $100K (Most People Get This Wrong),2026-07-19 18:00:32+05:30,852,medium,evergreen,False,organic,62,248789,4519,509,4012.7258064516127,0.02020989673980763,18.770000457763672,7457.68994140625,Normal,Standard,111,
1271,Nischa,How to Become a Confident Investor,2026-07-22 16:30:05+05:30,40,micro,evergreen,False,organic,59,16382,488,18,277.66101694915255,0.030887559516542547,16.639999389648438,7498.9599609375,Normal,Standard,111,
1272,Nischa,The $100k snowball,2026-07-27 17:00:16+05:30,63,micro,undefined,False,organic,54,49604,1448,66,918.5925925925926,0.03052173211837755,18.670000076293945,7413.18017578125,Normal,Standard,111,
1273,Nischa,No Country Stays On Top Forever,2026-07-28 17:00:38+05:30,51,micro,undefined,False,organic,53,40511,1176,69,764.3584905660377,0.03073239367085483,18.209999084472656,7428.77978515625,Normal,Standard,111,
1274,Nischa,Remember Nokia?,2026-07-29 17:00:05+05:30,64,micro,undefined,False,organic,52,61750,1663,69,1187.5,0.028048582995951418,20.65999984741211,7316.14990234375,Volatile,Standard,112,
1275,Nischa,Don't invest yet,2026-07-30 17:00:38+05:30,43,micro,undefined,False,organic,51,44264,1059,26,867.9215686274509,0.02451201879631303,17.09000015258789,7437.6298828125,Normal,Standard,113,
1276,Nischa,Your money is shrinking,2026-07-31 17:00:20+05:30,38,micro,other,False,organic,50,21135,660,22,422.7,0.032268748521409985,15.989999771118164,7489.72021484375,Normal,Standard,113,
1277,Nischa,19 Micro Habits Proven By Science to Change Your Life,2026-08-02 17:30:34+05:30,921,medium,evergreen,False,organic,48,321716,9716,355,6702.416666666667,0.031304007261062555,15.989999771118164,7489.72021484375,Normal,Standard,113,
1278,Nischa,The first $100K is the hardest,2026-08-03 17:00:32+05:30,42,micro,undefined,False,organic,47,20756,578,27,441.6170212765957,0.029148198111389478,15.859999656677246,7600.5,Normal,Standard,113,
1279,Nischa,You paid to be their billboard,2026-08-04 17:00:33+05:30,58,micro,undefined,False,organic,46,18228,747,26,396.2608695652174,0.0424072854948431,16.5,7736.52001953125,Normal,Standard,113,
1280,Nischa,A 100% return most people turn down,2026-08-05 17:00:38+05:30,34,micro,undefined,False,organic,45,27290,647,23,606.4444444444445,0.024551117625503847,15.8100004196167,7723.5498046875,Normal,Standard,113,
1281,Nischa,ACCOUNTANT EXPLAINS: Never Finance A Car This Way (2026),2026-08-09 17:30:26+05:30,802,medium,evergreen,False,organic,41,1166091,13990,1238,28441.243902439026,0.013059015119746229,14.899999618530273,7757.64013671875,Normal,Standard,113,
1282,Nischa,It's Not Talent,2026-08-10 17:00:14+05:30,62,micro,undefined,False,organic,40,43383,1685,31,1084.575,0.039554664269414286,15.460000038146973,7753.10986328125,Normal,Standard,113,
1283,Nischa,Make Your Bed,2026-08-11 17:00:15+05:30,26,micro,undefined,False,organic,39,52758,1092,21,1352.7692307692307,0.02109632662345047,15.279999732971191,7728.2001953125,Normal,Standard,113,
1284,Nischa,"Ask, don't assume",2026-08-12 17:00:19+05:30,34,micro,undefined,False,organic,38,25330,745,11,666.578947368421,0.029846032372680617,14.550000190734863,7748.5,Normal,Standard,113,
1285,Nischa,The Option Car Dealers Hide,2026-08-17 17:00:31+05:30,46,micro,other,False,organic,33,9943,258,9,301.3030303030303,0.026853062455999194,15.1899995803833,7745.06005859375,Normal,Standard,113,
1286,Nischa,The £80 car trick,2026-08-18 17:00:31+05:30,34,micro,opportunity,False,organic,32,17404,382,20,543.875,0.023098138358997933,15.84000015258789,7691.759765625,Normal,Standard,113,
1287,Nischa,Cheapest Isn't Smartest,2026-08-19 17:00:13+05:30,46,micro,opportunity,False,organic,31,16900,462,18,545.1612903225806,0.028402366863905324,14.890000343322754,7707.97998046875,Normal,Standard,113,
1288,Nischa,Waiting cost her £250K,2026-08-25 17:00:22+05:30,68,micro,evergreen,False,organic,25,24775,776,12,991.0,0.03180625630676085,15.449999809265137,7677.27978515625,Normal,Standard,113,
1289,Nischa,Why you save before you invest,2026-08-26 17:00:24+05:30,51,micro,undefined,False,organic,24,23793,716,15,991.375,0.030723321985457908,15.210000038146973,7675.7001953125,Normal,Standard,113,
1290,Nischa,The account trap costing you thousands,2026-08-27 17:00:20+05:30,57,micro,fear,False,organic,23,20729,512,12,901.2608695652174,0.025278595204785564,14.510000228881836,7730.990234375,Normal,Standard,113,
1291,Nischa,When to QUIT your job (6 RULES),2026-08-30 18:03:33+05:30,916,medium,evergreen,False,organic,20,485807,3732,201,24290.35,0.008095807594373897,14.430000305175781,7711.759765625,Normal,Standard,113,
1292,Nischa,8 Money Lessons I Wish I Knew at 22 (Instead of 34),2026-09-06 17:40:30+05:30,674,medium,evergreen,False,organic,13,295772,3352,229,22751.69230769231,0.012107298865342222,14.529999732971191,7718.60009765625,Normal,Standard,113,
1293,Nischa,Under 6 hours = legally drunk,2026-09-08 17:30:12+05:30,37,micro,undefined,False,organic,11,34709,803,37,3155.3636363636365,0.024201215822985393,15.720000267028809,7673.52001953125,Normal,Standard,113,
1294,Nischa,The £100K 60% tax trap,2026-09-09 17:30:27+05:30,51,micro,fear,False,organic,10,14907,332,11,1490.7,0.02300932447843295,16.459999084472656,7636.35986328125,Normal,Standard,113,
1295,Nischa,Money doing nothing,2026-09-10 17:30:38+05:30,32,micro,other,False,organic,9,33417,634,12,3713.0,0.019331477990244487,17.84000015258789,7591.7001953125,Normal,Standard,113,
1296,Nischa,Scammers only need one thing,2026-09-13 18:15:04+05:30,747,medium,undefined,False,organic,6,307611,3891,259,51268.5,0.01349106501392993,15.84000015258789,7656.97998046875,Normal,Standard,113,
1297,Nischa,Don't quit angry,2026-09-15 17:30:13+05:30,45,micro,undefined,False,organic,4,17522,534,16,4380.5,0.03138911083209679,17.100000381469727,7619.97998046875,Normal,Standard,113,
1298,Nischa,The law of least regret,2026-09-16 17:30:22+05:30,53,micro,undefined,False,organic,3,14654,454,19,4884.666666666667,0.03227787634775488,,,Normal,Standard,113,
1299,Nischa,You don't hate the job,2026-09-17 17:30:01+05:30,43,micro,undefined,False,organic,2,11405,369,9,5702.5,0.033143358176238494,,,Normal,Standard,113,
1300,Patrick Boyle,What Went Wrong With California?,2024-10-20 18:45:07+05:30,1713,long,undefined,False,organic,699,1126051,29958,4955,1610.9456366237482,0.031004812393044364,18.030000686645508,5864.669921875,Normal,Standard,113,
1301,Patrick Boyle,Big Tech is Going Nuclear!,2024-10-28 00:15:07+05:30,1503,long,undefined,False,organic,691,405336,13880,2445,586.5933429811867,0.04027522845244439,19.799999237060547,5823.52001953125,Normal,Standard,113,
1302,Patrick Boyle,Deindustrialization in Europe?,2024-11-03 20:45:07+05:30,1695,long,undefined,False,organic,685,611909,18539,3172,893.2978102189782,0.03548076593088188,21.8799991607666,5728.7998046875,Volatile,Standard,114,
1303,Patrick Boyle,The Truth About the US Economy!,2024-11-10 23:45:07+05:30,1285,long,evergreen,False,organic,678,486157,21351,6446,717.0457227138643,0.05717700249096485,14.9399995803833,5995.5400390625,Normal,Standard,115,
1304,Patrick Boyle,Hard Times - The Great Depression.,2024-11-18 21:45:07+05:30,3194,long,fear,False,organic,670,1272572,22638,1806,1899.3611940298508,0.019208343417896984,15.579999923706055,5893.6201171875,Normal,Standard,115,
1305,Patrick Boyle,Can Elon Musk Cut Two Trillion Dollars From the US Budget?,2024-11-24 00:45:07+05:30,1781,long,evergreen,False,organic,664,645807,22732,5162,972.6009036144578,0.04319247081558422,15.239999771118164,5969.33984375,Normal,Standard,115,
1306,Patrick Boyle,Yotta Bank & The Problem with Fintech!,2024-12-01 04:30:07+05:30,1407,long,other,False,organic,657,584988,22967,2384,890.3926940639269,0.04333593167723099,13.510000228881836,6032.3798828125,Normal,Standard,115,
1307,Patrick Boyle,Can Trump's Tariffs Work?,2024-12-08 07:15:07+05:30,1566,long,undefined,False,organic,650,760956,19030,3777,1170.7015384615383,0.02997150952223256,12.770000457763672,6090.27001953125,Normal,Standard,115,
1308,Patrick Boyle,Javier Milei One Year In!,2024-12-15 04:30:07+05:30,1334,long,undefined,False,organic,643,630245,21958,3119,980.1632970451011,0.0397892882926481,13.8100004196167,6051.08984375,Normal,Standard,115,
1309,Patrick Boyle,World's Worst Regulations!,2024-12-21 22:15:07+05:30,1628,long,fear,False,organic,637,475218,12244,1434,746.0251177394034,0.028782579784435776,18.360000610351562,5930.85009765625,Normal,Standard,115,
1310,Patrick Boyle,The Funniest Events of 2024,2024-12-28 19:45:07+05:30,1336,long,undefined,False,organic,630,392859,18120,957,623.5857142857143,0.0485594068100769,15.949999809265137,5970.83984375,Normal,Standard,115,
1311,Patrick Boyle,Is Electrification Killing the Auto Industry?,2025-01-08 23:00:07+05:30,1619,long,other,False,organic,619,500602,16610,4100,808.7269789983845,0.04137019029088977,17.700000762939453,5918.25,Normal,Standard,115,
1312,Patrick Boyle,How Would Mass Deportations Affect the US Economy?,2025-01-14 21:15:07+05:30,1877,long,other,False,organic,613,720783,23020,5972,1175.8287112561175,0.04022292423655941,18.709999084472656,5842.91015625,Normal,Standard,115,
1313,Patrick Boyle,The Economic Toll of The Los Angeles Wildfires,2025-01-19 00:00:07+05:30,1269,long,undefined,False,organic,608,469677,15881,2014,772.4950657894736,0.03810065215030755,15.970000267028809,5996.66015625,Normal,Standard,115,
1314,Patrick Boyle,The South Sea Bubble - The First Financial Crash,2025-01-29 06:45:07+05:30,2604,long,fear,False,organic,598,783210,15852,846,1309.715719063545,0.021319952503160072,16.559999465942383,6039.31005859375,Normal,Standard,115,
1315,Patrick Boyle,DeepSeek - How a Chinese AI Startup Shook Silicon Valley,2025-02-02 00:30:07+05:30,1965,long,other,False,organic,594,663310,19316,2019,1116.6835016835016,0.03216444799565814,16.43000030517578,6040.52978515625,Normal,Standard,115,
1316,Patrick Boyle,Trump’s Tariff Wars - What Happens Next?,2025-02-09 01:15:07+05:30,1753,long,undefined,False,organic,587,525011,14026,1808,894.396933560477,0.030159368089430507,16.540000915527344,6025.990234375,Normal,Standard,115,
1317,Patrick Boyle,The Dumbest Megaprojects!,2025-02-16 04:00:07+05:30,1760,long,undefined,False,organic,580,1122805,32724,2779,1935.8706896551723,0.031619916192036905,14.770000457763672,6114.6298828125,Normal,Standard,115,
1318,Patrick Boyle,Argentina's Memecoin Disaster,2025-02-23 21:15:07+05:30,1846,long,fear,False,organic,573,707333,24863,2463,1234.438045375218,0.03863244044884093,18.209999084472656,6013.1298828125,Normal,Standard,115,
1319,Patrick Boyle,Why is The World Run by Old People?,2025-03-04 02:30:07+05:30,1156,medium,undefined,False,organic,564,303900,11481,1212,538.8297872340426,0.041767028627838106,23.510000228881836,5778.14990234375,Volatile,Standard,116,
1320,Patrick Boyle,Germany's Historic Debt Deal!,2025-03-09 20:00:07+05:30,1259,long,other,False,organic,559,326156,11640,2041,583.4633273703041,0.04194618526104073,23.3700008392334,5770.2001953125,Volatile,Standard,116,
1321,Patrick Boyle,Saudi Arabia's Megaproject Disaster!,2025-03-15 13:00:08+05:30,1219,long,fear,False,organic,553,838573,30839,3323,1516.4068716094032,0.04073825415318642,21.770000457763672,5638.93994140625,Volatile,Standard,116,1.0
1322,Patrick Boyle,Why Are Birthrates Plummeting Worldwide?,2025-03-22 12:45:07+05:30,1605,long,undefined,False,organic,546,641693,22809,7524,1175.2619047619048,0.04727026786952639,19.280000686645508,5667.56005859375,Normal,Standard,117,
1323,Patrick Boyle,Is Elon Musk's Business Empire Collapsing?,2025-03-29 20:30:07+05:30,1318,long,other,False,organic,539,1081911,40438,5882,2007.2560296846011,0.042813133427795816,21.649999618530273,5580.93994140625,Volatile,Standard,118,
1324,Patrick Boyle,How Trump’s Tariffs Will Transform Global Trade?,2025-04-05 05:00:26+05:30,1769,long,undefined,False,organic,532,1086086,40340,6791,2041.515037593985,0.043395274407367374,45.310001373291016,5074.080078125,Volatile,Standard,118,
1325,Patrick Boyle,Panic In the Car Market - Americans Rush to Beat Tariffs!,2025-04-14 23:00:07+05:30,1579,long,fear,False,organic,523,376982,11394,1282,720.8068833652007,0.03362494761023073,30.889999389648438,5405.97021484375,Volatile,Standard,118,1.0
1326,Patrick Boyle,Is China Dumping the Dollar? - And is Ray Dalio Right about Reserve Currencies?,2025-04-20 19:30:07+05:30,2232,long,other,False,organic,517,1055341,27501,4002,2041.2785299806576,0.02985101497999225,29.649999618530273,5282.7001953125,Volatile,Standard,118,
1327,Patrick Boyle,America's Shopping Addiction!,2025-04-27 20:30:07+05:30,1113,medium,undefined,False,organic,510,579157,15655,1600,1135.6019607843136,0.029793303024913797,24.84000015258789,5525.2099609375,Volatile,Standard,118,
1328,Patrick Boyle,Why Is Russia's Economy Growing?,2025-05-03 23:15:07+05:30,1545,long,other,False,organic,504,548426,20297,3148,1088.1468253968253,0.04274961435088781,22.68000030517578,5686.669921875,Volatile,Standard,118,
1329,Patrick Boyle,The Biggest Wealth Transfer In History is Happening Right Now!,2025-05-11 03:45:07+05:30,1318,long,opportunity,False,organic,496,621065,17585,2400,1252.1471774193549,0.03217859644320643,21.899999618530273,5659.91015625,Volatile,Urgent,118,
1330,Patrick Boyle,Trump’s Big Pharma Battle: Real Reform or Empty Promise?,2025-05-22 02:45:07+05:30,1989,long,undefined,False,organic,485,146543,5726,831,302.15051546391754,0.04474454596944242,20.280000686645508,5842.009765625,Volatile,Standard,118,
1331,Patrick Boyle,The Alarming Rise in Global Debt!,2025-05-25 20:45:08+05:30,1693,long,other,False,organic,482,510135,13919,1932,1058.3713692946058,0.031072167171435013,22.290000915527344,5802.81982421875,Volatile,Standard,118,
1332,Patrick Boyle,Art Market Collapse?,2025-05-31 19:00:07+05:30,1176,medium,fear,False,organic,476,728930,21739,2901,1531.3655462184875,0.03380297147874282,18.56999969482422,5911.68994140625,Normal,Standard,119,
1333,Patrick Boyle,The Trump Musk Blowup!,2025-06-07 05:45:07+05:30,1258,long,undefined,False,organic,469,564880,25788,2012,1204.4349680170576,0.04921399235235802,16.770000457763672,6000.35986328125,Normal,Standard,119,
1334,Patrick Boyle,America’s Tax on Foreign Investors - Section 899,2025-06-11 16:30:07+05:30,1907,long,evergreen,False,organic,465,312743,8120,1029,672.5655913978495,0.029254052049126598,17.260000228881836,6022.240234375,Normal,Standard,119,
1335,Patrick Boyle,The Best & Worst Wall Street Films!,2025-06-21 21:15:08+05:30,1509,long,fear,False,organic,455,630489,16568,1260,1385.6901098901099,0.028276464775753424,20.6200008392334,5967.83984375,Volatile,Standard,120,1.0
1336,Patrick Boyle,How Big Tech Is Quietly Taking Over AI (Without Mergers),2025-06-27 21:45:07+05:30,1531,long,other,False,organic,449,328216,9159,580,730.9933184855233,0.02967253272235357,16.31999969482422,6173.06982421875,Normal,Standard,121,
1337,Patrick Boyle,Bitcoin on the Balance Sheet: Why Companies Are Turning to Crypto as a Treasury Strategy,2025-07-05 20:30:07+05:30,1265,long,other,False,organic,441,388393,12547,2374,880.7097505668934,0.03841727322583054,16.3799991607666,6279.35009765625,Normal,Standard,121,
1338,Patrick Boyle,How Jane Street Made $4.3 Billion in India—Then Got Banned!,2025-07-12 00:00:07+05:30,1480,long,opportunity,False,organic,434,306210,9472,905,705.552995391705,0.03388850788674439,16.399999618530273,6259.75,Normal,Standard,121,
1339,Patrick Boyle,The Mirage of Megaprojects: Why the West Keeps Getting Infrastructure Wrong,2025-07-19 01:00:07+05:30,1239,long,undefined,False,organic,427,438637,14288,1867,1027.2529274004685,0.036829998381349496,16.40999984741211,6296.7900390625,Normal,Standard,121,
1340,Patrick Boyle,Epstein - Follow The Money!,2025-07-27 04:30:07+05:30,2259,long,other,False,organic,419,4811963,89625,10949,11484.398568019093,0.020900825712915915,14.930000305175781,6388.64013671875,Normal,Standard,121,
1341,Patrick Boyle,Is the Global Trading System Breaking Down?,2025-08-04 18:30:08+05:30,1627,long,fear,False,organic,411,574599,13540,1709,1398.051094890511,0.026538507724517445,17.520000457763672,6329.93994140625,Normal,Standard,121,
1342,Patrick Boyle,"Sales Down, Pay Up: Inside Tesla’s Strange New Reality!",2025-08-10 20:15:07+05:30,1982,long,evergreen,False,organic,405,848674,23559,4008,2095.491358024691,0.032482437308082965,15.149999618530273,6389.4501953125,Normal,Standard,121,
1343,Patrick Boyle,Trump’s $2B Chip Deal: Nvidia’s Big Payout Explained,2025-08-16 03:15:07+05:30,1780,long,evergreen,False,organic,399,210520,9553,1861,527.6190476190476,0.05421812654379631,15.09000015258789,6449.7998046875,Normal,Standard,121,
1344,Patrick Boyle,The Mortgage Divide: Why America’s Housing Market Is Splitting in Two!,2025-08-24 19:15:07+05:30,1281,long,other,False,organic,391,355538,10791,1406,909.304347826087,0.03430575634671962,14.220000267028809,6466.91015625,Normal,Standard,121,
1345,Patrick Boyle,Is AI Slop Killing the Internet?,2025-09-01 01:30:07+05:30,1550,long,other,False,organic,383,622206,22358,3269,1624.5587467362925,0.04118732381237082,15.359999656677246,6460.259765625,Normal,Standard,121,
1346,Patrick Boyle,New Meme Stocks Just Dropped!,2025-09-07 21:00:08+05:30,1198,medium,other,False,organic,377,355025,13861,1319,941.710875331565,0.04275755228505035,15.180000305175781,6481.5,Normal,Standard,121,
1347,Patrick Boyle,The Book That Wasn’t Supposed to Exist - Epstein's Birthday Book Released!,2025-09-16 03:30:07+05:30,2273,long,undefined,False,organic,368,1624512,41668,3902,4414.434782608696,0.028051501004609385,16.360000610351562,6606.759765625,Normal,Standard,121,
1348,Patrick Boyle,Are the Rich Really Leaving Britain?,2025-09-20 19:45:07+05:30,1605,long,evergreen,False,organic,364,372957,9732,1654,1024.607142857143,0.03052898859654062,15.449999809265137,6664.35986328125,Normal,Standard,121,
1349,Patrick Boyle,The End of Legal Immigration?,2025-09-26 16:45:07+05:30,1668,long,undefined,False,organic,358,253514,9137,2396,708.1396648044692,0.04549255662409177,15.289999961853027,6643.7001953125,Normal,Standard,121,
1350,Patrick Boyle,AAA Rated Junk: What Tricolor and First Brands Reveal About Credit Markets!,2025-10-04 17:00:08+05:30,1437,long,evergreen,False,organic,350,442656,14192,1386,1264.7314285714285,0.03519211306296537,16.649999618530273,6715.7900390625,Normal,Standard,121,
1351,Patrick Boyle,The Chainsaw Stalls: Can Milei Cut Through Argentina’s Currency Collapse?,2025-10-11 15:45:08+05:30,1073,medium,fear,False,organic,343,285632,10158,1623,832.7463556851312,0.04124537866905669,21.65999984741211,6552.509765625,Volatile,Standard,122,1.0
1352,Patrick Boyle,Private Equity’s Quiet Crisis!,2025-10-18 16:45:07+05:30,1517,long,fear,False,organic,336,729873,21463,1765,2172.2410714285716,0.03182471471064144,20.780000686645508,6664.009765625,Volatile,Standard,122,2.0
1353,Patrick Boyle,Is AI’s Circular Financing Inflating a Bubble?,2025-10-25 00:15:07+05:30,1514,long,fear,False,organic,329,958222,30048,3176,2912.528875379939,0.034672549784914145,16.3700008392334,6791.68994140625,Normal,Standard,123,
1354,Patrick Boyle,China’s Rare Earth Chokehold!,2025-11-01 20:30:07+05:30,1747,long,other,False,organic,322,316544,10555,1420,983.055900621118,0.03783044379296401,17.440000534057617,6840.2001953125,Normal,Standard,123,
1355,Patrick Boyle,Elon Musk's Anti Woke Encyclopedia,2025-11-09 03:00:07+05:30,1922,long,undefined,False,organic,314,345328,14269,3112,1099.7707006369426,0.05033185840707965,19.079999923706055,6728.7998046875,Normal,Standard,123,
1356,Patrick Boyle,The 50-Year Mortgage: What You MUST Know!,2025-11-15 03:45:07+05:30,1298,long,other,False,organic,308,418520,13575,2399,1358.8311688311687,0.03816782949440887,19.829999923706055,6734.10986328125,Normal,Standard,123,
1357,Patrick Boyle,Does OpenAI expect a Government Bailout?,2025-11-23 16:45:07+05:30,1574,long,undefined,False,organic,300,971640,26691,4000,3238.8,0.03158680169610144,23.43000030517578,6602.990234375,Volatile,Standard,124,
1358,Patrick Boyle,AI and the Death of the Career Ladder,2025-11-29 23:45:24+05:30,1440,long,other,False,organic,294,682551,20533,3413,2321.6020408163267,0.03508309269197467,16.350000381469727,6849.08984375,Normal,Standard,125,
1359,Patrick Boyle,The Infinite Money Glitch is Broken!,2025-12-08 17:15:07+05:30,1496,long,opportunity,False,organic,285,890186,36090,3834,3123.459649122807,0.04484905401792434,16.65999984741211,6846.509765625,Normal,Standard,125,
1360,Patrick Boyle,Elon Musk Admits DOGE Was a Failure!,2025-12-14 17:15:07+05:30,2135,long,undefined,False,organic,279,580707,22532,3257,2081.3870967741937,0.04440965926017768,15.739999771118164,6827.41015625,Normal,Standard,125,
1361,Patrick Boyle,Why the EV Revolution Just Stalled,2025-12-21 05:00:07+05:30,1791,long,undefined,False,organic,272,1201111,37687,10797,4415.849264705882,0.04036596118093998,14.90999984741211,6834.5,Normal,Standard,125,
1362,Patrick Boyle,The Epstein Files are Worse Than You Think!,2025-12-27 23:45:07+05:30,2235,long,undefined,False,organic,266,2172879,128316,11552,8168.7180451127815,0.06436989818577105,13.600000381469727,6929.93994140625,Normal,Standard,125,
1363,Patrick Boyle,YouTube Censorship: The Video They Didn't Want You to See!,2026-01-04 17:15:08+05:30,1245,long,undefined,False,organic,258,899660,78570,8825,3487.0542635658917,0.09714225374030189,14.510000228881836,6858.47021484375,Normal,Standard,125,
1364,Patrick Boyle,Trump vs. The World,2026-01-11 19:30:07+05:30,2028,long,undefined,False,organic,251,571207,28589,4491,2275.7250996015937,0.057912455554641314,14.489999771118164,6966.27978515625,Normal,Standard,125,
1365,Patrick Boyle,"""Will No One Rid Me of This Turbulent Priest?"": Trump’s Fed War",2026-01-19 01:30:07+05:30,1675,long,other,False,organic,243,463298,17468,2255,1906.5761316872429,0.042570872311125885,15.859999656677246,6940.009765625,Normal,Standard,125,
1366,Patrick Boyle,Does Europe Have a Financial Nuclear Option?,2026-01-25 23:00:07+05:30,1461,long,evergreen,False,organic,237,518763,19338,2893,2188.8734177215188,0.04285386583083219,16.09000015258789,6915.60986328125,Normal,Standard,125,
1367,Patrick Boyle,Don’t Say Epstein!,2026-01-31 19:00:07+05:30,1756,long,undefined,False,organic,231,432133,23329,2984,1870.7056277056276,0.060890975694982793,17.440000534057617,6939.02978515625,Normal,Standard,125,
1368,Patrick Boyle,The Devil Himself! - The Worst of The Epstein Files,2026-02-08 23:30:07+05:30,2792,long,fear,False,organic,223,2001767,67298,8550,8976.533632286995,0.037890523722291354,20.3700008392334,6932.2998046875,Volatile,Standard,126,1.0
1369,Patrick Boyle,Epstein Files: The 6 Names the DOJ Didn't Want You to See,2026-02-14 05:15:07+05:30,1770,long,undefined,False,organic,217,1025070,44575,5037,4723.824884792627,0.04839864594613051,20.600000381469727,6836.169921875,Volatile,Standard,126,
1370,Patrick Boyle,Bitcoin Is Crashing and Exchanges Freezing Up,2026-02-21 18:45:07+05:30,1934,long,other,False,organic,210,1113147,42214,5912,5300.7,0.04323418200830618,19.09000015258789,6909.509765625,Normal,Standard,127,
1371,Patrick Boyle,The Winners & Losers from Trumps New Tariffs,2026-02-28 22:00:07+05:30,1901,long,undefined,False,organic,203,292527,9954,915,1441.0197044334975,0.037155544616394386,19.860000610351562,6878.8798828125,Normal,Standard,127,
1372,Patrick Boyle,The UK is a Warning to the Rest of the World,2026-03-07 22:15:07+05:30,1755,long,fear,False,organic,196,1284028,41274,8374,6551.163265306122,0.038665823486715246,29.489999771118164,6740.02001953125,Volatile,Urgent,128,1.0
1373,Patrick Boyle,SpaceX IPO Scandal,2026-03-14 18:15:06+05:30,1813,long,undefined,False,organic,189,1422201,47229,7009,7524.873015873016,0.038136662820515525,27.190000534057617,6632.18994140625,Volatile,Standard,128,
1374,Patrick Boyle,The $3.5 Trillion Crisis No One Is Talking About,2026-03-21 03:45:06+05:30,1611,long,fear,False,organic,182,1004437,25315,1846,5518.884615384615,0.027041018998702756,26.780000686645508,6506.47998046875,Volatile,Standard,128,2.0
1375,Patrick Boyle,The Crisis Hidden Inside the Iran War,2026-03-28 13:45:06+05:30,1787,long,fear,False,organic,175,1088877,38065,4780,6222.154285714286,0.03934787859418465,31.049999237060547,6368.85009765625,Volatile,Standard,128,3.0
1376,Patrick Boyle,Canada is a Warning to the Rest of the World!,2026-04-06 17:15:06+05:30,2025,long,fear,False,organic,166,1420941,42624,9831,8559.885542168675,0.03691567770934895,24.170000076293945,6611.830078125,Volatile,Urgent,128,4.0
1377,Patrick Boyle,How Did the Metaverse Fail So Badly?,2026-04-12 19:00:06+05:30,1912,long,undefined,False,organic,160,2120026,50332,7497,13250.1625,0.027277495653355195,19.229999542236328,6816.89013671875,Normal,Standard,129,
1378,Patrick Boyle,Prediction Markets Are a Scam With a Chart,2026-04-18 21:45:06+05:30,1861,long,fear,False,organic,154,1254500,29090,2650,8146.103896103896,0.02530091669988043,17.479999542236328,7126.06005859375,Normal,Standard,129,
1379,Patrick Boyle,Energy Markets are on the Verge of a Disaster!,2026-04-25 21:45:07+05:30,1773,long,fear,False,organic,147,1371685,41207,5396,9331.190476190477,0.0339750015491895,18.709999084472656,7165.080078125,Normal,Standard,129,
1380,Patrick Boyle,Is Inflation About to Get Much Worse?,2026-05-02 18:30:06+05:30,2069,long,fear,False,organic,140,798441,24893,3095,5703.15,0.035053310138131684,16.989999771118164,7230.1201171875,Normal,Standard,129,
1381,Patrick Boyle,The Dumbest Takeover Bid!,2026-05-09 15:30:06+05:30,1934,long,undefined,False,organic,133,620876,20484,2395,4668.2406015037595,0.03684954805790528,17.190000534057617,7398.93017578125,Normal,Standard,129,
1382,Patrick Boyle,What Trump's China Visit Actually Achieved.,2026-05-16 16:30:06+05:30,1660,long,other,False,organic,126,755987,29198,2690,5999.896825396825,0.04218061950800741,18.43000030517578,7408.5,Normal,Standard,129,
1383,Patrick Boyle,SpaceX: The Biggest Money Loser in IPO History,2026-05-23 00:45:06+05:30,1902,long,other,False,organic,119,2154325,76862,11829,18103.571428571428,0.04116881157671196,16.700000762939453,7473.47021484375,Normal,Standard,129,
1384,Patrick Boyle,This Is Probably Fine!,2026-05-29 23:45:06+05:30,1924,long,undefined,False,organic,113,1599223,42678,3393,14152.41592920354,0.028808365062283372,15.319999694824219,7580.06005859375,Normal,Standard,129,
1385,Patrick Boyle,The Real Reason You Can't Afford a House,2026-06-06 18:15:06+05:30,1710,long,other,False,organic,105,998409,33054,4355,9508.657142857142,0.03746861256258708,21.510000228881836,7383.740234375,Volatile,Standard,130,
1386,Patrick Boyle,How SpaceX Humiliated Wall Street,2026-06-14 03:30:06+05:30,2436,long,other,False,organic,97,1522778,46998,5496,15698.742268041236,0.034472523243703285,17.68000030517578,7431.4599609375,Normal,Standard,131,
1387,Patrick Boyle,How to Lose a Global AI Monopoly in One Afternoon,2026-06-20 17:00:06+05:30,1809,long,evergreen,False,organic,91,1230820,37512,4146,13525.494505494506,0.03384572886368437,16.399999618530273,7500.580078125,Normal,Standard,131,
1388,Patrick Boyle,"Brexit, 10 Years On: What It Actually Cost Britain",2026-06-27 19:00:06+05:30,2346,long,evergreen,False,organic,84,1162589,34121,6598,13840.345238095239,0.035024415335084026,18.40999984741211,7354.02001953125,Normal,Standard,131,
1389,Patrick Boyle,The Real Reason European Cars Can't Compete,2026-07-04 18:00:06+05:30,1651,long,other,False,organic,77,1379552,32737,7091,17916.25974025974,0.02887024193361323,16.149999618530273,7483.240234375,Normal,Standard,131,
1390,Patrick Boyle,Is Russia Actually Losing?,2026-07-11 18:00:06+05:30,2128,long,undefined,False,organic,70,1418542,49766,9039,20264.885714285716,0.041454535713429705,15.029999732971191,7575.39013671875,Normal,Standard,131,
1391,Patrick Boyle,How to Be Right and Lose Everything,2026-07-18 18:45:06+05:30,2347,long,fear,False,organic,63,972872,28156,2049,15442.412698412698,0.03104724979236734,18.770000457763672,7457.68994140625,Normal,Standard,131,
1392,Patrick Boyle,Where is Venezuela’s oil money?,2026-07-25 17:00:06+05:30,2370,long,other,False,organic,56,845431,24498,2909,15096.982142857143,0.03241778453830058,18.579999923706055,7411.97998046875,Normal,Standard,131,
1393,Patrick Boyle,Why Wall Street is Ignoring Big Tech's Debt,2026-08-04 16:45:06+05:30,2021,long,other,False,organic,46,1746242,42397,3996,37961.782608695656,0.026567337173198216,16.5,7736.52001953125,Normal,Standard,131,
1394,Patrick Boyle,We Need To Talk About Leopold,2026-08-11 00:45:06+05:30,2488,long,undefined,False,organic,39,1680825,48522,5249,43098.07692307692,0.03199083783261196,15.279999732971191,7728.2001953125,Normal,Standard,131,
1395,Patrick Boyle,The Insane US-Japan Currency Bailout,2026-08-15 19:15:06+05:30,2001,long,undefined,False,organic,35,1376516,38500,4032,39329.02857142857,0.03089829685960788,14.25,7785.759765625,Normal,Standard,131,
1396,Patrick Boyle,How Much Would an AI Crash Destroy?,2026-08-23 00:45:06+05:30,2240,long,fear,False,organic,27,1919838,38360,4039,71105.11111111111,0.022084675894528602,15.130000114440918,7674.3701171875,Normal,Standard,131,
1397,Patrick Boyle,Scott Bessent Is at War With Prices — and Prices Are Winning!,2026-08-29 23:45:06+05:30,2776,long,other,False,organic,21,2306671,34107,3697,109841.47619047618,0.01638898655248191,14.430000305175781,7711.759765625,Normal,Standard,131,
1398,Patrick Boyle,The Social Reckoning That Wasn't,2026-09-05 16:15:30+05:30,2154,long,undefined,False,organic,14,1296101,22383,2096,92578.64285714286,0.01888664540803533,14.529999732971191,7718.60009765625,Normal,Standard,131,
1399,Patrick Boyle,Why Germany Stopped Working,2026-09-12 17:15:06+05:30,1961,long,undefined,False,organic,7,2043894,32943,4949,291984.85714285716,0.01853912189183979,15.84000015258789,7656.97998046875,Normal,Standard,131,
1400,The Plain Bagel,How Credit Unions Compare to Banks,2023-05-26 22:44:10+05:30,736,medium,evergreen,False,organic,1212,235269,8630,470,194.11633663366337,0.03867912899702043,17.950000762939453,4205.4501953125,Normal,Standard,131,
1401,The Plain Bagel,The SEC Goes After Crypto Exchanges - Why People are Angry,2023-06-07 22:19:27+05:30,697,medium,other,False,organic,1200,254695,10063,786,212.24583333333334,0.042596046251398734,13.9399995803833,4267.52001953125,Normal,Standard,131,
1402,The Plain Bagel,Investment Analyst Reacts to Investing TikToks (Part 5),2023-06-09 21:30:10+05:30,1084,medium,evergreen,False,organic,1198,730227,19162,1051,609.5383973288815,0.027680433618587096,13.829999923706055,4298.85986328125,Normal,Standard,131,
1403,The Plain Bagel,How I Research Stocks - Step-by-Step Fundamental Analysis,2023-06-23 21:37:12+05:30,1158,medium,evergreen,False,organic,1184,1272192,42445,1089,1074.4864864864865,0.034219677532951,13.4399995803833,4348.330078125,Normal,Standard,131,
1404,The Plain Bagel,Using ChatGPT to Trade Stocks - Let's Talk,2023-07-07 21:29:58+05:30,745,medium,other,False,organic,1170,587050,15680,689,501.7521367521368,0.027883485222723787,14.829999923706055,4398.9501953125,Normal,Standard,131,
1405,The Plain Bagel,"FedNow, and the Conspiracy Theories Around It, Explained",2023-07-20 22:11:55+05:30,977,medium,evergreen,False,organic,1157,202338,7899,1217,174.88159031979256,0.04505332661190681,13.989999771118164,4534.8701171875,Normal,Standard,131,
1406,The Plain Bagel,What's Going on With Tupperware's Stock?,2023-08-04 21:41:20+05:30,758,medium,other,False,organic,1142,188493,6832,390,165.0551663747811,0.03831442016414403,17.100000381469727,4478.02978515625,Normal,Standard,131,
1407,The Plain Bagel,"No, Blackrock and Vanguard don’t secretly control everything...",2023-08-18 01:43:01+05:30,60,micro,undefined,False,organic,1128,369901,15930,1292,327.9264184397163,0.04655840346471083,17.299999237060547,4369.7099609375,Normal,Standard,131,
1408,The Plain Bagel,Investment Analyst Explains: The Big Short,2023-08-18 21:30:07+05:30,1379,long,evergreen,False,organic,1128,1156821,27666,907,1025.5505319148936,0.024699586193542476,17.299999237060547,4369.7099609375,Normal,Standard,131,
1409,The Plain Bagel,Evergrande Files Chapter 15 Bankruptcy Protection - The State of Chinese Real Estate,2023-08-25 21:30:27+05:30,862,medium,fear,False,organic,1121,334968,11526,523,298.81177520071367,0.0359706001767333,15.680000305175781,4405.7099609375,Normal,Standard,131,
1410,The Plain Bagel,Addressing the Blackrock/Vanguard Situation,2023-09-15 21:30:29+05:30,1035,medium,undefined,False,organic,1100,786627,29822,2643,715.1154545454546,0.04127114884182719,13.789999961853027,4450.31982421875,Normal,Standard,131,
1411,The Plain Bagel,The Canadian Housing Crisis Explained,2023-09-29 23:02:17+05:30,1352,long,fear,False,organic,1086,1704732,35172,5300,1569.7348066298343,0.02374097512101609,17.520000457763672,4288.0498046875,Normal,Standard,131,
1412,The Plain Bagel,What Rising Treasury Yields Mean for the Economy,2023-10-13 21:30:10+05:30,1088,medium,other,False,organic,1072,409554,12957,404,382.04664179104475,0.03262329265493683,19.31999969482422,4327.77978515625,Normal,Standard,131,
1413,The Plain Bagel,Dividends Are Irrelevant (Sort Of...),2023-10-27 21:30:06+05:30,999,medium,undefined,False,organic,1058,476818,13738,1345,450.67863894139884,0.031632614540558456,21.270000457763672,4117.3701171875,Volatile,Standard,132,
1414,The Plain Bagel,Investment Analyst Explains: Dumb Money,2023-11-10 22:30:32+05:30,1226,long,evergreen,False,organic,1044,216648,6992,353,207.51724137931035,0.03390292086702854,14.170000076293945,4415.240234375,Normal,Standard,133,
1415,The Plain Bagel,Live Birthday Q&A Stream # 3,2023-11-17 08:02:21+05:30,4403,long,evergreen,False,organic,1037,23046,732,48,22.223722275795563,0.033845352772715435,13.800000190734863,4514.02001953125,Normal,Standard,133,
1416,The Plain Bagel,The Ridiculous Rise and Fall of WeWork,2023-11-17 22:41:50+05:30,959,medium,undefined,False,organic,1037,729781,16370,909,703.7425265188042,0.02367696610352969,13.800000190734863,4514.02001953125,Normal,Standard,133,
1417,The Plain Bagel,Another Crypto Exchange Founder Guilty - CZ's Charges Explained,2023-11-22 23:32:29+05:30,757,medium,evergreen,False,organic,1032,259264,9064,856,251.2248062015504,0.03826215749197729,12.850000381469727,4556.6201171875,Normal,Standard,133,
1418,The Plain Bagel,Is Wall Street REALLY Buying Up All the Homes?,2023-12-08 22:36:52+05:30,805,medium,other,False,organic,1016,365249,14561,1252,359.49704724409446,0.043293753028755724,12.350000381469727,4604.3701171875,Normal,Standard,133,
1419,The Plain Bagel,Investment Analyst Reacts to Investing TikToks - Holiday Special,2023-12-15 22:39:14+05:30,982,medium,evergreen,False,organic,1009,369126,14778,644,365.8334985133796,0.04177977167687998,12.279999732971191,4719.18994140625,Normal,Standard,133,
1420,The Plain Bagel,2023 Finance Rewind - AI and Bank Collapses,2023-12-22 23:01:07+05:30,766,medium,evergreen,False,organic,1002,139764,7017,231,139.48502994011977,0.05185884777195844,13.029999732971191,4754.6298828125,Normal,Standard,133,
1421,The Plain Bagel,Explaining The Bitcoin Spot ETF Situation,2024-01-26 22:36:54+05:30,1091,medium,evergreen,False,organic,967,199590,7564,711,206.40124095139606,0.041459992985620524,13.260000228881836,4890.97021484375,Normal,Standard,133,
1422,The Plain Bagel,Evergrande Ordered to Liquidate - What Now?,2024-02-02 22:30:44+05:30,831,medium,undefined,False,organic,960,423446,12383,462,441.08958333333334,0.030334446422920516,13.850000381469727,4958.60986328125,Normal,Urgent,133,
1423,The Plain Bagel,Covered Calls Explained - The Cost of Income,2024-02-16 22:37:50+05:30,774,medium,evergreen,False,organic,946,338166,10754,568,357.4693446088795,0.033480598286048865,14.239999771118164,5005.56982421875,Normal,Standard,133,
1424,The Plain Bagel,Is the S&P 500 Too Concentrated?,2024-03-01 22:42:16+05:30,1017,medium,other,False,organic,932,382314,13364,653,410.2081545064378,0.0366635801984756,13.109999656677246,5137.080078125,Normal,Standard,133,
1425,The Plain Bagel,What To Do With Finfluencers?,2024-03-23 01:30:55+05:30,1601,long,undefined,False,organic,910,645536,19710,1232,709.3802197802198,0.03244125811728548,13.0600004196167,5234.18017578125,Normal,Standard,133,
1426,The Plain Bagel,Time to Come Clean (April Fools Video),2024-04-01 18:30:35+05:30,261,short,undefined,False,organic,901,239278,17817,1670,265.5693673695894,0.08144083451048571,13.649999618530273,5243.77001953125,Normal,Standard,133,
1427,The Plain Bagel,Bank Financial Advisors Are Giving Bad Advice,2024-04-12 21:30:12+05:30,1039,medium,evergreen,False,organic,890,749868,14030,765,842.5483146067415,0.01973013917116079,17.309999465942383,5123.41015625,Normal,Standard,133,
1428,The Plain Bagel,Canada's Controversial Capital Gains Tax Change,2024-04-26 21:31:58+05:30,1042,medium,evergreen,False,organic,876,289796,7432,1019,330.8173515981735,0.029161893193832902,15.029999732971191,5099.9599609375,Normal,Standard,133,
1429,The Plain Bagel,I Interviewed The Prime Minister of Canada on Housing and the Economy,2024-05-10 21:30:29+05:30,1507,long,other,False,organic,862,218604,11856,2019,253.60092807424593,0.06347093374320689,12.550000190734863,5222.68017578125,Normal,Standard,133,
1430,The Plain Bagel,What Just Happened With GameStop?,2024-05-16 00:04:48+05:30,1107,medium,undefined,False,organic,856,320674,11344,1133,374.61915887850466,0.03890867360621691,12.420000076293945,5297.10009765625,Normal,Standard,133,
1431,The Plain Bagel,Dark Pools Explained - How Institutional Investors Utilize Off-Exchange Trading,2024-05-24 21:30:24+05:30,1156,medium,evergreen,False,organic,848,179090,5696,304,211.19103773584905,0.033502708135574294,11.930000305175781,5304.72021484375,Normal,Standard,133,
1432,The Plain Bagel,Let's Chat - Q&A Livestream,2024-05-31 23:13:43+05:30,5511,long,undefined,False,organic,841,29533,682,23,35.11652794292509,0.023871601259607897,12.920000076293945,5277.509765625,Normal,Standard,133,
1433,The Plain Bagel,What Constitutes Market Manipulation? Featuring @LegalEagle,2024-06-18 21:38:00+05:30,1027,medium,other,False,organic,823,301724,9025,734,366.6148238153098,0.03234412907160186,12.300000190734863,5487.02978515625,Normal,Standard,133,
1434,The Plain Bagel,"The Fake Petrodollar Story - No, Saudi Arabia Didn’t Ditch the Dollar",2024-06-28 22:05:56+05:30,1034,medium,fear,False,organic,813,282257,10627,1313,347.17958179581797,0.04230187382420985,12.4399995803833,5460.47998046875,Normal,Standard,133,
1435,The Plain Bagel,Why I Don't Do YouTube Full-Time,2024-07-12 21:40:16+05:30,737,medium,undefined,False,organic,799,193648,12571,1329,242.36295369211516,0.07177972403536313,12.460000038146973,5615.35009765625,Normal,Standard,133,
1436,The Plain Bagel,Investment Analyst Reacts to Finance TikToks - Part 7,2024-07-26 22:17:33+05:30,1063,medium,evergreen,False,organic,785,673616,17878,1028,858.1095541401274,0.028066435476592006,16.389999389648438,5459.10009765625,Normal,Standard,133,
1437,The Plain Bagel,Prominent Short Seller Charged With Market Manipulation,2024-08-02 21:42:57+05:30,960,medium,other,False,organic,778,190222,6287,334,244.5012853470437,0.03480669954053685,23.389999389648438,5346.56005859375,Volatile,Standard,134,
1438,The Plain Bagel,The $6.4T Stock Drop - Why Is Everything Down?,2024-08-08 21:27:25+05:30,936,medium,other,False,organic,772,365669,15630,703,473.6645077720207,0.044666077791664045,23.790000915527344,5319.31005859375,Volatile,Standard,134,
1439,The Plain Bagel,Do Rate Cuts ACTUALLY Send Stocks Higher?,2024-08-23 21:48:22+05:30,978,medium,other,False,organic,757,287308,9737,514,379.5350066050198,0.035679479861333484,15.859999656677246,5634.60986328125,Normal,Standard,135,
1440,The Plain Bagel,Grocery Store Greedflation - Is Price Gouging Behind Higher Food Prices?,2024-09-06 21:46:59+05:30,957,medium,other,False,organic,743,178879,7390,1149,240.75235531628533,0.04773617920493742,22.3799991607666,5408.419921875,Volatile,Standard,136,
1441,The Plain Bagel,Why Does Everyone Hate Private Equity?,2024-09-20 21:30:19+05:30,1136,medium,undefined,False,organic,729,441600,12250,927,605.761316872428,0.029839221014492753,16.149999618530273,5702.5498046875,Normal,Standard,137,
1442,The Plain Bagel,Memestocks Won't Make You Rich (Probably),2024-10-04 22:01:16+05:30,1054,medium,evergreen,False,organic,715,180250,6431,601,252.0979020979021,0.0390124826629681,19.209999084472656,5751.06982421875,Normal,Standard,137,
1443,The Plain Bagel,What Just Happened With Chinese Stocks?,2024-10-11 21:53:37+05:30,768,medium,other,False,organic,708,257353,8325,568,363.4929378531073,0.03455564924442303,20.459999084472656,5815.02978515625,Volatile,Standard,138,
1444,The Plain Bagel,FTX’s 118% Refund Plan,2024-10-25 21:53:50+05:30,981,medium,undefined,False,organic,694,284954,7067,480,410.5965417867435,0.026484976522526443,20.329999923706055,5808.1201171875,Volatile,Standard,138,
1445,The Plain Bagel,Live Birthday Q&A Stream # 4,2024-11-07 23:40:29+05:30,3935,long,evergreen,False,organic,681,16622,487,27,24.408223201174742,0.030922873300445193,15.199999809265137,5973.10009765625,Normal,Standard,139,
1446,The Plain Bagel,Finance Movie Review: Barbarians at the Gate,2024-11-15 22:31:02+05:30,1012,medium,evergreen,False,organic,673,106255,3570,168,157.88261515601783,0.03517952096371935,16.139999389648438,5870.6201171875,Normal,Standard,139,
1447,The Plain Bagel,The Sketchy Companies Paying YouTubers to Promote Their Stock,2024-12-02 23:06:22+05:30,1231,long,other,False,organic,656,617557,26205,1932,941.3978658536586,0.04556178619949252,13.34000015258789,6047.14990234375,Normal,Standard,139,
1448,The Plain Bagel,"2024 Finance Rewind - The Year of Trump, AI and Crypto",2024-12-16 22:43:17+05:30,919,medium,evergreen,False,organic,642,172550,8133,420,268.7694704049844,0.049568241089539264,14.6899995803833,6074.080078125,Normal,Standard,139,
1449,The Plain Bagel,Investment Analyst Reacts to Finance TikToks - Holiday Special 2024,2024-12-28 06:31:24+05:30,1246,long,evergreen,False,organic,630,445032,15696,841,706.4,0.037159125635909326,15.949999809265137,5970.83984375,Normal,Standard,139,
1450,The Plain Bagel,Rest in Peace…,2025-01-19 22:14:02+05:30,88,micro,undefined,False,organic,608,124043,7829,524,204.01809210526315,0.06733955160710399,15.970000267028809,5996.66015625,Normal,Standard,139,
1451,The Plain Bagel,Thanks a Million (Channel Announcement),2025-01-27 22:30:46+05:30,339,short,opportunity,False,organic,600,40873,4516,374,68.12166666666667,0.11963888141315783,17.899999618530273,6012.27978515625,Normal,Standard,139,
1452,The Plain Bagel,"Trump’s “Dumb” Trade War With Canada - What Happened, and What Now?",2025-02-07 23:42:34+05:30,1291,long,fear,False,organic,589,290381,11224,1491,493.00679117147706,0.043787300133273185,16.540000915527344,6025.990234375,Normal,Urgent,139,
1453,The Plain Bagel,Launching a New Channel - Dead on the Money,2025-02-14 22:30:00+05:30,4859,long,other,False,organic,582,49566,1702,139,85.16494845360825,0.03714239599725618,14.770000457763672,6114.6298828125,Normal,Standard,139,
1454,The Plain Bagel,"A US Sovereign Wealth Fund - What, How, Why?",2025-02-21 22:39:18+05:30,874,medium,evergreen,False,organic,575,177341,6665,914,308.41913043478263,0.04273687415769619,18.209999084472656,6013.1298828125,Normal,Standard,139,
1455,The Plain Bagel,Canada's Ridiculous Trade Barriers...With Itself,2025-03-07 22:31:19+05:30,1102,medium,undefined,False,organic,561,307717,10773,1168,548.5151515151515,0.038805135887845,23.3700008392334,5770.2001953125,Volatile,Standard,140,
1456,The Plain Bagel,Clearing Up the Canada Tariff Misinformation,2025-03-14 22:10:34+05:30,792,medium,undefined,False,organic,554,340102,15323,2344,613.9025270758123,0.05194618085162687,21.770000457763672,5638.93994140625,Volatile,Standard,140,
1457,The Plain Bagel,Huge Announcement,2025-04-01 18:30:39+05:30,165,micro,opportunity,False,organic,536,125546,10680,1034,234.22761194029852,0.09330444617908974,21.770000457763672,5633.06982421875,Volatile,Standard,140,
1458,The Plain Bagel,The Crazy Tariff Announcement Crashing Markets,2025-04-05 03:48:10+05:30,1055,medium,other,False,organic,532,466561,18702,2074,876.9943609022556,0.0445300828830528,45.310001373291016,5074.080078125,Volatile,Standard,140,
1459,The Plain Bagel,Tariffs and Treasuries - The China-US Trade War,2025-04-13 23:32:27+05:30,868,medium,fear,False,organic,524,241546,8430,610,460.96564885496184,0.037425583532743244,37.560001373291016,5363.35986328125,Volatile,Standard,140,1.0
1460,The Plain Bagel,Investment Analyst Reacts to Finance TikToks - Part 9,2025-04-25 21:58:24+05:30,1422,long,evergreen,False,organic,512,533487,11895,754,1041.966796875,0.02371004354370397,24.84000015258789,5525.2099609375,Volatile,Standard,140,
1461,The Plain Bagel,"The US-China ""Trade Deal""",2025-05-16 21:30:43+05:30,812,medium,other,False,organic,491,191873,5588,433,390.78004073319755,0.031380131649580714,17.239999771118164,5958.3798828125,Normal,Standard,141,
1462,The Plain Bagel,Why People Are Freaking Out Over Bonds,2025-05-30 21:31:06+05:30,1208,long,undefined,False,organic,477,532838,15773,1366,1117.0607966457023,0.032165498706924055,18.56999969482422,5911.68994140625,Normal,Standard,141,
1463,The Plain Bagel,"Trump's ""Revenge Tax"" On Investors Outside the US",2025-06-06 21:33:30+05:30,961,medium,evergreen,False,organic,470,322414,8080,1431,685.9872340425532,0.02949933935871271,16.770000457763672,6000.35986328125,Normal,Standard,141,
1464,The Plain Bagel,The Impact of War on Markets and the Economy,2025-06-20 21:32:06+05:30,883,medium,other,False,organic,456,288715,7985,379,633.1469298245614,0.028969745250506555,20.6200008392334,5967.83984375,Volatile,Standard,142,
1465,The Plain Bagel,The Problem With Robinhood’s Tokenized Stock Offering,2025-07-11 21:31:00+05:30,997,medium,other,False,organic,435,199511,5869,469,458.64597701149427,0.03176767195793716,16.399999618530273,6259.75,Normal,Standard,143,
1466,The Plain Bagel,America's Crypto Regulation - What the Genius and Clarity Act Means For Markets,2025-07-25 21:49:42+05:30,878,medium,opportunity,False,organic,421,136281,4443,409,323.70783847981,0.03560290869600311,14.930000305175781,6388.64013671875,Normal,Standard,143,
1467,The Plain Bagel,"""The Biggest Trade Deal Ever"" - The EU-US Agreement Explained",2025-07-29 22:26:16+05:30,642,medium,evergreen,False,organic,417,178682,6051,814,428.4940047961631,0.03842021020584054,15.979999542236328,6370.85986328125,Normal,Standard,143,
1468,The Plain Bagel,No Deal For Canada - Now What?,2025-08-04 21:33:18+05:30,797,medium,undefined,False,organic,411,183037,6509,1407,445.345498783455,0.043248086452465896,17.520000457763672,6329.93994140625,Normal,Urgent,143,
1469,The Plain Bagel,"The Bitcoin Treasury ""Infinite Money Glitch""",2025-08-15 21:45:07+05:30,971,medium,opportunity,False,organic,400,243226,8096,1082,608.065,0.03773445273120472,15.09000015258789,6449.7998046875,Normal,Standard,143,
1470,The Plain Bagel,Clearing Up the Inflation Target Misinformation,2025-08-25 23:17:03+05:30,596,short,other,False,organic,390,116417,5398,373,298.5051282051282,0.04957179793329153,14.789999961853027,6439.31982421875,Normal,Standard,143,
1471,The Plain Bagel,An AI Scammer Is Trying to Steal My Viewer's Money,2025-08-30 21:30:46+05:30,471,short,other,False,organic,385,91668,5985,536,238.0987012987013,0.07113714709604224,15.359999656677246,6460.259765625,Normal,Standard,143,
1472,The Plain Bagel,Are Trump's Tariffs Working?,2025-09-12 21:30:12+05:30,1076,medium,undefined,False,organic,372,473211,13363,1966,1272.0725806451612,0.03239358341205086,14.760000228881836,6584.2900390625,Normal,Standard,143,
1473,The Plain Bagel,Why Central Banks Target 2% Inflation,2025-09-26 22:25:00+05:30,928,medium,other,False,organic,358,160721,5602,826,448.9413407821229,0.03999477355168273,15.289999961853027,6643.7001953125,Normal,Standard,143,
1474,The Plain Bagel,Investment Analyst Reacts to Finance TikToks - Bonus Edition,2025-10-10 21:31:11+05:30,1760,long,evergreen,False,organic,344,789569,19260,1346,2295.2587209302324,0.0260977824610642,21.65999984741211,6552.509765625,Volatile,Standard,144,
1475,The Plain Bagel,"The 2025 Gold Rush - ""Debasement Trade"" or FOMO?",2025-10-24 21:41:00+05:30,1074,medium,fear,False,organic,330,217194,7635,837,658.1636363636363,0.03900660239233128,16.3700008392334,6791.68994140625,Normal,Standard,145,
1476,The Plain Bagel,Let's Talk About the AI Bubble,2025-11-07 22:31:14+05:30,1343,long,fear,False,organic,316,1207855,32448,3232,3822.3259493670885,0.02953996961555816,19.079999923706055,6728.7998046875,Normal,Standard,145,
1477,The Plain Bagel,Live Birthday Q&A Stream # 5,2025-11-14 23:33:57+05:30,0,micro,evergreen,False,organic,309,0,0,0,0.0,,19.829999923706055,6734.10986328125,Normal,Standard,145,
1478,The Plain Bagel,Live Birthday Q&A Stream # 5,2025-11-14 23:40:41+05:30,3770,long,evergreen,False,organic,309,17238,532,58,55.786407766990294,0.03422670843485323,19.829999923706055,6734.10986328125,Normal,Standard,145,
1479,The Plain Bagel,The Bitcoin Treasury Reckoning - Why People Are Blaming JPMorgan,2025-11-28 23:02:44+05:30,1201,long,other,False,organic,295,258763,8839,907,877.1627118644068,0.03766380819514382,16.350000381469727,6849.08984375,Normal,Standard,145,
1480,The Plain Bagel,Investment Analyst Reacts to Finance TikToks - Naughty & Nice Edition,2025-12-12 22:49:45+05:30,1411,long,evergreen,False,organic,281,284408,9813,718,1012.1281138790035,0.037027791060729655,15.739999771118164,6827.41015625,Normal,Standard,145,
1481,The Plain Bagel,What A Year...,2025-12-30 21:38:28+05:30,1139,medium,undefined,False,organic,263,156501,6795,418,595.0608365019011,0.046089162369569524,14.329999923706055,6896.240234375,Normal,Standard,145,
1482,The Plain Bagel,The Venezuela Oil Grab - What it Means for Oil Markets (and Canada),2026-01-10 22:38:50+05:30,1074,medium,other,False,organic,252,201016,7941,891,797.6825396825396,0.04393680105066263,14.489999771118164,6966.27978515625,Normal,Standard,145,
1483,The Plain Bagel,The Canada-China Trade Deal,2026-01-24 00:01:02+05:30,1084,medium,other,False,organic,238,224873,7125,1331,944.844537815126,0.03760344727913089,16.09000015258789,6915.60986328125,Normal,Standard,145,
1484,The Plain Bagel,The Cost of Alberta Separatism,2026-02-13 22:43:05+05:30,1126,medium,evergreen,False,organic,218,191601,8429,3926,878.9036697247707,0.06448296198871613,20.600000381469727,6836.169921875,Volatile,Standard,146,
1485,The Plain Bagel,Trump's Tariffs Deemed Illegal - What Now?,2026-02-27 22:31:24+05:30,921,medium,undefined,False,organic,204,106535,3764,291,522.2303921568628,0.03806260853240719,19.860000610351562,6878.8798828125,Normal,Urgent,147,
1486,The Plain Bagel,The Risk the War in Iran Poses to the Global Economy,2026-03-06 22:50:58+05:30,886,medium,other,False,organic,197,448681,10994,875,2277.568527918782,0.026453092508931735,29.489999771118164,6740.02001953125,Volatile,Standard,148,
1487,The Plain Bagel,Private Credit Panic - Why Investors Are Rushing For the Exits,2026-03-20 23:06:44+05:30,1205,long,fear,False,organic,183,303080,8967,696,1656.1748633879781,0.03188267124191633,26.780000686645508,6506.47998046875,Volatile,Standard,148,1.0
1488,The Plain Bagel,Exciting Announcement,2026-04-01 18:03:47+05:30,216,short,undefined,False,organic,171,66317,5078,792,387.8187134502924,0.08851425727943062,24.540000915527344,6575.31982421875,Volatile,Standard,148,
1489,The Plain Bagel,Prediction Markets Are Ruining the Finance Industry,2026-04-19 01:02:34+05:30,1650,long,evergreen,False,organic,153,351840,11234,994,2299.607843137255,0.03475443383356071,17.479999542236328,7126.06005859375,Normal,Standard,149,
1490,The Plain Bagel,Investment Analyst Reacts to Finance TikToks - Prediction Markets and More,2026-05-02 22:32:24+05:30,1402,long,evergreen,False,organic,140,327588,9386,810,2339.9142857142856,0.031124461213475462,16.989999771118164,7230.1201171875,Normal,Standard,149,
1491,The Plain Bagel,Canada's Getting a Sovereign Wealth Fund,2026-05-08 21:47:22+05:30,1073,medium,evergreen,False,organic,134,143279,4686,555,1069.2462686567164,0.03657898226537036,17.190000534057617,7398.93017578125,Normal,Standard,149,
1492,The Plain Bagel,AI Is Giving Financial Advice Now,2026-05-29 21:30:20+05:30,1166,medium,evergreen,False,organic,113,191627,5940,644,1695.8141592920354,0.03435841504589646,15.319999694824219,7580.06005859375,Normal,Urgent,149,
1493,The Plain Bagel,The SpaceX IPO Is Wild,2026-06-12 21:30:13+05:30,1327,long,undefined,False,organic,99,386403,12254,1626,3903.060606060606,0.035921046161649886,17.68000030517578,7431.4599609375,Normal,Standard,149,
1494,The Plain Bagel,Canada's Exit Tax Explained,2026-06-26 21:30:19+05:30,1242,long,evergreen,False,organic,85,185131,5607,1174,2178.0117647058823,0.03662811738714748,18.40999984741211,7354.02001953125,Normal,Standard,149,
1495,The Plain Bagel,Finfluencer Promotions Are Getting Worse,2026-07-10 23:00:13+05:30,1397,long,undefined,False,organic,71,258777,8475,689,3644.7464788732395,0.03541272987939423,15.029999732971191,7575.39013671875,Normal,Standard,149,
1496,The Plain Bagel,Here We Go Again,2026-07-24 23:56:52+05:30,1128,medium,undefined,False,organic,57,169116,5258,712,2966.9473684210525,0.03530121336833889,18.579999923706055,7411.97998046875,Normal,Standard,149,
1497,The Plain Bagel,Canada's Condo Conundrum,2026-08-08 23:34:47+05:30,1455,long,undefined,False,organic,42,523431,13719,1593,12462.642857142857,0.02925313938226815,14.899999618530273,7757.64013671875,Normal,Standard,149,
1498,The Plain Bagel,Canada-US Trade Deal Falls Apart,2026-08-29 02:43:23+05:30,1023,medium,fear,False,organic,21,443742,6581,1270,21130.571428571428,0.017692713333423475,14.430000305175781,7711.759765625,Normal,Standard,149,
1499,The Plain Bagel,AI's Hidden Debt Problem Explained,2026-09-11 22:53:15+05:30,1352,long,evergreen,False,organic,8,488349,6577,527,61043.625,0.01454697357832206,15.84000015258789,7656.97998046875,Normal,Standard,149,
1500,The Ramsey Show,"His Dad Co-Signed on a $62,000 Car Loan for His Son",2026-07-29 20:30:38+05:30,103,micro,other,False,organic,52,97995,2074,52,1884.5192307692307,0.02169498443798153,20.65999984741211,7316.14990234375,Volatile,Standard,150,
1501,The Ramsey Show,Her Husband's Bad Decisions Is Putting Her House in Jeopardy,2026-07-30 00:30:34+05:30,101,micro,other,False,organic,51,67560,1552,38,1324.7058823529412,0.023534635879218474,17.09000015258789,7437.6298828125,Normal,Standard,151,
1502,The Ramsey Show,"One Decision Can Change Everything | July 30, 2026",2026-07-30 18:29:06+05:30,7540,long,undefined,False,organic,51,60057,817,258,1177.5882352941176,0.017899661987778277,17.09000015258789,7437.6298828125,Normal,Standard,151,
1503,The Ramsey Show,Don't Panic!,2026-07-30 20:30:36+05:30,54,micro,fear,False,organic,51,36298,981,21,711.7254901960785,0.02760482671221555,17.09000015258789,7437.6298828125,Normal,Standard,151,
1504,The Ramsey Show,Let a Robot Decide Your Investments?,2026-07-31 00:30:14+05:30,72,micro,undefined,False,organic,50,10632,222,3,212.64,0.02116252821670429,15.989999771118164,7489.72021484375,Normal,Standard,151,
1505,The Ramsey Show,"Wealth Doesn't Happen By Accident | July 31, 2026",2026-07-31 18:29:06+05:30,7633,long,evergreen,False,organic,50,50366,739,195,1007.32,0.018544256045745146,15.989999771118164,7489.72021484375,Normal,Standard,151,
1506,The Ramsey Show,Her Father-In-Law Keeps Asking for Money,2026-07-31 20:30:05+05:30,134,micro,other,False,organic,50,192591,4245,426,3851.82,0.024253469788307863,15.989999771118164,7489.72021484375,Normal,Standard,151,
1507,The Ramsey Show,The Biggest Red Flag In a Relationship,2026-08-01 20:30:18+05:30,77,micro,fear,False,organic,49,14298,476,10,291.7959183673469,0.03399076793957197,15.989999771118164,7489.72021484375,Normal,Standard,151,
1508,The Ramsey Show,When Loaning Money Goes Wrong,2026-08-02 00:30:38+05:30,48,micro,other,False,organic,48,29810,775,26,621.0416666666666,0.02687017779268702,15.989999771118164,7489.72021484375,Normal,Standard,151,
1509,The Ramsey Show,This Is Why Loaning Money To People Is a Bad Idea,2026-08-02 20:30:22+05:30,62,micro,other,False,organic,48,32807,893,57,683.4791666666666,0.028957234736489163,15.989999771118164,7489.72021484375,Normal,Standard,151,
1510,The Ramsey Show,"Today's Habits Create Tomorrow's Progress | August 3, 2026",2026-08-03 18:29:06+05:30,7620,long,evergreen,False,organic,47,39948,675,203,849.9574468085107,0.02197857214378692,15.859999656677246,7600.5,Normal,Standard,151,
1511,The Ramsey Show,Our Most Controversial Marriage Takes,2026-08-03 20:30:20+05:30,45,micro,undefined,False,organic,47,28339,1117,38,602.9574468085107,0.040756554571438654,15.859999656677246,7600.5,Normal,Standard,151,
1512,The Ramsey Show,Her Husband Told Her She'd Never Have Access To His Accounts,2026-08-04 00:30:18+05:30,90,micro,undefined,False,organic,46,10906,333,10,237.08695652173913,0.031450577663671375,16.5,7736.52001953125,Normal,Standard,151,
1513,The Ramsey Show,"Discipline Is the Difference Between Broke and Wealthy | August 4, 2026",2026-08-04 18:29:21+05:30,7674,long,undefined,False,organic,46,92901,1366,225,2019.5869565217392,0.017125757526829637,16.5,7736.52001953125,Normal,Standard,151,
1514,The Ramsey Show,Don't Make This Million Dollar Mistake,2026-08-04 20:30:01+05:30,121,micro,opportunity,False,organic,46,110971,2717,33,2412.413043478261,0.024781249155184686,16.5,7736.52001953125,Normal,Standard,151,
1515,The Ramsey Show,"Common Sense Beats Clever Money Hacks | August 5, 2026",2026-08-05 18:29:06+05:30,7623,long,opportunity,False,organic,45,78385,1220,222,1741.888888888889,0.018396376857817184,15.8100004196167,7723.5498046875,Normal,Standard,151,
1516,The Ramsey Show,He's Wondering If He Can Still Afford His House,2026-08-05 20:30:08+05:30,68,micro,other,False,organic,45,97404,1517,23,2164.5333333333333,0.01581043899634512,15.8100004196167,7723.5498046875,Normal,Standard,151,
1517,The Ramsey Show,The Biweekly Mortgage Payment Is Not a Magic Bullet,2026-08-06 00:30:00+05:30,87,micro,other,False,organic,44,107659,1737,28,2446.7954545454545,0.01639435625447013,15.149999618530273,7709.9599609375,Normal,Standard,151,
1518,The Ramsey Show,"Make Hard Decisions Now So Future You Can Win | August 6, 2026",2026-08-06 18:29:06+05:30,7638,long,opportunity,False,organic,44,63758,1011,213,1449.0454545454545,0.01919759089055491,15.149999618530273,7709.9599609375,Normal,Urgent,151,
1519,The Ramsey Show,Don't Miss the Power of Compound Growth,2026-08-06 20:30:31+05:30,73,micro,undefined,False,organic,44,12453,442,12,283.02272727272725,0.036457078615594635,15.149999618530273,7709.9599609375,Normal,Standard,151,
1520,The Ramsey Show,"Change Your Mindset, Change Your Life | August 7, 2026",2026-08-07 18:29:06+05:30,7674,long,evergreen,False,organic,43,68349,1090,228,1589.5116279069769,0.01928338380956561,14.899999618530273,7757.64013671875,Normal,Standard,151,
1521,The Ramsey Show,Why It's Crucial To Start Investing Early,2026-08-07 20:30:07+05:30,47,micro,evergreen,False,organic,43,34183,1212,42,794.953488372093,0.03668490185179768,14.899999618530273,7757.64013671875,Normal,Standard,151,
1522,The Ramsey Show,They're 66 and Have No Retirement,2026-08-08 00:30:03+05:30,85,micro,evergreen,False,organic,42,30279,933,30,720.9285714285714,0.031804220747052414,14.899999618530273,7757.64013671875,Normal,Standard,151,
1523,The Ramsey Show,A Budget Just Gives You a Plan,2026-08-08 20:30:07+05:30,38,micro,evergreen,False,organic,42,8919,233,3,212.35714285714286,0.02646036551182868,14.899999618530273,7757.64013671875,Normal,Standard,151,
1524,The Ramsey Show,He's 27 and Financially Supporting His Parents,2026-08-09 00:30:10+05:30,111,micro,undefined,False,organic,41,25971,899,13,633.439024390244,0.03511609102460437,14.899999618530273,7757.64013671875,Normal,Standard,151,
1525,The Ramsey Show,Got Himself Into $10k of Debt for Pokémon Cards,2026-08-09 20:30:30+05:30,68,micro,other,False,organic,41,17183,594,17,419.0975609756098,0.03555840074492231,14.899999618530273,7757.64013671875,Normal,Standard,151,
1526,The Ramsey Show,His Dad Wants To Give His Inheritance To His Sister,2026-08-10 00:30:05+05:30,101,micro,undefined,False,organic,40,33178,1097,19,829.45,0.033636747242148414,15.460000038146973,7753.10986328125,Normal,Standard,151,
1527,The Ramsey Show,"Stop Giving Away Your Control | August 10, 2026",2026-08-10 18:29:06+05:30,7625,long,undefined,False,organic,40,43603,694,262,1090.075,0.021925096897002498,15.460000038146973,7753.10986328125,Normal,Standard,151,
1528,The Ramsey Show,Move from Intense to Intentional After You're Out of Debt,2026-08-10 20:30:11+05:30,64,micro,other,False,organic,40,20409,531,0,510.225,0.026017933264736146,15.460000038146973,7753.10986328125,Normal,Standard,151,
1529,The Ramsey Show,"Facts Are Your Friends...Not Feelings | August 11, 2026",2026-08-11 18:29:06+05:30,7696,long,undefined,False,organic,39,82049,1146,158,2103.8205128205127,0.01589294202245,15.279999732971191,7728.2001953125,Normal,Standard,151,
1530,The Ramsey Show,Her Husband Is Depending on Social Security for Retirement,2026-08-11 20:30:12+05:30,72,micro,evergreen,False,organic,39,82628,1492,81,2118.6666666666665,0.019037130270610447,15.279999732971191,7728.2001953125,Normal,Standard,151,
1531,The Ramsey Show,"You Can’t Win Without a Clear Goal | August 12, 2026",2026-08-12 18:29:06+05:30,7620,long,opportunity,False,organic,38,37847,577,147,995.9736842105264,0.019129653605305573,14.550000190734863,7748.5,Normal,Standard,151,
1532,The Ramsey Show,Her Husband Gave Up on Saving for Retirement,2026-08-12 20:30:03+05:30,90,micro,evergreen,False,organic,38,43703,1211,45,1150.078947368421,0.028739445804635836,14.550000190734863,7748.5,Normal,Standard,151,
1533,The Ramsey Show,"Live Life With Less Financial Stress | August 13, 2026",2026-08-13 18:29:06+05:30,7597,long,evergreen,False,organic,37,50726,736,202,1370.972972972973,0.01849150337105232,14.630000114440918,7798.990234375,Normal,Standard,151,
1534,The Ramsey Show,"""This Is What Happens When You Borrow Money from a Friend""",2026-08-13 20:30:10+05:30,77,micro,other,False,organic,37,61803,1217,17,1670.3513513513512,0.0199666682847111,14.630000114440918,7798.990234375,Normal,Standard,151,
1535,The Ramsey Show,"Build Habits That Build Wealth | August 14, 2026",2026-08-14 18:29:07+05:30,7673,long,evergreen,False,organic,36,54987,771,265,1527.4166666666667,0.018840816920362994,14.25,7785.759765625,Normal,Standard,151,
1536,The Ramsey Show,Her Fiancé is Upset She's Keeping Her Late Boyfriend's Wishes,2026-08-14 20:30:14+05:30,115,micro,undefined,False,organic,36,2010935,55862,3241,55859.305555555555,0.029390805769455502,14.25,7785.759765625,Normal,Standard,151,
1537,The Ramsey Show,Family Members Keep Asking for Money!,2026-08-15 20:30:14+05:30,75,micro,other,False,organic,35,34230,1180,28,978.0,0.03529068068945369,14.25,7785.759765625,Normal,Standard,151,
1538,The Ramsey Show,This Sounds Too Good to Be True,2026-08-16 20:30:26+05:30,148,micro,undefined,False,organic,34,148664,2922,111,4372.470588235294,0.020401711241457246,14.25,7785.759765625,Normal,Standard,151,
1539,The Ramsey Show,"Start Small and Keep Moving | August 17, 2026",2026-08-17 18:29:06+05:30,7643,long,undefined,False,organic,33,54306,779,209,1645.6363636363637,0.01819320148786506,15.1899995803833,7745.06005859375,Normal,Standard,151,
1540,The Ramsey Show,The Problem With Pensions,2026-08-17 20:30:18+05:30,45,micro,undefined,False,organic,33,48241,824,37,1461.8484848484848,0.0178478887253581,15.1899995803833,7745.06005859375,Normal,Standard,151,
1541,The Ramsey Show,"It's Never Too Late To Start Over | August 18, 2026",2026-08-18 18:29:06+05:30,7700,long,undefined,False,organic,32,55746,799,160,1742.0625,0.01720302801994762,15.84000015258789,7691.759765625,Normal,Standard,151,
1542,The Ramsey Show,6 Years To Pay Off a House?,2026-08-18 20:30:33+05:30,83,micro,other,False,organic,32,440102,11899,180,13753.1875,0.02744591026625646,15.84000015258789,7691.759765625,Normal,Standard,151,
1543,The Ramsey Show,"Don't Leave Your Financial Future To Chance | August 19, 2026",2026-08-19 18:29:06+05:30,7697,long,evergreen,False,organic,31,79253,1278,273,2556.548387096774,0.019570237088816826,14.890000343322754,7707.97998046875,Normal,Standard,151,
1544,The Ramsey Show,Go Back On a Promise They Made Their Kids?,2026-08-19 20:30:17+05:30,74,micro,undefined,False,organic,31,132686,2412,192,4280.193548387097,0.019625280737982906,14.890000343322754,7707.97998046875,Normal,Standard,151,
1545,The Ramsey Show,"How Far Are You Willing To Go To Win? | August 20, 2026",2026-08-20 18:29:06+05:30,7717,long,opportunity,False,organic,30,66443,1048,334,2214.766666666667,0.020799783272880516,16.010000228881836,7641.16015625,Normal,Standard,151,
1546,The Ramsey Show,"Sell the $12,000 Guitar to Get Out of Debt?",2026-08-20 20:30:13+05:30,96,micro,other,False,organic,30,68573,1432,48,2285.766666666667,0.021582838726612517,16.010000228881836,7641.16015625,Normal,Standard,151,
1547,The Ramsey Show,"Wealth Is A Strategy, Not An Accident | August 21, 2026",2026-08-21 18:29:06+05:30,7739,long,evergreen,False,organic,29,61127,892,314,2107.8275862068967,0.019729415806435783,15.130000114440918,7674.3701171875,Normal,Standard,151,
1548,The Ramsey Show,"$400,000 Off A Scratch Off Ticket?!",2026-08-21 20:30:19+05:30,133,micro,undefined,False,organic,29,1527640,45986,936,52677.24137931035,0.030715351784451835,15.130000114440918,7674.3701171875,Normal,Standard,151,
1549,The Ramsey Show,Cut Them Up!,2026-08-22 20:30:11+05:30,75,micro,undefined,False,organic,28,69486,1371,29,2481.6428571428573,0.020147943470627178,15.130000114440918,7674.3701171875,Normal,Standard,151,
1550,The Ramsey Show,The House Isn't The Problem,2026-08-23 20:30:15+05:30,70,micro,other,False,organic,27,59760,1291,27,2213.3333333333335,0.022054886211512716,15.130000114440918,7674.3701171875,Normal,Standard,151,
1551,The Ramsey Show,"Debt Isn't a Tool, It's a Trap | August 24, 2026",2026-08-24 18:29:06+05:30,7685,long,fear,False,organic,26,47856,669,213,1840.6153846153845,0.018430290872617855,15.850000381469727,7652.85986328125,Normal,Standard,151,
1552,The Ramsey Show,This Advice Is FIRE,2026-08-24 20:30:15+05:30,60,micro,evergreen,False,organic,26,50135,1404,42,1928.2692307692307,0.028842126259100428,15.850000381469727,7652.85986328125,Normal,Standard,151,
1553,The Ramsey Show,"Behavior Matters More Than Math | August 25, 2026",2026-08-25 18:29:27+05:30,7660,long,undefined,False,organic,25,73251,1037,232,2930.04,0.017323995576852193,15.449999809265137,7677.27978515625,Normal,Standard,151,
1554,The Ramsey Show,Is an Extended Car Warranty Worth It?,2026-08-25 20:30:30+05:30,40,micro,evergreen,False,organic,25,64555,1099,49,2582.2,0.017783285570443806,15.449999809265137,7677.27978515625,Normal,Standard,151,
1555,The Ramsey Show,"Quit Paying for Yesterday's Mistakes | August 26, 2026",2026-08-26 18:29:06+05:30,7712,long,evergreen,False,organic,24,64532,983,282,2688.8333333333335,0.019602677741275647,15.210000038146973,7675.7001953125,Normal,Standard,151,
1556,The Ramsey Show,His 55-Year-Old Mom Is Not Ready For Retirement,2026-08-26 20:30:22+05:30,99,micro,evergreen,False,organic,24,208480,4790,159,8686.666666666666,0.02373848810437452,15.210000038146973,7675.7001953125,Normal,Standard,151,
1557,The Ramsey Show,"Increase Your Income, Expand Your Options | August 27, 2026",2026-08-27 18:29:06+05:30,7689,long,undefined,False,organic,23,89495,883,163,3891.086956521739,0.011687803787921112,14.510000228881836,7730.990234375,Normal,Standard,151,
1558,The Ramsey Show,Don't Go Into Retirement With Debt,2026-08-27 20:30:39+05:30,104,micro,evergreen,False,organic,23,1300,27,0,56.52173913043478,0.02076923076923077,14.510000228881836,7730.990234375,Normal,Standard,151,
1559,The Ramsey Show,Dave Loves His Coffee,2026-08-27 21:30:33+05:30,32,micro,undefined,False,organic,23,267512,5110,111,11630.95652173913,0.019516881485690363,14.510000228881836,7730.990234375,Normal,Standard,151,
1560,The Ramsey Show,"Stop Borrowing, Start Building Wealth | August 28, 2026",2026-08-28 18:29:06+05:30,7729,long,evergreen,False,organic,22,82118,762,228,3732.6363636363635,0.012055822109647093,14.430000305175781,7711.759765625,Normal,Standard,151,
1561,The Ramsey Show,His Wife Wants To Spend On Experiences Instead of Paying Off The House,2026-08-28 20:30:15+05:30,92,micro,other,False,organic,22,44202,1063,29,2009.1818181818182,0.024704764490294556,14.430000305175781,7711.759765625,Normal,Standard,151,
1562,The Ramsey Show,Real People That Have Real Money Don't Do This,2026-08-29 20:30:06+05:30,87,micro,other,False,organic,21,222075,3533,200,10575.0,0.01680963638410447,14.430000305175781,7711.759765625,Normal,Urgent,151,
1563,The Ramsey Show,"They Make $200,000 But Live Paycheck-to-Paycheck",2026-08-30 20:30:12+05:30,73,micro,other,False,organic,20,62389,1308,19,3119.45,0.02126977512061421,14.430000305175781,7711.759765625,Normal,Standard,151,
1564,The Ramsey Show,"Don’t Trade Peace for Payments | August 31, 2026",2026-08-31 18:29:06+05:30,7689,long,undefined,False,organic,19,62587,683,216,3294.0526315789475,0.014364005304615974,14.920000076293945,7686.14013671875,Normal,Standard,151,
1565,The Ramsey Show,Buy a Mobile Home?,2026-08-31 20:30:28+05:30,101,micro,other,False,organic,19,37785,804,47,1988.6842105263158,0.022522164880243483,14.920000076293945,7686.14013671875,Normal,Standard,151,
1566,The Ramsey Show,"The Price Of Freedom Is Discomfort | September 1, 2026",2026-09-01 18:30:06+05:30,7732,long,other,False,organic,18,78897,926,231,4383.166666666667,0.014664689405173834,16.34000015258789,7631.47021484375,Normal,Standard,151,
1567,The Ramsey Show,Why Mobile Homes Aren't Worth The Investment,2026-09-01 20:30:05+05:30,44,micro,evergreen,False,organic,18,25164,656,22,1398.0,0.026943252265140678,16.34000015258789,7631.47021484375,Normal,Standard,151,
1568,The Ramsey Show,"Different Outcomes Require Different Choices | September 2, 2026",2026-09-02 18:29:06+05:30,7731,long,undefined,False,organic,17,75787,807,180,4458.058823529412,0.013023341734070487,15.199999809265137,7666.60009765625,Normal,Standard,151,
1569,The Ramsey Show,You Can Disagree with Dave and Still Be Right?,2026-09-03 00:30:21+05:30,90,micro,undefined,False,organic,16,115102,2236,79,7193.875,0.020112595784608434,14.319999694824219,7747.7099609375,Normal,Standard,151,
1570,The Ramsey Show,"You Can't Stumble Your Way Into Financial Freedom | September 3, 2026",2026-09-03 18:29:06+05:30,7708,long,evergreen,False,organic,16,95200,1039,209,5950.0,0.01310924369747899,14.319999694824219,7747.7099609375,Normal,Standard,151,
1571,The Ramsey Show,He's Barely Breaking Even Every Month,2026-09-03 20:30:19+05:30,117,micro,fear,False,organic,16,203486,4321,193,12717.875,0.02218334430869937,14.319999694824219,7747.7099609375,Normal,Standard,151,
1572,The Ramsey Show,"Your Goals Need Numbers, Not Wishes | September 4, 2026",2026-09-04 18:29:06+05:30,7603,long,undefined,False,organic,15,116569,1259,294,7771.266666666666,0.013322581475349364,14.529999732971191,7718.60009765625,Normal,Standard,151,
1573,The Ramsey Show,This Is What Rich People Drive,2026-09-04 20:30:06+05:30,71,micro,evergreen,False,organic,15,113297,1965,76,7553.133333333333,0.0180145987978499,14.529999732971191,7718.60009765625,Normal,Standard,151,
1574,The Ramsey Show,"Was Just Gifted $53,000 and Doesn't Know What To Do",2026-09-05 20:30:14+05:30,78,micro,undefined,False,organic,14,166840,2896,72,11917.142857142857,0.017789498921122034,14.529999732971191,7718.60009765625,Normal,Standard,151,
1575,The Ramsey Show,"Just Laid Off and Short $3,000 Every Month",2026-09-06 20:30:29+05:30,108,micro,undefined,False,organic,13,120697,2562,100,9284.384615384615,0.02205522921033663,14.529999732971191,7718.60009765625,Normal,Standard,151,
1576,The Ramsey Show,"The Right Financial Decision Starts With Understanding the Problem | September 7, 2026",2026-09-07 18:29:06+05:30,7593,long,evergreen,False,organic,12,55539,576,141,4628.25,0.012909847134446066,15.300000190734863,7718.60009765625,Normal,Standard,151,
1577,The Ramsey Show,"Don't Be A Slave To The Lender | September 8, 2026",2026-09-08 18:29:06+05:30,7779,long,undefined,False,organic,11,62961,682,244,5723.727272727273,0.014707517352011562,15.720000267028809,7673.52001953125,Normal,Standard,151,
1578,The Ramsey Show,"Took Out $115,000 Student Loans to Become a Lawyer She Hates It",2026-09-08 20:30:35+05:30,90,micro,evergreen,False,organic,11,95964,2166,100,8724.0,0.02361302154974782,15.720000267028809,7673.52001953125,Normal,Standard,151,
1579,The Ramsey Show,"Short-Term Pain, Long-Term Peace | September 9, 2026",2026-09-09 18:29:06+05:30,7727,long,undefined,False,organic,10,73676,814,202,7367.6,0.01379010804061024,16.459999084472656,7636.35986328125,Normal,Standard,151,
1580,The Ramsey Show,"If You're 19, This Message Is For You",2026-09-09 20:30:31+05:30,106,micro,undefined,False,organic,10,120096,2437,73,12009.6,0.020899946709299226,16.459999084472656,7636.35986328125,Normal,Standard,151,
1581,The Ramsey Show,"You Can’t Hack Your Way Out of Debt | September 10, 2026",2026-09-10 18:29:06+05:30,7689,long,opportunity,False,organic,9,92987,1140,256,10331.888888888889,0.015012851258778109,17.84000015258789,7591.7001953125,Normal,Standard,151,
1582,The Ramsey Show,"He Has $1,000,000 Just Sitting In His Checking Account",2026-09-10 20:30:15+05:30,119,micro,undefined,False,organic,9,741365,14379,376,82373.88888888889,0.01990247718735036,17.84000015258789,7591.7001953125,Normal,Standard,151,
1583,The Ramsey Show,"Normal Money Habits Don’t Build Wealth | September 11, 2026",2026-09-11 18:29:06+05:30,7664,long,evergreen,False,organic,8,102676,1013,364,12834.5,0.013411118469749503,15.84000015258789,7656.97998046875,Normal,Standard,151,
1584,The Ramsey Show,Prioritize Budgeting or His Wife's Happiness?,2026-09-11 20:30:27+05:30,88,micro,undefined,False,organic,8,59251,1164,53,7406.375,0.020539737725945553,15.84000015258789,7656.97998046875,Normal,Standard,151,
1585,The Ramsey Show,"Take a $30,000 Bonus Even Though She Wants To Leave?",2026-09-12 20:30:10+05:30,98,micro,undefined,False,organic,7,219267,3978,73,31323.85714285714,0.018475192345405372,15.84000015258789,7656.97998046875,Normal,Standard,151,
1586,The Ramsey Show,They Make Good Money but Still Broke and in Debt,2026-09-13 20:30:02+05:30,78,micro,other,False,organic,6,67761,1031,31,11293.5,0.01567273210253686,15.84000015258789,7656.97998046875,Normal,Standard,151,
1587,The Ramsey Show,"The Best Return Isn’t Always Money | September 14, 2026",2026-09-14 18:29:07+05:30,7635,long,other,False,organic,5,60690,668,235,12138.0,0.014878892733564015,17.100000381469727,7619.97998046875,Normal,Standard,151,
1588,The Ramsey Show,They Wanted to Retire at 55 But Not Sure They Can,2026-09-14 20:30:32+05:30,98,micro,evergreen,False,organic,5,158057,3543,119,31611.4,0.023168856804823577,17.100000381469727,7619.97998046875,Normal,Standard,151,
1589,The Ramsey Show,"Slow Money Moves Still Matter | September 15, 2026",2026-09-15 18:29:06+05:30,7674,long,other,False,organic,4,65425,668,259,16356.25,0.014168895682078715,17.100000381469727,7619.97998046875,Normal,Standard,151,
1590,The Ramsey Show,Pay It Off or Dump It!,2026-09-15 20:30:31+05:30,87,micro,undefined,False,organic,4,79861,1343,37,19965.25,0.01728002404177258,17.100000381469727,7619.97998046875,Normal,Standard,151,
1591,The Ramsey Show,TRS Post-Show Livestream w/ George & Rachel,2026-09-16 03:18:47+05:30,2245,long,undefined,False,organic,3,27961,512,123,9320.333333333334,0.02271020349772898,,,Normal,Standard,151,
1592,The Ramsey Show,"Wisdom Starts Where Debt Ends | September 16, 2026",2026-09-16 18:29:06+05:30,7721,long,other,False,organic,3,59142,605,256,19714.0,0.01455818200263772,,,Normal,Standard,151,
1593,The Ramsey Show,"Hello Car Dealerships, You're Screwing People",2026-09-16 20:30:03+05:30,81,micro,other,False,organic,3,54351,1231,106,18117.0,0.024599363397177606,,,Normal,Standard,151,
1594,The Ramsey Show,"It’s Time to Face Your Financial Reality | September 17, 2026",2026-09-17 18:29:07+05:30,7717,long,evergreen,False,organic,2,48314,563,240,24157.0,0.01662044127996026,,,Normal,Standard,151,
1595,The Ramsey Show,The Importance of Getting Out of Debt and Investing,2026-09-17 20:30:08+05:30,72,micro,evergreen,False,organic,2,17486,515,9,8743.0,0.029966830607343016,,,Normal,Standard,151,
1596,The Ramsey Show,"Progress Requires Discipline | September 18, 2026",2026-09-18 18:29:06+05:30,7752,long,undefined,False,organic,1,25825,387,105,25825.0,0.0190513068731849,,,Normal,Standard,151,
1597,The Ramsey Show,Personal Finance Problems is a Behavior Problem,2026-09-18 20:30:32+05:30,66,micro,evergreen,False,organic,1,13989,318,5,13989.0,0.02308957037672457,,,Normal,Standard,151,
1598,The Ramsey Show,"Stop Living in Financial Chaos | September 21, 2026",2026-09-19 02:56:08+05:30,0,micro,fear,False,organic,1,0,5,0,0.0,,,,Normal,Standard,151,
1599,The Ramsey Show,What The Fed Raising Interest Rates Means For Your Money,2026-09-19 03:32:46+05:30,92,micro,other,False,organic,1,12467,301,8,12467.0,0.02478543354455763,,,Normal,Standard,151,
1600,Two Cents,Is Airbnb Dying?,2024-03-20 23:10:17+05:30,513,short,undefined,False,organic,913,161183,6236,778,176.5421686746988,0.04351575538363227,13.039999961853027,5224.6201171875,Normal,Standard,151,
1601,Two Cents,Can You Be A Socially Responsible Investor? #money #finacialeducation #finacialgoals #investing,2024-03-27 21:16:26+05:30,58,micro,evergreen,False,organic,906,21106,877,103,23.29580573951435,0.046432294134369376,12.779999732971191,5248.490234375,Normal,Standard,151,
1602,Two Cents,How To Be A Millionaire By Putting Money Into An IRA!  #money #finacialgoals #retirementplanning,2024-04-03 21:23:28+05:30,55,micro,evergreen,False,organic,899,54684,2376,100,60.827586206896555,0.04527832638431717,14.329999923706055,5211.490234375,Normal,Standard,151,
1603,Two Cents,Should I Get An Electric Car?,2024-04-10 21:01:46+05:30,656,medium,other,False,organic,892,200643,8179,1418,224.93609865470853,0.04783122261927902,15.800000190734863,5160.64013671875,Normal,Standard,151,
1604,Two Cents,Why Is College So Expensive? #money #finacialeducation #college #studentloans #studentloandebt,2024-04-19 04:28:20+05:30,58,micro,other,False,organic,883,49317,2469,101,55.85164212910532,0.052111847841515097,18.709999084472656,4967.22998046875,Normal,Standard,151,
1605,Two Cents,Do You Really Own The Stuff You Buy? #finacialeducation #financialliteracy #righttorepair,2024-04-26 02:11:45+05:30,56,micro,undefined,False,organic,876,1861766,165736,5567,2125.3036529680367,0.09201102609028203,15.029999732971191,5099.9599609375,Normal,Standard,151,
1606,Two Cents,Should Undocumented Students Go to College?,2024-05-01 20:43:52+05:30,677,medium,undefined,False,organic,871,56500,2195,424,64.86796785304249,0.04635398230088496,15.390000343322754,5018.39013671875,Normal,Standard,151,
1607,Two Cents,Where Have All The Servers Gone? #money #dining #servers #restaurant,2024-05-08 23:34:37+05:30,58,micro,other,False,organic,864,46920,2139,117,54.30555555555556,0.04808184143222506,13.0,5187.669921875,Normal,Standard,151,
1608,Two Cents,The Dangers of Buying Now & Paying Later! #money #buynow #paylater #finacialeducation,2024-05-15 18:44:10+05:30,56,micro,other,False,organic,857,78742,3701,129,91.88098016336056,0.04863986182723324,12.449999809265137,5308.14990234375,Normal,Urgent,151,
1609,Two Cents,How Rich People Hide Their Money,2024-05-22 20:34:56+05:30,513,short,evergreen,False,organic,850,237501,10776,1086,279.4129411764706,0.04994505286293532,12.289999961853027,5307.009765625,Normal,Standard,151,
1610,Two Cents,How Climate Change Affects Your Wallet! #moneymanagement #climatechange #finacialeducation,2024-06-05 20:18:16+05:30,59,micro,undefined,False,organic,836,16601,873,69,19.857655502392344,0.05674356966447804,12.630000114440918,5354.02978515625,Normal,Standard,151,
1611,Two Cents,Is Passive Income Really a Thing?,2024-06-12 19:56:25+05:30,516,short,evergreen,False,organic,829,267456,12461,870,322.6248492159228,0.04984371261067241,12.039999961853027,5421.02978515625,Normal,Standard,151,
1612,Two Cents,Why Has Buying a Home Become Harder Than Ever? #realestate #buyingahome #homeprices,2024-06-20 18:55:02+05:30,60,micro,other,False,organic,821,76518,3565,236,93.20097442143727,0.04967458637183408,13.279999732971191,5473.169921875,Normal,Standard,151,
1613,Two Cents,Wanna Get Out of Debt? Try the Snowball Method! #finacialeducation #money #debt #debtfree,2024-06-26 19:50:49+05:30,61,micro,other,False,organic,815,246930,13678,255,302.9815950920245,0.056424897744300005,12.550000190734863,5477.89990234375,Normal,Standard,151,
1614,Two Cents,How To Save Money Grocery Shopping! #inflation #groceryshopping #savingmoney,2024-07-03 18:59:57+05:30,60,micro,evergreen,False,organic,808,100224,5269,208,124.03960396039604,0.054647589399744574,12.09000015258789,5537.02001953125,Normal,Standard,151,
1615,Two Cents,Is There a Better Way to Measure the Economy?,2024-07-10 19:26:52+05:30,430,short,other,False,organic,801,53846,2656,236,67.2234706616729,0.05370872488207109,12.850000381469727,5633.91015625,Normal,Standard,151,
1616,Two Cents,Is AirBnB Dying?? #money #shorttermrentals #airbnb #passiveincome,2024-07-18 02:17:43+05:30,61,micro,other,False,organic,793,280576,11776,533,353.81588902900376,0.0438704664689781,15.930000305175781,5544.58984375,Normal,Standard,151,
1617,Two Cents,Are You Financially Supporting Your Family? #1stgeneration #immigrants #familyfinance #moneymindset,2024-07-24 20:52:31+05:30,59,micro,undefined,False,organic,787,39065,2052,49,49.637865311308765,0.05378215794189172,18.040000915527344,5427.1298828125,Normal,Standard,151,
1618,Two Cents,Is Remote Work Good for Me?,2024-07-31 20:47:27+05:30,433,short,undefined,False,organic,780,99581,4240,400,127.66794871794872,0.04659523403058816,16.360000610351562,5522.2998046875,Normal,Standard,151,
1619,Two Cents,Are You Paying the Same Price As Everyone Else? #money #moneymindset #savinghacks,2024-08-07 22:51:54+05:30,50,micro,other,False,organic,773,116172,8156,237,150.28719275549807,0.07224632441552181,27.850000381469727,5199.5,Volatile,Standard,152,
1620,Two Cents,How to Pay Off Your Student Loan! #moneymanagement #college #studentdebt #debtmanagement,2024-08-16 06:03:57+05:30,61,micro,evergreen,False,organic,764,16359,748,26,21.412303664921467,0.04731340546488172,14.800000190734863,5554.25,Normal,Standard,153,
1621,Two Cents,Why You Can't Sell Your Organs!,2024-08-21 21:45:55+05:30,472,short,undefined,False,organic,759,50163,2178,230,66.0909090909091,0.04800350856208759,16.270000457763672,5620.85009765625,Normal,Standard,153,
1622,Two Cents,How to Ask For a Raise! #money #job #work #moneymindset,2024-08-29 22:11:55+05:30,56,micro,evergreen,False,organic,751,22395,1175,38,29.8202396804261,0.054163875865148474,15.649999618530273,5591.9599609375,Normal,Standard,153,
1623,Two Cents,Should You Be Putting Your Money in a Roth IRA? #money #rothira #taxes #investing,2024-09-04 22:50:31+05:30,52,micro,evergreen,False,organic,745,28995,1613,61,38.919463087248324,0.05773409208484222,21.31999969482422,5520.06982421875,Volatile,Standard,154,
1624,Two Cents,What’s the Safest Way To Invest in the Stock Market? #investing #stocks #mutualfunds #stockmarket,2024-09-12 02:46:43+05:30,51,micro,evergreen,False,organic,737,26506,1384,37,35.96472184531886,0.053610503282275714,17.06999969482422,5595.759765625,Normal,Standard,155,
1625,Two Cents,Why You Probably Won't Inherit Anything!,2024-09-18 20:32:56+05:30,509,short,undefined,False,organic,731,250632,8080,1529,342.86183310533517,0.038339078808771423,18.229999542236328,5618.259765625,Normal,Standard,155,
1626,Two Cents,Do You Have a Money Disorder? #money #moneymindset #moneymanagement #moneymaking,2024-09-26 02:14:50+05:30,60,micro,other,False,organic,723,96121,8114,184,132.94744121715075,0.08632868988046316,15.369999885559082,5745.3701171875,Normal,Standard,155,
1627,Two Cents,The Truth Behind Sports Betting,2024-10-09 19:43:51+05:30,608,medium,evergreen,False,organic,710,77518,3450,389,109.18028169014084,0.04952398152687118,20.860000610351562,5792.0400390625,Volatile,Standard,156,
1628,Two Cents,How To Build Credit When You Have None! #money #creditcard #creditrepair #creditscore #credit,2024-10-17 08:31:52+05:30,57,micro,evergreen,False,organic,702,20437,1110,38,29.112535612535613,0.05617262807652786,19.110000610351562,5841.47021484375,Normal,Standard,157,
1629,Two Cents,Should You Remodel A Place You Rent? #rental #remodeling #renter #homedecor #homedesign,2024-10-24 07:44:56+05:30,61,micro,undefined,False,organic,695,15742,722,19,22.650359712230216,0.04707152839537543,19.079999923706055,5809.85986328125,Normal,Standard,157,
1630,Two Cents,Is Remote Work Good For The Economy? #remotework #remotejobs #economy #workfromhome #wfhproblems,2024-10-31 20:11:31+05:30,58,micro,other,False,organic,688,64382,3251,194,93.57848837209302,0.053508744680190116,23.15999984741211,5705.4501953125,Volatile,Standard,158,
1631,Two Cents,Investing 101: Futures and Options,2024-11-06 20:06:48+05:30,548,short,evergreen,False,organic,682,53215,2904,153,78.02785923753666,0.05744620877572113,16.270000457763672,5929.0400390625,Normal,Standard,159,
1632,Two Cents,A Big Change to Home Prices You Haven’t Heard Of! #realestate #realestatecommission,2024-11-22 08:14:56+05:30,60,micro,other,False,organic,666,126528,6031,240,189.981981981982,0.04956215225088518,15.239999771118164,5969.33984375,Normal,Standard,159,
1633,Two Cents,How to Avoid Medical Debt!,2024-11-27 20:17:45+05:30,648,medium,evergreen,False,organic,661,69616,3307,497,105.31921331316188,0.054642610894047344,14.100000381469727,5998.740234375,Normal,Standard,159,
1634,Two Cents,Do You Have Significant Medical Debt? #money #healthcare #healthinsurance #debt,2024-12-16 02:56:01+05:30,57,micro,other,False,organic,642,24350,1246,91,37.92834890965732,0.05490759753593429,14.6899995803833,6074.080078125,Normal,Standard,159,
1635,Two Cents,How Dating Apps String You Along,2024-12-18 20:04:16+05:30,569,short,undefined,False,organic,640,85383,3606,416,133.4109375,0.04710539568766616,27.6200008392334,5872.16015625,Volatile,Standard,160,
1636,Two Cents,Will the AI Bubble Burst?,2025-01-15 22:14:24+05:30,412,short,fear,False,organic,612,104352,4340,377,170.50980392156862,0.04520277522232444,16.1200008392334,5949.91015625,Normal,Standard,161,
1637,Two Cents,How Well Did Tariffs Work in Trump’s First Term? #finance #tariff #economy #tariffs #tariffimpact,2025-02-05 20:39:42+05:30,58,micro,evergreen,False,organic,591,1360741,49562,2961,2302.4382402707274,0.03859882225934252,15.770000457763672,6061.47998046875,Normal,Standard,161,
1638,Two Cents,"Tariffs, Explained By PBS",2025-02-12 20:35:54+05:30,627,medium,evergreen,False,organic,584,207682,9206,1113,355.61986301369865,0.04968653999865179,15.890000343322754,6051.97021484375,Normal,Standard,161,
1639,Two Cents,Are You A Victim of Illegal Rent Fixing? #rent #rentner #finance #rentalmarket #money,2025-02-27 00:23:15+05:30,59,micro,evergreen,False,organic,569,22759,1173,37,39.99824253075571,0.053165780570323826,21.1299991607666,5861.56982421875,Volatile,Standard,162,
1640,Two Cents,Why Your Boss Wants to Hide Your Salary!,2025-03-05 19:47:52+05:30,433,short,evergreen,False,organic,563,117970,4730,298,209.53818827708704,0.042621005340340766,21.93000030517578,5842.6298828125,Volatile,Standard,162,
1641,Two Cents,Why Companies Are Being Forced to Disclose Pay! #money #income  #employment #employees #salary #pay,2025-03-12 21:04:11+05:30,60,micro,evergreen,False,organic,556,26462,1315,57,47.593525179856115,0.05184793288489154,24.229999542236328,5599.2998046875,Volatile,Standard,162,
1642,Two Cents,How Cheap TVs Made Healthcare Unaffordable!,2025-03-26 18:10:45+05:30,423,short,undefined,False,organic,542,146888,6950,610,271.0110701107011,0.05146778497903164,18.329999923706055,5712.2001953125,Normal,Standard,163,
1643,Two Cents,Is China Decimating the U.S. in Renewable Energy? #china #globalwarming #renewableenergy,2025-04-09 21:13:09+05:30,85,micro,other,False,organic,528,38297,1330,93,72.53219696969697,0.03715695746403112,33.619998931884766,5456.89990234375,Volatile,Standard,164,
1644,Two Cents,Are You Ready for a Recession?,2025-04-16 23:35:19+05:30,496,short,fear,False,organic,521,202132,10376,1065,387.9692898272553,0.05660162665980646,32.63999938964844,5275.7001953125,Volatile,Standard,164,1.0
1645,Two Cents,Is Your Tax Refund Smaller Than You Expected? #taxes #taxrefund #irs #refundmoney #money,2025-04-30 23:22:04+05:30,43,micro,evergreen,False,organic,507,35579,835,22,70.17554240631164,0.02408724247449338,24.700000762939453,5569.06005859375,Volatile,Standard,164,
1646,Two Cents,Banking Scams Just Got a Lot Easier,2025-05-07 18:57:37+05:30,446,short,other,False,organic,500,105672,7640,600,211.344,0.07797713680066622,23.549999237060547,5631.27978515625,Volatile,Standard,164,
1647,Two Cents,Do You Have Federal Student Loans in Default?#studentloans #studentloandebt #debt #studentlife,2025-05-14 20:05:35+05:30,73,micro,evergreen,False,organic,493,18574,694,45,37.675456389452336,0.039786798750942175,18.6200008392334,5892.580078125,Normal,Standard,165,
1648,Two Cents,You Aren't Using These Sneaky Budget Tricks,2025-05-28 19:22:42+05:30,667,medium,opportunity,False,organic,479,155307,7192,338,324.23173277661795,0.048484614344491875,19.309999465942383,5888.5498046875,Normal,Standard,165,
1649,Two Cents,Are You Prepared for a Recession?  #recession #recessionfears #economiccrisis #economicdownturn,2025-06-11 20:28:49+05:30,66,micro,fear,False,organic,465,57400,1966,68,123.44086021505376,0.03543554006968641,17.260000228881836,6022.240234375,Normal,Standard,165,
1650,Two Cents,Car Insurance Companies Are Ripping You Off,2025-06-18 18:02:35+05:30,420,short,other,False,organic,458,82315,3309,282,179.72707423580786,0.043625098706189636,20.139999389648438,5980.8701171875,Volatile,Standard,166,
1651,Two Cents,Is the U.S. Penny Going Extinct? #penny #money #currency #coins #coincollecting #economy,2025-07-02 19:16:36+05:30,65,micro,other,False,organic,444,50444,1475,116,113.61261261261261,0.03153992546189834,16.639999389648438,6227.419921875,Normal,Standard,167,
1652,Two Cents,Don't Fall For These Brand New Scams,2025-07-09 19:03:44+05:30,421,short,undefined,False,organic,437,46950,2240,218,107.4370709382151,0.05235356762513312,15.9399995803833,6263.259765625,Normal,Standard,167,
1653,Two Cents,A Sneaky New Trick Banks Are Pulling on Their Customers!  #bankaccount #savings #moneytok,2025-07-23 23:20:57+05:30,73,micro,opportunity,False,organic,423,129928,5280,230,307.1583924349882,0.04240810294932578,15.369999885559082,6358.91015625,Normal,Standard,167,
1654,Two Cents,"How ""No Tax on Tips"" Could Backfire",2025-07-30 21:16:40+05:30,401,short,evergreen,False,organic,416,125707,5876,1198,302.18028846153845,0.05627371586307843,15.479999542236328,6362.89990234375,Normal,Standard,167,
1655,Two Cents,Do YOU Have Student Loans?!?! Watch THIS!!!#studentloans #studentloandebt #debt #studentdebt,2025-08-07 02:40:24+05:30,53,micro,evergreen,False,organic,408,106263,4246,976,260.4485294117647,0.049142222598646756,16.56999969482422,6340.0,Normal,Standard,167,
1656,Two Cents,Why is Trump FIGHTING with the Fed?!?!!? #fedchair #trumpnews #economy #financenews #news,2025-08-13 23:06:24+05:30,82,micro,evergreen,False,organic,402,26315,1383,75,65.46019900497512,0.055405662169865096,14.489999771118164,6466.580078125,Normal,Standard,167,
1657,Two Cents,Is the U.S. Dollar Losing Value a Good Thing? #economy #usdollar #finance #money,2025-08-20 21:46:41+05:30,75,micro,evergreen,False,organic,395,55165,1822,173,139.65822784810126,0.03616423456902021,15.6899995803833,6395.77978515625,Normal,Standard,167,
1658,Two Cents,The Dollar Is Losing Value. Now What?,2025-08-27 19:05:30+05:30,517,short,other,False,organic,388,95410,3942,449,245.9020618556701,0.04602242951472592,14.850000381469727,6481.39990234375,Normal,Urgent,167,
1659,Two Cents,Is Sports Betting DESTROYING Your Credit? #sportsbetting #sportsgambling #creditscore #bankruptcy,2025-09-03 19:09:45+05:30,66,micro,fear,False,organic,381,17934,764,67,47.07086614173228,0.04633656741385079,16.350000381469727,6448.259765625,Normal,Standard,167,
1660,Two Cents,Did the A.I. Bubble Burst? #aibubble #nvidia #stockmarket #investing,2025-09-10 22:56:49+05:30,63,micro,fear,False,organic,374,45520,1282,45,121.71122994652407,0.02915202108963093,15.350000381469727,6532.0400390625,Normal,Standard,167,
1661,Two Cents,"How ""Learn to Code"" Backfired on a Whole Generation",2025-09-17 20:09:15+05:30,481,short,undefined,False,organic,367,598892,27063,2476,1631.858310626703,0.0493227493437882,15.720000267028809,6600.35009765625,Normal,Standard,167,
1662,Two Cents,Simple Ways to Lower Your Car Insurance #carinsurance #finance #savemoney #carlifeinsurance,2025-09-24 20:59:07+05:30,90,micro,evergreen,False,organic,360,21423,792,28,59.50833333333333,0.038276618587499416,16.18000030517578,6637.97021484375,Normal,Standard,167,
1663,Two Cents,Is Cutting Out the Middleman a Smart Idea? #finance #business #middlemen #economics,2025-10-01 22:05:34+05:30,73,micro,evergreen,False,organic,353,37495,1466,85,106.21813031161473,0.041365515402053604,16.290000915527344,6711.2001953125,Normal,Standard,167,
1664,Two Cents,What If Landlords Were Illegal?,2025-10-08 19:14:44+05:30,531,short,undefined,False,organic,346,56932,2724,690,164.54335260115607,0.05996627555680461,16.299999237060547,6753.72021484375,Normal,Standard,167,
1665,Two Cents,How No Tax on Tips Could Backfire! #money #notaxontips #taxes #economy,2025-10-15 20:14:35+05:30,80,micro,evergreen,False,organic,339,59376,1931,178,175.1504424778761,0.035519401778496364,20.639999389648438,6671.06005859375,Volatile,Standard,168,
1666,Two Cents,What $50 of Groceries Gets You in 2025 vs. 2015! #groceryshopping #economy #inflation #foodprice,2025-10-22 19:57:20+05:30,62,micro,other,False,organic,332,94804,3099,173,285.5542168674699,0.034513311674612884,18.600000381469727,6699.39990234375,Normal,Standard,169,
1667,Two Cents,The Weirdest Ways to Predict A Recession,2025-10-29 18:40:48+05:30,603,medium,fear,False,organic,325,204072,10437,765,627.9138461538462,0.054892390920851464,16.920000076293945,6890.58984375,Normal,Standard,169,
1668,Two Cents,How Bad Money Drives Out Good Money #economy #money #coin #cash,2025-11-05 19:49:03+05:30,75,micro,other,False,organic,318,315781,7255,107,993.0220125786163,0.02331362558228646,18.010000228881836,6796.2900390625,Normal,Standard,169,
1669,Two Cents,Is There a BLACKLIST for Chronic Returners? @monarch_money #money #onlineshopping,2025-11-12 21:56:31+05:30,104,micro,other,False,organic,311,91251,4459,228,293.411575562701,0.05136382067045841,17.510000228881836,6850.919921875,Normal,Standard,169,
1670,Two Cents,"How ""Job Hugging"" Could Tank Your Career",2025-11-19 20:13:04+05:30,518,short,undefined,False,organic,304,133035,5741,480,437.61513157894734,0.046762130266471226,23.65999984741211,6642.16015625,Volatile,Standard,170,
1671,Two Cents,Is now a good time to buy a home?,2025-11-26 20:41:26+05:30,48,micro,other,False,organic,297,106556,2254,152,358.7744107744108,0.022579676414279815,17.190000534057617,6812.60986328125,Normal,Urgent,171,
1672,Two Cents,Are Luxury Brands Really Worth It? #brand #luxurylifestyle #shopping #financialliteracy,2025-12-03 19:45:17+05:30,71,micro,evergreen,False,organic,290,75540,3007,161,260.48275862068965,0.04193804606830818,16.079999923706055,6849.72021484375,Normal,Standard,171,
1673,Two Cents,Can Losing Sleep = Losing Money?      #moneytips #sleep #wagegrowth,2025-12-10 19:24:44+05:30,78,micro,fear,False,organic,283,35783,1940,57,126.4416961130742,0.05580862420702568,15.770000457763672,6886.68017578125,Normal,Standard,171,
1674,Two Cents,"Why Gift Cards Are Good For Stores, Bad For You",2025-12-17 21:37:28+05:30,469,short,undefined,False,organic,276,125087,4174,404,453.213768115942,0.036598527424912264,17.6200008392334,6721.43017578125,Normal,Standard,171,
1675,Two Cents,Are Credit Card Points Really Worth It? #creditcard #creditcardpoints #creditcardperks,2025-12-29 20:21:11+05:30,69,micro,evergreen,False,organic,264,111006,3384,155,420.47727272727275,0.031881159576959806,14.199999809265137,6905.740234375,Normal,Standard,171,
1676,Two Cents,Should You Pay Off Your Cell Phone Early? #cellphone #phone #debt #debtfreecommunity,2026-01-07 19:41:35+05:30,62,micro,other,False,organic,255,79975,2476,128,313.62745098039215,0.03256017505470459,15.380000114440918,6920.93017578125,Normal,Standard,171,
1677,Two Cents,Are Microtrends Making You Poor? #fastfashion #labubu #trendsetter #financialliteracy #savemoney,2026-01-14 19:41:46+05:30,79,micro,undefined,False,organic,248,35076,1520,59,141.43548387096774,0.04501653552286464,16.75,6926.60009765625,Normal,Standard,171,
1678,Two Cents,Interest Rates Were Cut! Now What? #interestrates  #homebuyers #carbuying #creditcarddebt #economy,2026-01-21 19:33:39+05:30,98,micro,other,False,organic,241,45889,1550,58,190.41078838174275,0.03504107738237922,16.899999618530273,6875.6201171875,Normal,Urgent,171,
1679,Two Cents,Is Giving Gift Cards A BAD idea? #giftideas #giftcards #retail #gift  #financialliteracy,2026-01-28 20:12:26+05:30,104,micro,undefined,False,organic,234,19584,710,23,83.6923076923077,0.037428513071895424,16.350000381469727,6978.02978515625,Normal,Standard,171,
1680,Two Cents,A Strange Plan to Lower Your Electric Bill,2026-02-11 19:25:58+05:30,616,medium,undefined,False,organic,220,75314,3330,254,342.3363636363636,0.047587433943224365,17.649999618530273,6941.47021484375,Normal,Standard,171,
1681,Two Cents,A Health Insurance Bomb Just Went Off! #healthinsurance #healthcare #financialliteracy,2026-02-18 19:19:11+05:30,76,micro,undefined,False,organic,213,42699,1501,147,200.46478873239437,0.038595751656947466,19.6200008392334,6881.31005859375,Normal,Standard,171,
1682,Two Cents,We Bought An AI Product To Explain Why Online Shopping Is Broken,2026-03-11 19:56:13+05:30,602,medium,evergreen,False,organic,192,259077,4183,398,1349.359375,0.01768200187589018,24.229999542236328,6775.7998046875,Volatile,Standard,172,
1683,Two Cents,Is a 50 Year Mortgage a GOOD Idea? #investing #50yearmortgage #mortgage #homebuyers  #homebuying,2026-03-18 18:45:54+05:30,64,micro,evergreen,False,organic,185,48243,1230,100,260.772972972973,0.027568766453164188,25.09000015258789,6624.7001953125,Volatile,Standard,172,
1684,Two Cents,Most People Haven't Heard of These Tax Breaks,2026-04-08 18:39:06+05:30,601,medium,evergreen,False,organic,164,116741,2202,212,711.8353658536586,0.02067825356986834,21.040000915527344,6782.81005859375,Volatile,Standard,172,
1685,Two Cents,The Hidden Disparity in Rising Gas Prices  #gasprices #gaspriceincrease  #fuelpricehike #economy,2026-04-15 19:45:51+05:30,83,micro,other,False,organic,157,54613,2281,163,347.85350318471336,0.0447512497024518,18.170000076293945,7022.9501953125,Normal,Standard,173,
1686,Two Cents,What They Don't Want You To Know About Rent Control,2026-05-06 22:11:59+05:30,609,medium,undefined,False,organic,136,71927,3616,939,528.875,0.06332809654232764,17.389999389648438,7365.1201171875,Normal,Standard,173,
1687,Two Cents,Is Gen Z Destroying the Restaurant Industry? #restaurant #genzmoney #genz #economy #foodshorts,2026-05-13 17:47:03+05:30,81,micro,other,False,organic,129,488163,26870,3638,3784.2093023255816,0.06249551891478871,17.8700008392334,7444.25,Normal,Standard,173,
1688,Two Cents,What Prediction Markets Don't Want You to Know,2026-06-03 18:16:12+05:30,692,medium,other,False,organic,108,110894,3833,282,1026.7962962962963,0.03710750807077028,16.059999465942383,7553.68017578125,Normal,Standard,173,
1689,Two Cents,Why Subscriptions are IMPOSSIBLE to CANCEL! #streamers #subscriptionservices,2026-06-10 20:46:23+05:30,76,micro,undefined,False,organic,101,21743,855,69,215.27722772277227,0.04249643563445707,22.219999313354492,7266.990234375,Volatile,Standard,174,
1690,Two Cents,The Real Reason Companies Are Shedding Workers,2026-06-17 18:30:18+05:30,530,short,other,False,organic,94,278427,9802,740,2961.9893617021276,0.03786270728054391,18.440000534057617,7420.10009765625,Normal,Standard,175,
1691,Two Cents,Beware of the DOUBLE DEBT Trap!!! #debt #personalloan #personalfinance #money #loan,2026-06-24 19:43:56+05:30,73,micro,fear,False,organic,87,73649,3256,79,846.5402298850574,0.045282352781436275,18.6299991607666,7358.22021484375,Normal,Standard,175,
1692,Two Cents,Should You Be Allowed To Buy a Chinese Car?,2026-07-01 19:15:55+05:30,498,short,other,False,organic,80,83471,3975,912,1043.3875,0.058547279893615745,16.59000015258789,7483.22998046875,Normal,Standard,175,
1693,Two Cents,The BIG Problem with Prediction Markets,2026-07-08 20:26:35+05:30,83,micro,other,False,organic,73,42932,1784,56,588.1095890410959,0.042858473865648,16.899999618530273,7482.7099609375,Normal,Standard,175,
1694,Two Cents,Why No One Wants to Hire Gen Z,2026-07-29 18:50:02+05:30,569,short,evergreen,False,organic,52,171452,5797,879,3297.153846153846,0.03893801180505331,20.65999984741211,7316.14990234375,Volatile,Standard,176,
1695,Two Cents,Travel Scams are on the Rise! #travel #travelsmart #moneymindset #financialliteracy,2026-08-05 17:59:40+05:30,72,micro,undefined,False,organic,45,33555,1350,54,745.6666666666666,0.04184175234689316,15.8100004196167,7723.5498046875,Normal,Standard,177,
1696,Two Cents,The Hidden Financial System That Controls Your Life,2026-08-26 19:30:59+05:30,594,short,evergreen,False,organic,24,140810,3698,249,5867.083333333333,0.028030679639230168,15.210000038146973,7675.7001953125,Normal,Standard,177,
1697,Two Cents,Why are terms and conditions so lopsided?,2026-09-02 19:23:52+05:30,87,micro,undefined,False,organic,17,16047,636,19,943.9411764705883,0.04081759830497912,15.199999809265137,7666.60009765625,Normal,Standard,177,
1698,Two Cents,The WORST Financial Advice on the Internet,2026-09-09 18:26:56+05:30,439,short,fear,False,organic,10,255594,4581,431,25559.4,0.019609224003693356,16.459999084472656,7636.35986328125,Normal,Standard,177,
1699,Two Cents,Why You CAN’T Buy a Chinese Car in the U.S. #carpurchase #financialliteracy #americaneconomy,2026-09-16 17:34:59+05:30,92,micro,other,False,organic,3,42492,1187,176,14164.0,0.032076626188459,,,Normal,Standard,177,
